Handle,Title,Body (HTML),Vendor,Product Category,Type,Tags,Published,Option1 Name,Option1 Value,Option2 Name,Option2 Value,Option3 Name,Option3 Value,Variant SKU,Variant Grams,Variant Inventory Tracker,Variant Inventory Qty,Variant Inventory Policy,Variant Fulfillment Service,Variant Price,Variant Compare At Price,Variant Requires Shipping,Variant Taxable,Variant Barcode,Image Src,Image Position,Image Alt Text,Gift Card,SEO Title,SEO Description,Variant Image,Variant Weight Unit,Variant Tax Code,Cost per item,Price / International,Compare At Price / International,Status
always-an-optimist-4-in-1-mist-translucent,Always an Optimist 4-In-1 Mist,"An ultra-fine, all-in-one face mist packed with skin-loving ingredients to hydrate, prime, set, and refresh for an uplifting glow-boost that lasts.",Rare Beauty,,Setting Spray,"Coverage: Light, Finish: Radiant, non-returnable, Shop Sephora, vb",TRUE,Title,Default Title,,,,,FGPAOM0001F3,140,,0,deny,manual,30.00,,TRUE,TRUE,840122901478,https://cdn.shopify.com/s/files/1/0314/1143/7703/products/4-IN-1-MIST-SKU-1_c9988cd0-b4d3-4fb7-b9e2-5e3a36bf5d05.jpg?v=1762200384,1,,,,,,g,,,,,active
always-an-optimist-4-in-1-mist-translucent,,,,,,,,,,,,,,,,,,,,,,,,,https://cdn.shopify.com/s/files/1/0314/1143/7703/products/4-IN-1-MIST-SKU-2_08404cf1-d795-4dd9-b332-f2e6a463becd.jpg?v=1598637698,2,,,,,,,,,,,
blot-glow-blotting-paper-refill-100ct,Blot & Glow Blotting Paper Refill,<p>This 100-pack of blotting sheets gently absorbs excess oil while keeping makeup in place.</p>,Rare Beauty,,Finishing Powder,"Finish: Radiant, non-returnable, Shop Sephora, vb",TRUE,Title,Default Title,,,,,FGPBGR0002F1,14,,0,deny,manual,5.00,,TRUE,TRUE,840122901461,https://cdn.shopify.com/s/files/1/0314/1143/7703/products/BLOT-GLOW-PAPER-REFILL-SKU-1_d203bcd8-bd7a-43c9-8b53-3e9c1a0f050c.jpg?v=1762200385,1,,,,,,g,,,,,active
blot-glow-blotting-paper-refill-100ct,,,,,,,,,,,,,,,,,,,,,,,,,https://cdn.shopify.com/s/files/1/0314/1143/7703/products/BLOT-GLOW-PAPER-REFILL-SKU-2_558bd9ba-3652-43a3-bca1-b62cc6334f23.jpg?v=1598638143,2,,,,,,,,,,,
liquid-touch-concealer-brush,Liquid Touch Concealer Brush,A concealer brush with uniquely sculpted bristles and a pointed tip for precise coverage.,Rare Beauty,,Brushes,"non-returnable, Shop Sephora",TRUE,Title,Default Title,,,,,FGPLCB0001F3,0,,0,deny,manual,20.00,,TRUE,TRUE,840122901423,https://cdn.shopify.com/s/files/1/0314/1143/7703/products/CONCEALER-BRUSH-SKU-1_ed7341ff-1a87-45fc-b6e2-1e2ffb08a96f.jpg?v=1762200387,1,,,,,,g,,,,,active
liquid-touch-concealer-brush,,,,,,,,,,,,,,,,,,,,,,,,,https://cdn.shopify.com/s/files/1/0314/1143/7703/products/CONCEALER-BRUSH-SKU-2_61026cb1-95b7-4252-9e1b-ecae63f8e0ad.jpg?v=1598638607,2,,,,,,,,,,,
liquid-touch-foundation-brush,Liquid Touch Foundation Brush,"A foundation brush packed with soft, silky bristles that build, blend, and buff.",Rare Beauty,,Brushes,"non-returnable, Shop Sephora",TRUE,Title,Default Title,,,,,FGPLFB0001F3,0,,0,deny,manual,30.00,,TRUE,TRUE,840122901409,https://cdn.shopify.com/s/files/1/0314/1143/7703/products/FOUNDATION-BRUSH-SKU-1_b4e67510-3fda-4ca6-a72a-e7b955d788a8.jpg?v=1762200389,1,,,,,,g,,,,,active
liquid-touch-foundation-brush,,,,,,,,,,,,,,,,,,,,,,,,,https://cdn.shopify.com/s/files/1/0314/1143/7703/products/FOUNDATION-BRUSH-SKU-3_b8058a6f-761c-44e6-aeba-025bc259f3ff.jpg?v=1598638646,2,,,,,,,,,,,
perfect-strokes-matte-liquid-liner-black,Perfect Strokes Matte Liquid Liner - Black,"An easy-glide, waterproof liquid eyeliner with up to 800 vegan bristles to lay down long-lasting, ultra-black lines with perfect precision every time.",Rare Beauty,,Eyeliner,"Finish: Matte, non-returnable, Shop Sephora",TRUE,Title,Default Title,,,,,FGPPSL0001F3,0,,0,deny,manual,22.00,,TRUE,TRUE,840122901485,https://cdn.shopify.com/s/files/1/0314/1143/7703/products/LIQUID_LINER-SKU-1.jpg?v=1762200389,1,,,,,,g,,,,,active
perfect-strokes-matte-liquid-liner-black,,,,,,,,,,,,,,,,,,,,,,,,,https://cdn.shopify.com/s/files/1/0314/1143/7703/products/LIQUID_LINER_SKU-2.jpg?v=1630031335,2,,,,,,,,,,,
perfect-strokes-matte-liquid-liner-black,,,,,,,,,,,,,,,,,,,,,,,,,https://cdn.shopify.com/s/files/1/0314/1143/7703/products/eyeliner-swatch-black_1440x1952_14775cf1-61f5-4b6e-b874-64dc10e16517.png?v=1685667236,3,,,,,,,,,,,
perfect-strokes-matte-liquid-liner-black,,,,,,,,,,,,,,,,,,,,,,,,,https://cdn.shopify.com/s/files/1/0314/1143/7703/products/LIQUID_LINER_SKU-3.jpg?v=1685667236,4,,,,,,,,,,,
always-an-optimist-illuminating-primer,Always An Optimist Illuminating Primer Mini,"<p>A cooling, water-based gel primer that smoothes, hydrates, and illuminates skin, prepping you for makeup that looks and feels its best all day.</p>",Rare Beauty,,Primer,"Finish: Radiant, non-returnable, Shop Sephora",TRUE,Title,Default Title,,,,,FGPAOP0001M2,45,,0,deny,manual,17.00,,TRUE,TRUE,840122901492,https://cdn.shopify.com/s/files/1/0314/1143/7703/products/ILLUMINATING-PRIMER-15ML-SKU-1_7e9ce0ad-6653-44b1-a07f-a6abb192164d.jpg?v=1762200487,1,,,,,,g,,,,,active
always-an-optimist-illuminating-primer,,,,,,,,,,,,,,,,,,,,,,,,,https://cdn.shopify.com/s/files/1/0314/1143/7703/products/ILLUMINATING-PRIMER-15ML-SKU-2_78cd5f7a-9752-48a1-84a5-585cb7d2f816.jpg?v=1598639583,2,,,,,,,,,,,
always-an-optimist-illuminating-primer,,,,,,,,,,,,,,,,,,,,,,,,,https://cdn.shopify.com/s/files/1/0314/1143/7703/products/illuminating-primer-swatch-1440x1952_ea1e29de-de9f-42a7-8df5-187f3eeca4cd.jpg?v=1751315809,3,,,,,,,,,,,
lip-souffle-matte-lip-cream,Lip Soufflé Matte Lip Cream,"<p>An air-whipped lip cream that hugs lips with rich, melted-in color and nourishing hydration that won’t weigh you down.</p>",Rare Beauty,,Lip Cream,"Finish: Matte, non-returnable, Shop Sephora",TRUE,Shade,Ascend,,,,,FGPLSC0007F2,0,,0,deny,manual,20.00,,TRUE,TRUE,840122900259,https://cdn.shopify.com/s/files/1/0314/1143/7703/products/Lip-Souffle-COURAGE-SKU.jpg?v=1762200488,1,,,,,,g,,,,,active
lip-souffle-matte-lip-cream,,,,,,,,,,,,,,,,,,,,,,,,,https://cdn.shopify.com/s/files/1/0314/1143/7703/products/Lip-Souffle-BRAVE-SKU.jpg?v=1666330709,2,,,,,,,,,,,
lip-souffle-matte-lip-cream,,,,,,,,,,,,,,,,,,,,,,,,,https://cdn.shopify.com/s/files/1/0314/1143/7703/products/Lip-Souffle-FEARLESS-SKU.jpg?v=1666330709,3,,,,,,,,,,,
lip-souffle-matte-lip-cream,,,,,,,,,,,,,,,,,,,,,,,,,https://cdn.shopify.com/s/files/1/0314/1143/7703/products/Lip-Souffle-THRILLING-SKU.jpg?v=1666330709,4,,,,,,,,,,,
lip-souffle-matte-lip-cream,,,,,,,,,,,,,,,,,,,,,,,,,https://cdn.shopify.com/s/files/1/0314/1143/7703/products/Lip-Souffle-MOTIVATE-SKU.jpg?v=1666330709,5,,,,,,,,,,,
lip-souffle-matte-lip-cream,,,,,,,,,,,,,,,,,,,,,,,,,https://cdn.shopify.com/s/files/1/0314/1143/7703/products/Lip-Souffle-INSPIRE-SKU.jpg?v=1666330709,6,,,,,,,,,,,
lip-souffle-matte-lip-cream,,,,,,,,,,,,,,,,,,,,,,,,,https://cdn.shopify.com/s/files/1/0314/1143/7703/products/Lip-Souffle-ASCEND-SKU.jpg?v=1666330709,7,,,,,,,,,,,
lip-souffle-matte-lip-cream,,,,,,,,,,,,,,,,,,,,,,,,,https://cdn.shopify.com/s/files/1/0314/1143/7703/products/Lip-Souffle-ENERGIZE-SKU.jpg?v=1666330709,8,,,,,,,,,,,
lip-souffle-matte-lip-cream,,,,,,,,,,,,,,,,,,,,,,,,,https://cdn.shopify.com/s/files/1/0314/1143/7703/products/Lip-Souffle-STRENGTHEN-SKU.jpg?v=1666330709,9,,,,,,,,,,,
lip-souffle-matte-lip-cream,,,,,,,,,,,,,,,,,,,,,,,,,https://cdn.shopify.com/s/files/1/0314/1143/7703/products/Lip-Souffle-HEROIC-SKU.jpg?v=1666330709,10,,,,,,,,,,,
lip-souffle-matte-lip-cream,,,,,,,,,,,,,,,,,,,,,,,,,https://cdn.shopify.com/s/files/1/0314/1143/7703/products/Lip-Souffle-TRANSFORM-SKU.jpg?v=1666330709,11,,,,,,,,,,,
lip-souffle-matte-lip-cream,,,,,,,,,,,,,,,,,,,,,,,,,https://cdn.shopify.com/s/files/1/0314/1143/7703/products/Lip-Souffle-DARING-SKU.jpg?v=1666330709,12,,,,,,,,,,,
lip-souffle-matte-lip-cream,,,,,,,,,,,,,,,,,,,,,,,,,https://cdn.shopify.com/s/files/1/0314/1143/7703/products/swatch-courage.png?v=1672030369,13,,,,,,,,,,,
lip-souffle-matte-lip-cream,,,,,,,,,,,,,,,,,,,,,,,,,https://cdn.shopify.com/s/files/1/0314/1143/7703/products/swatch-heroic.png?v=1672030369,14,,,,,,,,,,,
lip-souffle-matte-lip-cream,,,,,,,,,,,,,,,,,,,,,,,,,https://cdn.shopify.com/s/files/1/0314/1143/7703/products/swatch-inspire.png?v=1672030369,15,,,,,,,,,,,
lip-souffle-matte-lip-cream,,,,,,,,,,,,,,,,,,,,,,,,,https://cdn.shopify.com/s/files/1/0314/1143/7703/products/swatch-motivate.png?v=1672030369,16,,,,,,,,,,,
lip-souffle-matte-lip-cream,,,,,,,,,,,,,,,,,,,,,,,,,https://cdn.shopify.com/s/files/1/0314/1143/7703/products/swatch-strengthen.png?v=1672030369,17,,,,,,,,,,,
lip-souffle-matte-lip-cream,,,,,,,,,,,,,,,,,,,,,,,,,https://cdn.shopify.com/s/files/1/0314/1143/7703/products/swatch-thrilling.png?v=1672030369,18,,,,,,,,,,,
lip-souffle-matte-lip-cream,,,,,,,,,,,,,,,,,,,,,,,,,https://cdn.shopify.com/s/files/1/0314/1143/7703/products/swatch-transform.png?v=1672030369,19,,,,,,,,,,,
lip-souffle-matte-lip-cream,,,,,,,,,,,,,,,,,,,,,,,,,https://cdn.shopify.com/s/files/1/0314/1143/7703/products/swatch-ascend.png?v=1672030369,20,,,,,,,,,,,
lip-souffle-matte-lip-cream,,,,,,,,,,,,,,,,,,,,,,,,,https://cdn.shopify.com/s/files/1/0314/1143/7703/products/swatch-brave.png?v=1672030369,21,,,,,,,,,,,
lip-souffle-matte-lip-cream,,,,,,,,,,,,,,,,,,,,,,,,,https://cdn.shopify.com/s/files/1/0314/1143/7703/products/swatch-daring.png?v=1672030369,22,,,,,,,,,,,
lip-souffle-matte-lip-cream,,,,,,,,,,,,,,,,,,,,,,,,,https://cdn.shopify.com/s/files/1/0314/1143/7703/products/swatch-energize.png?v=1672030369,23,,,,,,,,,,,
lip-souffle-matte-lip-cream,,,,,,,,,,,,,,,,,,,,,,,,,https://cdn.shopify.com/s/files/1/0314/1143/7703/products/swatch-fearless.png?v=1672030369,24,,,,,,,,,,,
lip-souffle-matte-lip-cream,,,,,,,,,,,,,,,,,,,,,,,,,https://cdn.shopify.com/s/files/1/0314/1143/7703/products/lip-souffle-matte-lip-cream-elevate-sku-1440x1952.jpg?v=1697656670,25,,,,,,,,,,,
lip-souffle-matte-lip-cream,,,,,,,,,,,,,,,,,,,,,,,,,https://cdn.shopify.com/s/files/1/0314/1143/7703/products/lip-souffle-matte-lip-cream-elevate-on-figure-01-1440x1952.jpg?v=1697656670,26,,,,,,,,,,,
lip-souffle-matte-lip-cream,,,,,,,,,,,,,,,,,,,,,,,,,https://cdn.shopify.com/s/files/1/0314/1143/7703/products/lip-souffle-matte-lip-cream-elevate-on-figure-02-1440x1952.jpg?v=1697656670,27,,,,,,,,,,,
lip-souffle-matte-lip-cream,,,,,,,,,,,,,,,,,,,,,,,,,https://cdn.shopify.com/s/files/1/0314/1143/7703/products/lip-souffle-matte-lip-cream-elevate-swatch-1440x1952.png?v=1697656670,28,,,,,,,,,,,
lip-souffle-matte-lip-cream,,,,,,,,,,,,,,,,,,,,,,,,,https://cdn.shopify.com/s/files/1/0314/1143/7703/products/lip-souffle-matte-lip-cream-kindness-sku-1440x1952.jpg?v=1697656670,29,,,,,,,,,,,
lip-souffle-matte-lip-cream,,,,,,,,,,,,,,,,,,,,,,,,,https://cdn.shopify.com/s/files/1/0314/1143/7703/products/lip-souffle-matte-lip-cream-kindness-on-figure-01-1440x1952.jpg?v=1697656670,30,,,,,,,,,,,
lip-souffle-matte-lip-cream,,,,,,,,,,,,,,,,,,,,,,,,,https://cdn.shopify.com/s/files/1/0314/1143/7703/products/lip-souffle-matte-lip-cream-kindness-on-figure-02-1440x1952.jpg?v=1697656670,31,,,,,,,,,,,
lip-souffle-matte-lip-cream,,,,,,,,,,,,,,,,,,,,,,,,,https://cdn.shopify.com/s/files/1/0314/1143/7703/products/lip-souffle-matte-lip-cream-kindness-swatch-1440x1952.png?v=1697656670,32,,,,,,,,,,,
lip-souffle-matte-lip-cream,,,,,,,,,,,,,,,,,,,,,,,,,https://cdn.shopify.com/s/files/1/0314/1143/7703/products/lip-souffle-matte-lip-cream-confident-sku-1440x1952.jpg?v=1697656670,33,,,,,,,,,,,
lip-souffle-matte-lip-cream,,,,,,,,,,,,,,,,,,,,,,,,,https://cdn.shopify.com/s/files/1/0314/1143/7703/products/lip-souffle-matte-lip-cream-confident-on-figure-01-1440x1952.jpg?v=1697656670,34,,,,,,,,,,,
lip-souffle-matte-lip-cream,,,,,,,,,,,,,,,,,,,,,,,,,https://cdn.shopify.com/s/files/1/0314/1143/7703/products/lip-souffle-matte-lip-cream-confident-on-figure-02-1440x1952.jpg?v=1697656670,35,,,,,,,,,,,
lip-souffle-matte-lip-cream,,,,,,,,,,,,,,,,,,,,,,,,,https://cdn.shopify.com/s/files/1/0314/1143/7703/products/lip-souffle-matte-lip-cream-confident-swatch-1440x1952.png?v=1697656670,36,,,,,,,,,,,
lip-souffle-matte-lip-cream,,,,,,,,,,,,,,,,,,,,,,,,,https://cdn.shopify.com/s/files/1/0314/1143/7703/products/lip-souffle-matte-lip-cream-arm-swatches-1440x1952.jpg?v=1697656670,37,,,,,,,,,,,
lip-souffle-matte-lip-cream,,,,,,,,,,,,,,,,,,,,,,,,,https://cdn.shopify.com/s/files/1/0314/1143/7703/products/LIP_SOUFFLE_DOEFOOT_SKU.jpg?v=1685666948,38,,,,,,,,,,,
lip-souffle-matte-lip-cream,,"<p>An air-whipped lip cream that hugs lips with rich, melted-in color and nourishing hydration that won’t weigh you down.</p>",Rare Beauty,,Lip Cream,"Finish: Matte, non-returnable, Shop Sephora",TRUE,Shade,Brave,,,,,FGPLSC0002F2,0,,0,deny,manual,20.00,,TRUE,TRUE,840122900211,,,,,,,,g,,,,,active
lip-souffle-matte-lip-cream,,"<p>An air-whipped lip cream that hugs lips with rich, melted-in color and nourishing hydration that won’t weigh you down.</p>",Rare Beauty,,Lip Cream,"Finish: Matte, non-returnable, Shop Sephora",TRUE,Shade,Courage,,,,,FGPLSC0001F2,0,,0,deny,manual,20.00,,TRUE,TRUE,840122900198,,,,,,,,g,,,,,active
lip-souffle-matte-lip-cream,,"<p>An air-whipped lip cream that hugs lips with rich, melted-in color and nourishing hydration that won’t weigh you down.</p>",Rare Beauty,,Lip Cream,"Finish: Matte, non-returnable, Shop Sephora",TRUE,Shade,Energize,,,,,FGPLSC0008F2,0,,0,deny,manual,20.00,,TRUE,TRUE,840122900181,,,,,,,,g,,,,,active
lip-souffle-matte-lip-cream,,"<p>An air-whipped lip cream that hugs lips with rich, melted-in color and nourishing hydration that won’t weigh you down.</p>",Rare Beauty,,Lip Cream,"Finish: Matte, non-returnable, Shop Sephora",TRUE,Shade,Fearless,,,,,FGPLSC0003F2,0,,0,deny,manual,20.00,,TRUE,TRUE,840122900174,,,,,,,,g,,,,,active
lip-souffle-matte-lip-cream,,"<p>An air-whipped lip cream that hugs lips with rich, melted-in color and nourishing hydration that won’t weigh you down.</p>",Rare Beauty,,Lip Cream,"Finish: Matte, non-returnable, Shop Sephora",TRUE,Shade,Inspire,,,,,FGPLSC0006F2,0,,0,deny,manual,20.00,,TRUE,TRUE,840122900167,,,,,,,,g,,,,,active
lip-souffle-matte-lip-cream,,"<p>An air-whipped lip cream that hugs lips with rich, melted-in color and nourishing hydration that won’t weigh you down.</p>",Rare Beauty,,Lip Cream,"Finish: Matte, non-returnable, Shop Sephora",TRUE,Shade,Motivate,,,,,FGPLSC0005F2,0,,0,deny,manual,20.00,,TRUE,TRUE,840122900273,,,,,,,,g,,,,,active
lip-souffle-matte-lip-cream,,"<p>An air-whipped lip cream that hugs lips with rich, melted-in color and nourishing hydration that won’t weigh you down.</p>",Rare Beauty,,Lip Cream,"Finish: Matte, non-returnable, Shop Sephora",TRUE,Shade,Thrilling,,,,,FGPLSC0004F2,0,,0,deny,manual,20.00,,TRUE,TRUE,840122900242,,,,,,,,g,,,,,active
lip-souffle-matte-lip-cream,,"<p>An air-whipped lip cream that hugs lips with rich, melted-in color and nourishing hydration that won’t weigh you down.</p>",Rare Beauty,,Lip Cream,"Finish: Matte, non-returnable, Shop Sephora",TRUE,Shade,Daring,,,,,FGPLSC0012F2,0,,0,deny,manual,20.00,,TRUE,TRUE,840122900235,,,,,,,,g,,,,,active
lip-souffle-matte-lip-cream,,"<p>An air-whipped lip cream that hugs lips with rich, melted-in color and nourishing hydration that won’t weigh you down.</p>",Rare Beauty,,Lip Cream,"Finish: Matte, non-returnable, Shop Sephora",TRUE,Shade,Heroic,,,,,FGPLSC0010F2,0,,0,deny,manual,20.00,,TRUE,TRUE,840122900204,,,,,,,,g,,,,,active
lip-souffle-matte-lip-cream,,"<p>An air-whipped lip cream that hugs lips with rich, melted-in color and nourishing hydration that won’t weigh you down.</p>",Rare Beauty,,Lip Cream,"Finish: Matte, non-returnable, Shop Sephora",TRUE,Shade,Transform,,,,,FGPLSC0011F2,0,,0,deny,manual,20.00,,TRUE,TRUE,840122900228,,,,,,,,g,,,,,active
liquid-touch-brightening-concealer,Liquid Touch Brightening Concealer,"<p>A lightweight, hydrating concealer that gives you buildable coverage where you need it while brightening skin with a radiant finish.</p>",Rare Beauty,,Concealer,"Badge: 48 shades, Coverage: Medium, Finish: Natural, non-returnable, Shop Sephora",TRUE,Shade,100W,,,,,FGPLTC100WF2,0,,0,deny,manual,24.00,,TRUE,TRUE,840122900921,https://cdn.shopify.com/s/files/1/0314/1143/7703/products/Concealer-100W-SKU_5bea0f14-cf53-4fbd-b371-9c507d882817.jpg?v=1762200488,1,,,,,,g,,,,,active
liquid-touch-brightening-concealer,,,,,,,,,,,,,,,,,,,,,,,,,https://cdn.shopify.com/s/files/1/0314/1143/7703/products/Concealer-110N-SKU.jpg?v=1666328782,2,,,,,,,,,,,
liquid-touch-brightening-concealer,,,,,,,,,,,,,,,,,,,,,,,,,https://cdn.shopify.com/s/files/1/0314/1143/7703/products/Concealer-120C-SKU_495a66cb-05a5-41a6-9fcc-995cf0409eaa.jpg?v=1666328782,3,,,,,,,,,,,
liquid-touch-brightening-concealer,,,,,,,,,,,,,,,,,,,,,,,,,https://cdn.shopify.com/s/files/1/0314/1143/7703/products/Concealer-130N-SKU_787d23c8-6bbe-4dbe-9118-acbbd85ba152.jpg?v=1666328782,4,,,,,,,,,,,
liquid-touch-brightening-concealer,,,,,,,,,,,,,,,,,,,,,,,,,https://cdn.shopify.com/s/files/1/0314/1143/7703/products/Concealer-140C-SKU_97a36914-e25f-4214-b42a-b194e550d5a1.jpg?v=1666328782,5,,,,,,,,,,,
liquid-touch-brightening-concealer,,,,,,,,,,,,,,,,,,,,,,,,,https://cdn.shopify.com/s/files/1/0314/1143/7703/products/Concealer-150C-SKU_4831ceb5-5b5f-4645-b662-66763fccdc98.jpg?v=1666328782,6,,,,,,,,,,,
liquid-touch-brightening-concealer,,,,,,,,,,,,,,,,,,,,,,,,,https://cdn.shopify.com/s/files/1/0314/1143/7703/products/Concealer-160C-SKU_57474b16-2f1d-47c2-b1bd-e3b36386fadf.jpg?v=1666328782,7,,,,,,,,,,,
liquid-touch-brightening-concealer,,,,,,,,,,,,,,,,,,,,,,,,,https://cdn.shopify.com/s/files/1/0314/1143/7703/products/Concealer-170W-SKU_a345d91a-4465-4fd2-beb3-6508bcf6879a.jpg?v=1666328782,8,,,,,,,,,,,
liquid-touch-brightening-concealer,,,,,,,,,,,,,,,,,,,,,,,,,https://cdn.shopify.com/s/files/1/0314/1143/7703/products/Concealer-180W-SKU_92c1671e-50be-46ca-8111-a88ce17ff6fa.jpg?v=1666328782,9,,,,,,,,,,,
liquid-touch-brightening-concealer,,,,,,,,,,,,,,,,,,,,,,,,,https://cdn.shopify.com/s/files/1/0314/1143/7703/products/Concealer-190W-SKU_0e2550ec-50d7-4ad5-8a3e-978d5a356ed4.jpg?v=1666328782,10,,,,,,,,,,,
liquid-touch-brightening-concealer,,,,,,,,,,,,,,,,,,,,,,,,,https://cdn.shopify.com/s/files/1/0314/1143/7703/products/Concealer-200C-SKU_7399d95f-3418-4fb3-9d0d-c0f31bf363c5.jpg?v=1666328782,11,,,,,,,,,,,
liquid-touch-brightening-concealer,,,,,,,,,,,,,,,,,,,,,,,,,https://cdn.shopify.com/s/files/1/0314/1143/7703/products/Concealer-210N-SKU_568f9540-0c12-4c51-a4ba-c2d4daa7dacf.jpg?v=1666328782,12,,,,,,,,,,,
liquid-touch-brightening-concealer,,,,,,,,,,,,,,,,,,,,,,,,,https://cdn.shopify.com/s/files/1/0314/1143/7703/products/Concealer-220C-SKU_af2d43a9-33bb-41ea-b09d-006503265bf6.jpg?v=1666328782,13,,,,,,,,,,,
liquid-touch-brightening-concealer,,,,,,,,,,,,,,,,,,,,,,,,,https://cdn.shopify.com/s/files/1/0314/1143/7703/products/Concealer-230N-SKU_a3255728-4b48-4d73-be7e-35b458f864d9.jpg?v=1666328782,14,,,,,,,,,,,
liquid-touch-brightening-concealer,,,,,,,,,,,,,,,,,,,,,,,,,https://cdn.shopify.com/s/files/1/0314/1143/7703/products/Concealer-240W-SKU_7aabbf5d-cabb-48ab-a893-d9b5a8ecea85.jpg?v=1666328782,15,,,,,,,,,,,
liquid-touch-brightening-concealer,,,,,,,,,,,,,,,,,,,,,,,,,https://cdn.shopify.com/s/files/1/0314/1143/7703/products/Concealer-250W-SKU_baba3f1c-a8fb-4682-84c3-c43a3bc1c37b.jpg?v=1666328782,16,,,,,,,,,,,
liquid-touch-brightening-concealer,,,,,,,,,,,,,,,,,,,,,,,,,https://cdn.shopify.com/s/files/1/0314/1143/7703/products/Concealer-260N-SKU_f7cb71d3-3901-4315-9c3c-ad4e0889b4d9.jpg?v=1666328782,17,,,,,,,,,,,
liquid-touch-brightening-concealer,,,,,,,,,,,,,,,,,,,,,,,,,https://cdn.shopify.com/s/files/1/0314/1143/7703/products/Concealer-270N-SKU_8a41297b-adeb-412f-b5c2-d84b5319a341.jpg?v=1666328782,18,,,,,,,,,,,
liquid-touch-brightening-concealer,,,,,,,,,,,,,,,,,,,,,,,,,https://cdn.shopify.com/s/files/1/0314/1143/7703/products/Concealer-280N-SKU_49dd45b9-b3e1-4c81-8bea-dced4d661643.jpg?v=1666328782,19,,,,,,,,,,,
liquid-touch-brightening-concealer,,,,,,,,,,,,,,,,,,,,,,,,,https://cdn.shopify.com/s/files/1/0314/1143/7703/products/Concealer-290N-SKU_bfb5ab25-37f2-41ad-9f8d-26030726ef4f.jpg?v=1666328782,20,,,,,,,,,,,
liquid-touch-brightening-concealer,,,,,,,,,,,,,,,,,,,,,,,,,https://cdn.shopify.com/s/files/1/0314/1143/7703/products/Concealer-300C-SKU_e7d2a21b-057f-4dae-bee8-4df41281ed66.jpg?v=1666328782,21,,,,,,,,,,,
liquid-touch-brightening-concealer,,,,,,,,,,,,,,,,,,,,,,,,,https://cdn.shopify.com/s/files/1/0314/1143/7703/products/Concealer-310W-SKU.jpg?v=1666328782,22,,,,,,,,,,,
liquid-touch-brightening-concealer,,,,,,,,,,,,,,,,,,,,,,,,,https://cdn.shopify.com/s/files/1/0314/1143/7703/products/Concealer-320W-SKU.jpg?v=1666328782,23,,,,,,,,,,,
liquid-touch-brightening-concealer,,,,,,,,,,,,,,,,,,,,,,,,,https://cdn.shopify.com/s/files/1/0314/1143/7703/products/Concealer-330N-SKU.jpg?v=1666328782,24,,,,,,,,,,,
liquid-touch-brightening-concealer,,,,,,,,,,,,,,,,,,,,,,,,,https://cdn.shopify.com/s/files/1/0314/1143/7703/products/Concealer-340C-SKU.jpg?v=1666328782,25,,,,,,,,,,,
liquid-touch-brightening-concealer,,,,,,,,,,,,,,,,,,,,,,,,,https://cdn.shopify.com/s/files/1/0314/1143/7703/products/Concealer-350C-SKU.jpg?v=1666328782,26,,,,,,,,,,,
liquid-touch-brightening-concealer,,,,,,,,,,,,,,,,,,,,,,,,,https://cdn.shopify.com/s/files/1/0314/1143/7703/products/Concealer-360W-SKU.jpg?v=1666328782,27,,,,,,,,,,,
liquid-touch-brightening-concealer,,,,,,,,,,,,,,,,,,,,,,,,,https://cdn.shopify.com/s/files/1/0314/1143/7703/products/Concealer-370N-SKU.jpg?v=1666328782,28,,,,,,,,,,,
liquid-touch-brightening-concealer,,,,,,,,,,,,,,,,,,,,,,,,,https://cdn.shopify.com/s/files/1/0314/1143/7703/products/Concealer-380W-SKU.jpg?v=1666328782,29,,,,,,,,,,,
liquid-touch-brightening-concealer,,,,,,,,,,,,,,,,,,,,,,,,,https://cdn.shopify.com/s/files/1/0314/1143/7703/products/Concealer-390C-SKU.jpg?v=1666328782,30,,,,,,,,,,,
liquid-touch-brightening-concealer,,,,,,,,,,,,,,,,,,,,,,,,,https://cdn.shopify.com/s/files/1/0314/1143/7703/products/Concealer-400W-SKU.jpg?v=1666328782,31,,,,,,,,,,,
liquid-touch-brightening-concealer,,,,,,,,,,,,,,,,,,,,,,,,,https://cdn.shopify.com/s/files/1/0314/1143/7703/products/Concealer-410N-SKU.jpg?v=1666328782,32,,,,,,,,,,,
liquid-touch-brightening-concealer,,,,,,,,,,,,,,,,,,,,,,,,,https://cdn.shopify.com/s/files/1/0314/1143/7703/products/Concealer-420N-SKU.jpg?v=1666328782,33,,,,,,,,,,,
liquid-touch-brightening-concealer,,,,,,,,,,,,,,,,,,,,,,,,,https://cdn.shopify.com/s/files/1/0314/1143/7703/products/Concealer-430W-SKU.jpg?v=1666328782,34,,,,,,,,,,,
liquid-touch-brightening-concealer,,,,,,,,,,,,,,,,,,,,,,,,,https://cdn.shopify.com/s/files/1/0314/1143/7703/products/Concealer-440C-SKU.jpg?v=1666328782,35,,,,,,,,,,,
liquid-touch-brightening-concealer,,,,,,,,,,,,,,,,,,,,,,,,,https://cdn.shopify.com/s/files/1/0314/1143/7703/products/Concealer-450N-SKU.jpg?v=1666328782,36,,,,,,,,,,,
liquid-touch-brightening-concealer,,,,,,,,,,,,,,,,,,,,,,,,,https://cdn.shopify.com/s/files/1/0314/1143/7703/products/Concealer-460W-SKU.jpg?v=1666328782,37,,,,,,,,,,,
liquid-touch-brightening-concealer,,,,,,,,,,,,,,,,,,,,,,,,,https://cdn.shopify.com/s/files/1/0314/1143/7703/products/Concealer-470C-SKU.jpg?v=1666328782,38,,,,,,,,,,,
liquid-touch-brightening-concealer,,,,,,,,,,,,,,,,,,,,,,,,,https://cdn.shopify.com/s/files/1/0314/1143/7703/products/Concealer-480W-SKU.jpg?v=1666328782,39,,,,,,,,,,,
liquid-touch-brightening-concealer,,,,,,,,,,,,,,,,,,,,,,,,,https://cdn.shopify.com/s/files/1/0314/1143/7703/products/Concealer-490C-SKU.jpg?v=1666328782,40,,,,,,,,,,,
liquid-touch-brightening-concealer,,,,,,,,,,,,,,,,,,,,,,,,,https://cdn.shopify.com/s/files/1/0314/1143/7703/products/Concealer-500N-SKU.jpg?v=1666328782,41,,,,,,,,,,,
liquid-touch-brightening-concealer,,,,,,,,,,,,,,,,,,,,,,,,,https://cdn.shopify.com/s/files/1/0314/1143/7703/products/Concealer-510W-SKU.jpg?v=1666328782,42,,,,,,,,,,,
liquid-touch-brightening-concealer,,,,,,,,,,,,,,,,,,,,,,,,,https://cdn.shopify.com/s/files/1/0314/1143/7703/products/Concealer-520W-SKU.jpg?v=1666328782,43,,,,,,,,,,,
liquid-touch-brightening-concealer,,,,,,,,,,,,,,,,,,,,,,,,,https://cdn.shopify.com/s/files/1/0314/1143/7703/products/Concealer-530N-SKU.jpg?v=1666328782,44,,,,,,,,,,,
liquid-touch-brightening-concealer,,,,,,,,,,,,,,,,,,,,,,,,,https://cdn.shopify.com/s/files/1/0314/1143/7703/products/Concealer-540C-SKU.jpg?v=1666328782,45,,,,,,,,,,,
liquid-touch-brightening-concealer,,,,,,,,,,,,,,,,,,,,,,,,,https://cdn.shopify.com/s/files/1/0314/1143/7703/products/Concealer-550C-SKU.jpg?v=1666328782,46,,,,,,,,,,,
liquid-touch-brightening-concealer,,,,,,,,,,,,,,,,,,,,,,,,,https://cdn.shopify.com/s/files/1/0314/1143/7703/products/Concealer-560W-SKU.jpg?v=1666328782,47,,,,,,,,,,,
liquid-touch-brightening-concealer,,,,,,,,,,,,,,,,,,,,,,,,,https://cdn.shopify.com/s/files/1/0314/1143/7703/products/Concealer-570N-SKU.jpg?v=1666328782,48,,,,,,,,,,,
liquid-touch-brightening-concealer,,,,,,,,,,,,,,,,,,,,,,,,,https://cdn.shopify.com/s/files/1/0314/1143/7703/products/CONCEALER_DOE_FOOT_SKU_e5ab915a-32ca-46d8-9380-e11c94b9cdab.jpg?v=1666328782,49,,,,,,,,,,,
liquid-touch-brightening-concealer,,,,,,,,,,,,,,,,,,,,,,,,,https://cdn.shopify.com/s/files/1/0314/1143/7703/products/swatch-c-540c.png?v=1598652989,50,,,,,,,,,,,
liquid-touch-brightening-concealer,,,,,,,,,,,,,,,,,,,,,,,,,https://cdn.shopify.com/s/files/1/0314/1143/7703/products/swatch-c-550c.png?v=1598652989,51,,,,,,,,,,,
liquid-touch-brightening-concealer,,,,,,,,,,,,,,,,,,,,,,,,,https://cdn.shopify.com/s/files/1/0314/1143/7703/products/swatch-c-560w.png?v=1598652989,52,,,,,,,,,,,
liquid-touch-brightening-concealer,,,,,,,,,,,,,,,,,,,,,,,,,https://cdn.shopify.com/s/files/1/0314/1143/7703/products/swatch-c-570n.png?v=1598652989,53,,,,,,,,,,,
liquid-touch-brightening-concealer,,,,,,,,,,,,,,,,,,,,,,,,,https://cdn.shopify.com/s/files/1/0314/1143/7703/products/swatch-c-100w.png?v=1598652989,54,,,,,,,,,,,
liquid-touch-brightening-concealer,,,,,,,,,,,,,,,,,,,,,,,,,https://cdn.shopify.com/s/files/1/0314/1143/7703/products/swatch-c-110n.png?v=1598652989,55,,,,,,,,,,,
liquid-touch-brightening-concealer,,,,,,,,,,,,,,,,,,,,,,,,,https://cdn.shopify.com/s/files/1/0314/1143/7703/products/swatch-c-520w.png?v=1598652989,56,,,,,,,,,,,
liquid-touch-brightening-concealer,,,,,,,,,,,,,,,,,,,,,,,,,https://cdn.shopify.com/s/files/1/0314/1143/7703/products/swatch-c-120c.png?v=1598652989,57,,,,,,,,,,,
liquid-touch-brightening-concealer,,,,,,,,,,,,,,,,,,,,,,,,,https://cdn.shopify.com/s/files/1/0314/1143/7703/products/swatch-c-130n.png?v=1598652989,58,,,,,,,,,,,
liquid-touch-brightening-concealer,,,,,,,,,,,,,,,,,,,,,,,,,https://cdn.shopify.com/s/files/1/0314/1143/7703/products/swatch-c-140c.png?v=1598652989,59,,,,,,,,,,,
liquid-touch-brightening-concealer,,,,,,,,,,,,,,,,,,,,,,,,,https://cdn.shopify.com/s/files/1/0314/1143/7703/products/swatch-c-150c.png?v=1598652989,60,,,,,,,,,,,
liquid-touch-brightening-concealer,,,,,,,,,,,,,,,,,,,,,,,,,https://cdn.shopify.com/s/files/1/0314/1143/7703/products/swatch-c-160c.png?v=1598652989,61,,,,,,,,,,,
liquid-touch-brightening-concealer,,,,,,,,,,,,,,,,,,,,,,,,,https://cdn.shopify.com/s/files/1/0314/1143/7703/products/swatch-c-170w.png?v=1598652989,62,,,,,,,,,,,
liquid-touch-brightening-concealer,,,,,,,,,,,,,,,,,,,,,,,,,https://cdn.shopify.com/s/files/1/0314/1143/7703/products/swatch-c-180w.png?v=1598652989,63,,,,,,,,,,,
liquid-touch-brightening-concealer,,,,,,,,,,,,,,,,,,,,,,,,,https://cdn.shopify.com/s/files/1/0314/1143/7703/products/swatch-c-190w.png?v=1598652989,64,,,,,,,,,,,
liquid-touch-brightening-concealer,,,,,,,,,,,,,,,,,,,,,,,,,https://cdn.shopify.com/s/files/1/0314/1143/7703/products/swatch-c-200c.png?v=1598652989,65,,,,,,,,,,,
liquid-touch-brightening-concealer,,,,,,,,,,,,,,,,,,,,,,,,,https://cdn.shopify.com/s/files/1/0314/1143/7703/products/swatch-c-210n.png?v=1598652989,66,,,,,,,,,,,
liquid-touch-brightening-concealer,,,,,,,,,,,,,,,,,,,,,,,,,https://cdn.shopify.com/s/files/1/0314/1143/7703/products/swatch-c-220c.png?v=1598652989,67,,,,,,,,,,,
liquid-touch-brightening-concealer,,,,,,,,,,,,,,,,,,,,,,,,,https://cdn.shopify.com/s/files/1/0314/1143/7703/products/swatch-c-230n.png?v=1598652989,68,,,,,,,,,,,
liquid-touch-brightening-concealer,,,,,,,,,,,,,,,,,,,,,,,,,https://cdn.shopify.com/s/files/1/0314/1143/7703/products/swatch-c-240w.png?v=1598652989,69,,,,,,,,,,,
liquid-touch-brightening-concealer,,,,,,,,,,,,,,,,,,,,,,,,,https://cdn.shopify.com/s/files/1/0314/1143/7703/products/swatch-c-250w.png?v=1598652989,70,,,,,,,,,,,
liquid-touch-brightening-concealer,,,,,,,,,,,,,,,,,,,,,,,,,https://cdn.shopify.com/s/files/1/0314/1143/7703/products/swatch-c-260n.png?v=1598652989,71,,,,,,,,,,,
liquid-touch-brightening-concealer,,,,,,,,,,,,,,,,,,,,,,,,,https://cdn.shopify.com/s/files/1/0314/1143/7703/products/swatch-c-270n.png?v=1598652989,72,,,,,,,,,,,
liquid-touch-brightening-concealer,,,,,,,,,,,,,,,,,,,,,,,,,https://cdn.shopify.com/s/files/1/0314/1143/7703/products/swatch-c-280n.png?v=1598652989,73,,,,,,,,,,,
liquid-touch-brightening-concealer,,,,,,,,,,,,,,,,,,,,,,,,,https://cdn.shopify.com/s/files/1/0314/1143/7703/products/swatch-c-290n.png?v=1598652989,74,,,,,,,,,,,
liquid-touch-brightening-concealer,,,,,,,,,,,,,,,,,,,,,,,,,https://cdn.shopify.com/s/files/1/0314/1143/7703/products/swatch-c-300c.png?v=1598652989,75,,,,,,,,,,,
liquid-touch-brightening-concealer,,,,,,,,,,,,,,,,,,,,,,,,,https://cdn.shopify.com/s/files/1/0314/1143/7703/products/swatch-c-310w.png?v=1598652989,76,,,,,,,,,,,
liquid-touch-brightening-concealer,,,,,,,,,,,,,,,,,,,,,,,,,https://cdn.shopify.com/s/files/1/0314/1143/7703/products/swatch-c-320w.png?v=1598652989,77,,,,,,,,,,,
liquid-touch-brightening-concealer,,,,,,,,,,,,,,,,,,,,,,,,,https://cdn.shopify.com/s/files/1/0314/1143/7703/products/swatch-c-330n.png?v=1598652989,78,,,,,,,,,,,
liquid-touch-brightening-concealer,,,,,,,,,,,,,,,,,,,,,,,,,https://cdn.shopify.com/s/files/1/0314/1143/7703/products/swatch-c-340c.png?v=1598652989,79,,,,,,,,,,,
liquid-touch-brightening-concealer,,,,,,,,,,,,,,,,,,,,,,,,,https://cdn.shopify.com/s/files/1/0314/1143/7703/products/swatch-c-350c.png?v=1598652989,80,,,,,,,,,,,
liquid-touch-brightening-concealer,,,,,,,,,,,,,,,,,,,,,,,,,https://cdn.shopify.com/s/files/1/0314/1143/7703/products/swatch-c-360w.png?v=1598652989,81,,,,,,,,,,,
liquid-touch-brightening-concealer,,,,,,,,,,,,,,,,,,,,,,,,,https://cdn.shopify.com/s/files/1/0314/1143/7703/products/swatch-c-370n.png?v=1598652989,82,,,,,,,,,,,
liquid-touch-brightening-concealer,,,,,,,,,,,,,,,,,,,,,,,,,https://cdn.shopify.com/s/files/1/0314/1143/7703/products/swatch-c-380w.png?v=1598652989,83,,,,,,,,,,,
liquid-touch-brightening-concealer,,,,,,,,,,,,,,,,,,,,,,,,,https://cdn.shopify.com/s/files/1/0314/1143/7703/products/swatch-c-390c.png?v=1598652989,84,,,,,,,,,,,
liquid-touch-brightening-concealer,,,,,,,,,,,,,,,,,,,,,,,,,https://cdn.shopify.com/s/files/1/0314/1143/7703/products/swatch-c-400w.png?v=1598652989,85,,,,,,,,,,,
liquid-touch-brightening-concealer,,,,,,,,,,,,,,,,,,,,,,,,,https://cdn.shopify.com/s/files/1/0314/1143/7703/products/swatch-c-410n.png?v=1598652989,86,,,,,,,,,,,
liquid-touch-brightening-concealer,,,,,,,,,,,,,,,,,,,,,,,,,https://cdn.shopify.com/s/files/1/0314/1143/7703/products/swatch-c-420n.png?v=1598652989,87,,,,,,,,,,,
liquid-touch-brightening-concealer,,,,,,,,,,,,,,,,,,,,,,,,,https://cdn.shopify.com/s/files/1/0314/1143/7703/products/swatch-c-430w.png?v=1598652989,88,,,,,,,,,,,
liquid-touch-brightening-concealer,,,,,,,,,,,,,,,,,,,,,,,,,https://cdn.shopify.com/s/files/1/0314/1143/7703/products/swatch-c-440c.png?v=1598652989,89,,,,,,,,,,,
liquid-touch-brightening-concealer,,,,,,,,,,,,,,,,,,,,,,,,,https://cdn.shopify.com/s/files/1/0314/1143/7703/products/swatch-c-450n.png?v=1598652989,90,,,,,,,,,,,
liquid-touch-brightening-concealer,,,,,,,,,,,,,,,,,,,,,,,,,https://cdn.shopify.com/s/files/1/0314/1143/7703/products/swatch-c-460w.png?v=1598652989,91,,,,,,,,,,,
liquid-touch-brightening-concealer,,,,,,,,,,,,,,,,,,,,,,,,,https://cdn.shopify.com/s/files/1/0314/1143/7703/products/swatch-c-470c.png?v=1598652989,92,,,,,,,,,,,
liquid-touch-brightening-concealer,,,,,,,,,,,,,,,,,,,,,,,,,https://cdn.shopify.com/s/files/1/0314/1143/7703/products/Liquid-Touch-Brightening-Concealer-Arm-Swatch-Fair-Light.jpg?v=1598652989,93,,,,,,,,,,,
liquid-touch-brightening-concealer,,,,,,,,,,,,,,,,,,,,,,,,,https://cdn.shopify.com/s/files/1/0314/1143/7703/products/Liquid-Touch-Brightening-Concealer-Arm-Swatch-Med-Deep.jpg?v=1598652989,94,,,,,,,,,,,
liquid-touch-brightening-concealer,,,,,,,,,,,,,,,,,,,,,,,,,https://cdn.shopify.com/s/files/1/0314/1143/7703/products/swatch-c-480w.png?v=1598652952,95,,,,,,,,,,,
liquid-touch-brightening-concealer,,,,,,,,,,,,,,,,,,,,,,,,,https://cdn.shopify.com/s/files/1/0314/1143/7703/products/swatch-c-490c.png?v=1598652952,96,,,,,,,,,,,
liquid-touch-brightening-concealer,,,,,,,,,,,,,,,,,,,,,,,,,https://cdn.shopify.com/s/files/1/0314/1143/7703/products/swatch-c-500n.png?v=1598652952,97,,,,,,,,,,,
liquid-touch-brightening-concealer,,,,,,,,,,,,,,,,,,,,,,,,,https://cdn.shopify.com/s/files/1/0314/1143/7703/products/swatch-c-510w.png?v=1598652952,98,,,,,,,,,,,
liquid-touch-brightening-concealer,,,,,,,,,,,,,,,,,,,,,,,,,https://cdn.shopify.com/s/files/1/0314/1143/7703/products/swatch-c-530n.png?v=1598652952,99,,,,,,,,,,,
liquid-touch-brightening-concealer,,"<p>A lightweight, hydrating concealer that gives you buildable coverage where you need it while brightening skin with a radiant finish.</p>",Rare Beauty,,Concealer,"Badge: 48 shades, Coverage: Medium, Finish: Natural, non-returnable, Shop Sephora",TRUE,Shade,110N,,,,,FGPLTC110NF3,0,,0,deny,manual,24.00,,TRUE,TRUE,840122900938,,,,,,,,g,,,,,active
liquid-touch-brightening-concealer,,"<p>A lightweight, hydrating concealer that gives you buildable coverage where you need it while brightening skin with a radiant finish.</p>",Rare Beauty,,Concealer,"Badge: 48 shades, Coverage: Medium, Finish: Natural, non-returnable, Shop Sephora",TRUE,Shade,120C,,,,,FGPLTC120CF2,0,,0,deny,manual,24.00,,TRUE,TRUE,840122900945,,,,,,,,g,,,,,active
liquid-touch-brightening-concealer,,"<p>A lightweight, hydrating concealer that gives you buildable coverage where you need it while brightening skin with a radiant finish.</p>",Rare Beauty,,Concealer,"Badge: 48 shades, Coverage: Medium, Finish: Natural, non-returnable, Shop Sephora",TRUE,Shade,130N,,,,,FGPLTC130NF2,0,,0,deny,manual,24.00,,TRUE,TRUE,840122900952,,,,,,,,g,,,,,active
liquid-touch-brightening-concealer,,"<p>A lightweight, hydrating concealer that gives you buildable coverage where you need it while brightening skin with a radiant finish.</p>",Rare Beauty,,Concealer,"Badge: 48 shades, Coverage: Medium, Finish: Natural, non-returnable, Shop Sephora",TRUE,Shade,140C,,,,,FGPLTC140CF2,0,,0,deny,manual,24.00,,TRUE,TRUE,840122900969,,,,,,,,g,,,,,active
liquid-touch-brightening-concealer,,"<p>A lightweight, hydrating concealer that gives you buildable coverage where you need it while brightening skin with a radiant finish.</p>",Rare Beauty,,Concealer,"Badge: 48 shades, Coverage: Medium, Finish: Natural, non-returnable, Shop Sephora",TRUE,Shade,150C,,,,,FGPLTC150CF2,0,,0,deny,manual,24.00,,TRUE,TRUE,840122900976,,,,,,,,g,,,,,active
liquid-touch-brightening-concealer,,"<p>A lightweight, hydrating concealer that gives you buildable coverage where you need it while brightening skin with a radiant finish.</p>",Rare Beauty,,Concealer,"Badge: 48 shades, Coverage: Medium, Finish: Natural, non-returnable, Shop Sephora",TRUE,Shade,160C,,,,,FGPLTC160CF3,0,,0,deny,manual,24.00,,TRUE,TRUE,840122900983,,,,,,,,g,,,,,active
liquid-touch-brightening-concealer,,"<p>A lightweight, hydrating concealer that gives you buildable coverage where you need it while brightening skin with a radiant finish.</p>",Rare Beauty,,Concealer,"Badge: 48 shades, Coverage: Medium, Finish: Natural, non-returnable, Shop Sephora",TRUE,Shade,170W,,,,,FGPLTC170WF2,0,,0,deny,manual,24.00,,TRUE,TRUE,840122900990,,,,,,,,g,,,,,active
liquid-touch-brightening-concealer,,"<p>A lightweight, hydrating concealer that gives you buildable coverage where you need it while brightening skin with a radiant finish.</p>",Rare Beauty,,Concealer,"Badge: 48 shades, Coverage: Medium, Finish: Natural, non-returnable, Shop Sephora",TRUE,Shade,180W,,,,,FGPLTC180WF3,0,,0,deny,manual,24.00,,TRUE,TRUE,840122901003,,,,,,,,g,,,,,active
liquid-touch-brightening-concealer,,"<p>A lightweight, hydrating concealer that gives you buildable coverage where you need it while brightening skin with a radiant finish.</p>",Rare Beauty,,Concealer,"Badge: 48 shades, Coverage: Medium, Finish: Natural, non-returnable, Shop Sephora",TRUE,Shade,190W,,,,,FGPLTC190WF2,0,,0,deny,manual,24.00,,TRUE,TRUE,840122901010,,,,,,,,g,,,,,active
liquid-touch-brightening-concealer,,"<p>A lightweight, hydrating concealer that gives you buildable coverage where you need it while brightening skin with a radiant finish.</p>",Rare Beauty,,Concealer,"Badge: 48 shades, Coverage: Medium, Finish: Natural, non-returnable, Shop Sephora",TRUE,Shade,200C,,,,,FGPLTC200CF2,0,,0,deny,manual,24.00,,TRUE,TRUE,840122901027,,,,,,,,g,,,,,active
liquid-touch-brightening-concealer,,"<p>A lightweight, hydrating concealer that gives you buildable coverage where you need it while brightening skin with a radiant finish.</p>",Rare Beauty,,Concealer,"Badge: 48 shades, Coverage: Medium, Finish: Natural, non-returnable, Shop Sephora",TRUE,Shade,210N,,,,,FGPLTC210NF3,0,,0,deny,manual,24.00,,TRUE,TRUE,840122901034,,,,,,,,g,,,,,active
liquid-touch-brightening-concealer,,"<p>A lightweight, hydrating concealer that gives you buildable coverage where you need it while brightening skin with a radiant finish.</p>",Rare Beauty,,Concealer,"Badge: 48 shades, Coverage: Medium, Finish: Natural, non-returnable, Shop Sephora",TRUE,Shade,220C,,,,,FGPLTC220CF2,0,,0,deny,manual,24.00,,TRUE,TRUE,840122901041,,,,,,,,g,,,,,active
liquid-touch-brightening-concealer,,"<p>A lightweight, hydrating concealer that gives you buildable coverage where you need it while brightening skin with a radiant finish.</p>",Rare Beauty,,Concealer,"Badge: 48 shades, Coverage: Medium, Finish: Natural, non-returnable, Shop Sephora",TRUE,Shade,230N,,,,,FGPLTC230NF2,0,,0,deny,manual,24.00,,TRUE,TRUE,840122901058,,,,,,,,g,,,,,active
liquid-touch-brightening-concealer,,"<p>A lightweight, hydrating concealer that gives you buildable coverage where you need it while brightening skin with a radiant finish.</p>",Rare Beauty,,Concealer,"Badge: 48 shades, Coverage: Medium, Finish: Natural, non-returnable, Shop Sephora",TRUE,Shade,240W,,,,,FGPLTC240WF2,0,,0,deny,manual,24.00,,TRUE,TRUE,840122901065,,,,,,,,g,,,,,active
liquid-touch-brightening-concealer,,"<p>A lightweight, hydrating concealer that gives you buildable coverage where you need it while brightening skin with a radiant finish.</p>",Rare Beauty,,Concealer,"Badge: 48 shades, Coverage: Medium, Finish: Natural, non-returnable, Shop Sephora",TRUE,Shade,250W,,,,,FGPLTC250WF2,0,,0,deny,manual,24.00,,TRUE,TRUE,840122901072,,,,,,,,g,,,,,active
liquid-touch-brightening-concealer,,"<p>A lightweight, hydrating concealer that gives you buildable coverage where you need it while brightening skin with a radiant finish.</p>",Rare Beauty,,Concealer,"Badge: 48 shades, Coverage: Medium, Finish: Natural, non-returnable, Shop Sephora",TRUE,Shade,260N,,,,,FGPLTC260NF2,0,,0,deny,manual,24.00,,TRUE,TRUE,840122901089,,,,,,,,g,,,,,active
liquid-touch-brightening-concealer,,"<p>A lightweight, hydrating concealer that gives you buildable coverage where you need it while brightening skin with a radiant finish.</p>",Rare Beauty,,Concealer,"Badge: 48 shades, Coverage: Medium, Finish: Natural, non-returnable, Shop Sephora",TRUE,Shade,270N,,,,,FGPLTC270NF2,0,,0,deny,manual,24.00,,TRUE,TRUE,840122901096,,,,,,,,g,,,,,active
liquid-touch-brightening-concealer,,"<p>A lightweight, hydrating concealer that gives you buildable coverage where you need it while brightening skin with a radiant finish.</p>",Rare Beauty,,Concealer,"Badge: 48 shades, Coverage: Medium, Finish: Natural, non-returnable, Shop Sephora",TRUE,Shade,280N,,,,,FGPLTC280NF2,0,,0,deny,manual,24.00,,TRUE,TRUE,840122901102,,,,,,,,g,,,,,active
liquid-touch-brightening-concealer,,"<p>A lightweight, hydrating concealer that gives you buildable coverage where you need it while brightening skin with a radiant finish.</p>",Rare Beauty,,Concealer,"Badge: 48 shades, Coverage: Medium, Finish: Natural, non-returnable, Shop Sephora",TRUE,Shade,290N,,,,,FGPLTC290NF3,0,,0,deny,manual,24.00,,TRUE,TRUE,840122901119,,,,,,,,g,,,,,active
liquid-touch-brightening-concealer,,"<p>A lightweight, hydrating concealer that gives you buildable coverage where you need it while brightening skin with a radiant finish.</p>",Rare Beauty,,Concealer,"Badge: 48 shades, Coverage: Medium, Finish: Natural, non-returnable, Shop Sephora",TRUE,Shade,300C,,,,,FGPLTC300CF2,0,,0,deny,manual,24.00,,TRUE,TRUE,840122901126,,,,,,,,g,,,,,active
liquid-touch-brightening-concealer,,"<p>A lightweight, hydrating concealer that gives you buildable coverage where you need it while brightening skin with a radiant finish.</p>",Rare Beauty,,Concealer,"Badge: 48 shades, Coverage: Medium, Finish: Natural, non-returnable, Shop Sephora",TRUE,Shade,310W,,,,,FGPLTC310WF3,0,,0,deny,manual,24.00,,TRUE,TRUE,840122901133,,,,,,,,g,,,,,active
liquid-touch-brightening-concealer,,"<p>A lightweight, hydrating concealer that gives you buildable coverage where you need it while brightening skin with a radiant finish.</p>",Rare Beauty,,Concealer,"Badge: 48 shades, Coverage: Medium, Finish: Natural, non-returnable, Shop Sephora",TRUE,Shade,320W,,,,,FGPLTC320WF2,0,,0,deny,manual,24.00,,TRUE,TRUE,840122901140,,,,,,,,g,,,,,active
liquid-touch-brightening-concealer,,"<p>A lightweight, hydrating concealer that gives you buildable coverage where you need it while brightening skin with a radiant finish.</p>",Rare Beauty,,Concealer,"Badge: 48 shades, Coverage: Medium, Finish: Natural, non-returnable, Shop Sephora",TRUE,Shade,330N,,,,,FGPLTC330NF2,0,,0,deny,manual,24.00,,TRUE,TRUE,840122901157,,,,,,,,g,,,,,active
liquid-touch-brightening-concealer,,"<p>A lightweight, hydrating concealer that gives you buildable coverage where you need it while brightening skin with a radiant finish.</p>",Rare Beauty,,Concealer,"Badge: 48 shades, Coverage: Medium, Finish: Natural, non-returnable, Shop Sephora",TRUE,Shade,340C,,,,,FGPLTC340CF2,0,,0,deny,manual,24.00,,TRUE,TRUE,840122901164,,,,,,,,g,,,,,active
liquid-touch-brightening-concealer,,"<p>A lightweight, hydrating concealer that gives you buildable coverage where you need it while brightening skin with a radiant finish.</p>",Rare Beauty,,Concealer,"Badge: 48 shades, Coverage: Medium, Finish: Natural, non-returnable, Shop Sephora",TRUE,Shade,350C,,,,,FGPLTC350CF2,0,,0,deny,manual,24.00,,TRUE,TRUE,840122901171,,,,,,,,g,,,,,active
liquid-touch-brightening-concealer,,"<p>A lightweight, hydrating concealer that gives you buildable coverage where you need it while brightening skin with a radiant finish.</p>",Rare Beauty,,Concealer,"Badge: 48 shades, Coverage: Medium, Finish: Natural, non-returnable, Shop Sephora",TRUE,Shade,360W,,,,,FGPLTC360WF2,0,,0,deny,manual,24.00,,TRUE,TRUE,840122901188,,,,,,,,g,,,,,active
liquid-touch-brightening-concealer,,"<p>A lightweight, hydrating concealer that gives you buildable coverage where you need it while brightening skin with a radiant finish.</p>",Rare Beauty,,Concealer,"Badge: 48 shades, Coverage: Medium, Finish: Natural, non-returnable, Shop Sephora",TRUE,Shade,370N,,,,,FGPLTC370NF2,0,,0,deny,manual,24.00,,TRUE,TRUE,840122901195,,,,,,,,g,,,,,active
liquid-touch-brightening-concealer,,"<p>A lightweight, hydrating concealer that gives you buildable coverage where you need it while brightening skin with a radiant finish.</p>",Rare Beauty,,Concealer,"Badge: 48 shades, Coverage: Medium, Finish: Natural, non-returnable, Shop Sephora",TRUE,Shade,380W,,,,,FGPLTC380WF2,0,,0,deny,manual,24.00,,TRUE,TRUE,840122901201,,,,,,,,g,,,,,active
liquid-touch-brightening-concealer,,"<p>A lightweight, hydrating concealer that gives you buildable coverage where you need it while brightening skin with a radiant finish.</p>",Rare Beauty,,Concealer,"Badge: 48 shades, Coverage: Medium, Finish: Natural, non-returnable, Shop Sephora",TRUE,Shade,390C,,,,,FGPLTC390CF2,0,,0,deny,manual,24.00,,TRUE,TRUE,840122901218,,,,,,,,g,,,,,active
liquid-touch-brightening-concealer,,"<p>A lightweight, hydrating concealer that gives you buildable coverage where you need it while brightening skin with a radiant finish.</p>",Rare Beauty,,Concealer,"Badge: 48 shades, Coverage: Medium, Finish: Natural, non-returnable, Shop Sephora",TRUE,Shade,400W,,,,,FGPLTC400WF2,0,,0,deny,manual,24.00,,TRUE,TRUE,840122901225,,,,,,,,g,,,,,active
liquid-touch-brightening-concealer,,"<p>A lightweight, hydrating concealer that gives you buildable coverage where you need it while brightening skin with a radiant finish.</p>",Rare Beauty,,Concealer,"Badge: 48 shades, Coverage: Medium, Finish: Natural, non-returnable, Shop Sephora",TRUE,Shade,410N,,,,,FGPLTC410NF1,0,,0,deny,manual,24.00,,TRUE,TRUE,840122901232,,,,,,,,g,,,,,active
liquid-touch-brightening-concealer,,"<p>A lightweight, hydrating concealer that gives you buildable coverage where you need it while brightening skin with a radiant finish.</p>",Rare Beauty,,Concealer,"Badge: 48 shades, Coverage: Medium, Finish: Natural, non-returnable, Shop Sephora",TRUE,Shade,420N,,,,,FGPLTC420NF2,0,,0,deny,manual,24.00,,TRUE,TRUE,840122901249,,,,,,,,g,,,,,active
liquid-touch-brightening-concealer,,"<p>A lightweight, hydrating concealer that gives you buildable coverage where you need it while brightening skin with a radiant finish.</p>",Rare Beauty,,Concealer,"Badge: 48 shades, Coverage: Medium, Finish: Natural, non-returnable, Shop Sephora",TRUE,Shade,430W,,,,,FGPLTC430WF3,0,,0,deny,manual,24.00,,TRUE,TRUE,840122901256,,,,,,,,g,,,,,active
liquid-touch-brightening-concealer,,"<p>A lightweight, hydrating concealer that gives you buildable coverage where you need it while brightening skin with a radiant finish.</p>",Rare Beauty,,Concealer,"Badge: 48 shades, Coverage: Medium, Finish: Natural, non-returnable, Shop Sephora",TRUE,Shade,440C,,,,,FGPLTC440CF1,0,,0,deny,manual,24.00,,TRUE,TRUE,840122901263,,,,,,,,g,,,,,active
liquid-touch-brightening-concealer,,"<p>A lightweight, hydrating concealer that gives you buildable coverage where you need it while brightening skin with a radiant finish.</p>",Rare Beauty,,Concealer,"Badge: 48 shades, Coverage: Medium, Finish: Natural, non-returnable, Shop Sephora",TRUE,Shade,450N,,,,,FGPLTC450NF2,0,,0,deny,manual,24.00,,TRUE,TRUE,840122901270,,,,,,,,g,,,,,active
liquid-touch-brightening-concealer,,"<p>A lightweight, hydrating concealer that gives you buildable coverage where you need it while brightening skin with a radiant finish.</p>",Rare Beauty,,Concealer,"Badge: 48 shades, Coverage: Medium, Finish: Natural, non-returnable, Shop Sephora",TRUE,Shade,460W,,,,,FGPLTC460WF2,0,,0,deny,manual,24.00,,TRUE,TRUE,840122901287,,,,,,,,g,,,,,active
liquid-touch-brightening-concealer,,"<p>A lightweight, hydrating concealer that gives you buildable coverage where you need it while brightening skin with a radiant finish.</p>",Rare Beauty,,Concealer,"Badge: 48 shades, Coverage: Medium, Finish: Natural, non-returnable, Shop Sephora",TRUE,Shade,470C,,,,,FGPLTC470CF1,0,,0,deny,manual,24.00,,TRUE,TRUE,840122901294,,,,,,,,g,,,,,active
liquid-touch-brightening-concealer,,"<p>A lightweight, hydrating concealer that gives you buildable coverage where you need it while brightening skin with a radiant finish.</p>",Rare Beauty,,Concealer,"Badge: 48 shades, Coverage: Medium, Finish: Natural, non-returnable, Shop Sephora",TRUE,Shade,480W,,,,,FGPLTC480WF1,45,,0,deny,manual,24.00,,TRUE,TRUE,840122901300,,,,,,,,g,,,,,active
liquid-touch-brightening-concealer,,"<p>A lightweight, hydrating concealer that gives you buildable coverage where you need it while brightening skin with a radiant finish.</p>",Rare Beauty,,Concealer,"Badge: 48 shades, Coverage: Medium, Finish: Natural, non-returnable, Shop Sephora",TRUE,Shade,490C,,,,,FGPLTC490CF2,0,,0,deny,manual,24.00,,TRUE,TRUE,840122901317,,,,,,,,g,,,,,active
liquid-touch-brightening-concealer,,"<p>A lightweight, hydrating concealer that gives you buildable coverage where you need it while brightening skin with a radiant finish.</p>",Rare Beauty,,Concealer,"Badge: 48 shades, Coverage: Medium, Finish: Natural, non-returnable, Shop Sephora",TRUE,Shade,500N,,,,,FGPLTC500NF2,0,,0,deny,manual,24.00,,TRUE,TRUE,840122901324,,,,,,,,g,,,,,active
liquid-touch-brightening-concealer,,"<p>A lightweight, hydrating concealer that gives you buildable coverage where you need it while brightening skin with a radiant finish.</p>",Rare Beauty,,Concealer,"Badge: 48 shades, Coverage: Medium, Finish: Natural, non-returnable, Shop Sephora",TRUE,Shade,510W,,,,,FGPLTC510WF2,0,,0,deny,manual,24.00,,TRUE,TRUE,840122901331,,,,,,,,g,,,,,active
liquid-touch-brightening-concealer,,"<p>A lightweight, hydrating concealer that gives you buildable coverage where you need it while brightening skin with a radiant finish.</p>",Rare Beauty,,Concealer,"Badge: 48 shades, Coverage: Medium, Finish: Natural, non-returnable, Shop Sephora",TRUE,Shade,520W,,,,,FGPLTC520WF1,0,,0,deny,manual,24.00,,TRUE,TRUE,840122901348,,,,,,,,g,,,,,active
liquid-touch-brightening-concealer,,"<p>A lightweight, hydrating concealer that gives you buildable coverage where you need it while brightening skin with a radiant finish.</p>",Rare Beauty,,Concealer,"Badge: 48 shades, Coverage: Medium, Finish: Natural, non-returnable, Shop Sephora",TRUE,Shade,530N,,,,,FGPLTC530NF1,0,,0,deny,manual,24.00,,TRUE,TRUE,840122901355,,,,,,,,g,,,,,active
liquid-touch-brightening-concealer,,"<p>A lightweight, hydrating concealer that gives you buildable coverage where you need it while brightening skin with a radiant finish.</p>",Rare Beauty,,Concealer,"Badge: 48 shades, Coverage: Medium, Finish: Natural, non-returnable, Shop Sephora",TRUE,Shade,540C,,,,,FGPLTC540CF1,0,,0,deny,manual,24.00,,TRUE,TRUE,840122901362,,,,,,,,g,,,,,active
liquid-touch-brightening-concealer,,"<p>A lightweight, hydrating concealer that gives you buildable coverage where you need it while brightening skin with a radiant finish.</p>",Rare Beauty,,Concealer,"Badge: 48 shades, Coverage: Medium, Finish: Natural, non-returnable, Shop Sephora",TRUE,Shade,550C,,,,,FGPLTC550CF1,0,,0,deny,manual,24.00,,TRUE,TRUE,840122901379,,,,,,,,g,,,,,active
liquid-touch-brightening-concealer,,"<p>A lightweight, hydrating concealer that gives you buildable coverage where you need it while brightening skin with a radiant finish.</p>",Rare Beauty,,Concealer,"Badge: 48 shades, Coverage: Medium, Finish: Natural, non-returnable, Shop Sephora",TRUE,Shade,560W,,,,,FGPLTC560WF1,0,,0,deny,manual,24.00,,TRUE,TRUE,840122901386,,,,,,,,g,,,,,active
liquid-touch-brightening-concealer,,"<p>A lightweight, hydrating concealer that gives you buildable coverage where you need it while brightening skin with a radiant finish.</p>",Rare Beauty,,Concealer,"Badge: 48 shades, Coverage: Medium, Finish: Natural, non-returnable, Shop Sephora",TRUE,Shade,570N,,,,,FGPLTC570NF3,0,,0,deny,manual,24.00,,TRUE,TRUE,840122901393,,,,,,,,g,,,,,active
soft-pinch-liquid-blush,Soft Pinch Liquid Blush,"<p><span style=""font-family: -apple-system, BlinkMacSystemFont, 'San Francisco', 'Segoe UI', Roboto, 'Helvetica Neue', sans-serif; font-size: 0.875rem;""></span><span style=""font-size: 11pt; line-height: 107%; font-family: Calibri, sans-serif; background-image: initial; background-position: initial; background-size: initial; background-repeat: initial; background-attachment: initial; background-origin: initial; background-clip: initial;"">A viral bestseller for a reason. This weightless liquid blush delivers high-impact color with just one dot, blending seamlessly for a pinch-perfect flush that lasts up to 12 hours. </span><span style=""font-size: 11.0pt; line-height: 107%; font-family: 'Calibri',sans-serif; mso-ascii-theme-font: minor-latin; mso-fareast-font-family: Calibri; mso-fareast-theme-font: minor-latin; mso-hansi-theme-font: minor-latin; mso-bidi-font-family: 'Times New Roman'; mso-bidi-theme-font: minor-bidi; mso-ansi-language: EN-US; mso-fareast-language: EN-US; mso-bidi-language: AR-SA;""> </span><br></p>",Rare Beauty,,Blush,"Finish: Dewy, Finish: Matte, non-returnable, Shop Sephora, variant-disabled:variantid",TRUE,Shade,Bliss,,,,,FGPSPB006MF2,0,,0,deny,manual,25.00,,TRUE,TRUE,840122900051,https://cdn.shopify.com/s/files/1/0314/1143/7703/files/ECOMM-SP-LIQUID-BLUSH-DEWY-HOPE.jpg?v=1762200490,1,,,,,,g,,,,,active
soft-pinch-liquid-blush,,,,,,,,,,,,,,,,,,,,,,,,,https://cdn.shopify.com/s/files/1/0314/1143/7703/files/SHADE-GRIDS-SP-LIQUID-BLUSH-DEWY-HOPE.jpg?v=1772745266,2,,,,,,,,,,,
soft-pinch-liquid-blush,,,,,,,,,,,,,,,,,,,,,,,,,https://cdn.shopify.com/s/files/1/0314/1143/7703/files/SWATCH-SP-LIQUID-BLUSH-DEWY-HOPE.png?v=1764180906,3,,,,,,,,,,,
soft-pinch-liquid-blush,,,,,,,,,,,,,,,,,,,,,,,,,https://cdn.shopify.com/s/files/1/0314/1143/7703/files/ECOMM-SP-LIQUID-BLUSH-MATTE-BLISS.jpg?v=1727895258,4,,,,,,,,,,,
soft-pinch-liquid-blush,,,,,,,,,,,,,,,,,,,,,,,,,https://cdn.shopify.com/s/files/1/0314/1143/7703/files/SHADE-GRIDS-SP-LIQUID-BLUSH-MATTE-BLISS.jpg?v=1764180906,5,,,,,,,,,,,
soft-pinch-liquid-blush,,,,,,,,,,,,,,,,,,,,,,,,,https://cdn.shopify.com/s/files/1/0314/1143/7703/products/swatch-bliss.png?v=1764180906,6,,,,,,,,,,,
soft-pinch-liquid-blush,,,,,,,,,,,,,,,,,,,,,,,,,https://cdn.shopify.com/s/files/1/0314/1143/7703/files/ECOMM-SP-LIQUID-BLUSH-DEWY-WORTH.jpg?v=1764122517,7,,,,,,,,,,,
soft-pinch-liquid-blush,,,,,,,,,,,,,,,,,,,,,,,,,https://cdn.shopify.com/s/files/1/0314/1143/7703/files/SHADE-GRIDS-SP-LIQUID-BLUSH-DEWY-WORTH.jpg?v=1764180906,8,,,,,,,,,,,
soft-pinch-liquid-blush,,,,,,,,,,,,,,,,,,,,,,,,,https://cdn.shopify.com/s/files/1/0314/1143/7703/products/soft-pinch-liquid-blush-on-figure-worth-01-1440x1952.jpg?v=1764180906,9,,,,,,,,,,,
soft-pinch-liquid-blush,,,,,,,,,,,,,,,,,,,,,,,,,https://cdn.shopify.com/s/files/1/0314/1143/7703/products/soft-pinch-liquid-blush-on-figure-worth-02-1440x1952.jpg?v=1764180906,10,,,,,,,,,,,
soft-pinch-liquid-blush,,,,,,,,,,,,,,,,,,,,,,,,,https://cdn.shopify.com/s/files/1/0314/1143/7703/files/SWATCH-SP-LIQUID-BLUSH-DEWY-WORTH.png?v=1764180906,11,,,,,,,,,,,
soft-pinch-liquid-blush,,,,,,,,,,,,,,,,,,,,,,,,,https://cdn.shopify.com/s/files/1/0314/1143/7703/files/ECOMM-SP-LIQUID-BLUSH-DEWY-ENCOURAGE.jpg?v=1764122517,12,,,,,,,,,,,
soft-pinch-liquid-blush,,,,,,,,,,,,,,,,,,,,,,,,,https://cdn.shopify.com/s/files/1/0314/1143/7703/files/SHADE-GRIDS-SP-LIQUID-BLUSH-DEWY-ENCOURAGE.jpg?v=1764180906,13,,,,,,,,,,,
soft-pinch-liquid-blush,,,,,,,,,,,,,,,,,,,,,,,,,https://cdn.shopify.com/s/files/1/0314/1143/7703/files/SWATCH-SP-LIQUID-BLUSH-DEWY-ENCOURAGE.png?v=1764180906,14,,,,,,,,,,,
soft-pinch-liquid-blush,,,,,,,,,,,,,,,,,,,,,,,,,https://cdn.shopify.com/s/files/1/0314/1143/7703/files/ECOMM-SP-LIQUID-BLUSH-DEWY-BELIEVE.jpg?v=1764122517,15,,,,,,,,,,,
soft-pinch-liquid-blush,,,,,,,,,,,,,,,,,,,,,,,,,https://cdn.shopify.com/s/files/1/0314/1143/7703/files/SHADE-GRIDS-SP-LIQUID-BLUSH-DEWY-BELIEVE.jpg?v=1764180906,16,,,,,,,,,,,
soft-pinch-liquid-blush,,,,,,,,,,,,,,,,,,,,,,,,,https://cdn.shopify.com/s/files/1/0314/1143/7703/files/SWATCH-SP-LIQUID-BLUSH-DEWY-BELIEVE.png?v=1764180906,17,,,,,,,,,,,
soft-pinch-liquid-blush,,,,,,,,,,,,,,,,,,,,,,,,,https://cdn.shopify.com/s/files/1/0314/1143/7703/files/ECOMM-SP-LIQUID-BLUSH-DEWY-HAPPY.jpg?v=1764122517,18,,,,,,,,,,,
soft-pinch-liquid-blush,,,,,,,,,,,,,,,,,,,,,,,,,https://cdn.shopify.com/s/files/1/0314/1143/7703/files/SHADE-GRIDS-SP-LIQUID-BLUSH-DEWY-HAPPY.jpg?v=1764180906,19,,,,,,,,,,,
soft-pinch-liquid-blush,,,,,,,,,,,,,,,,,,,,,,,,,https://cdn.shopify.com/s/files/1/0314/1143/7703/files/SWATCH-SP-LIQUID-BLUSH-DEWY-HAPPY.png?v=1764180906,20,,,,,,,,,,,
soft-pinch-liquid-blush,,,,,,,,,,,,,,,,,,,,,,,,,https://cdn.shopify.com/s/files/1/0314/1143/7703/files/ECOMM-SP-LIQUID-BLUSH-DEWY-LUCKY.jpg?v=1764122517,21,,,,,,,,,,,
soft-pinch-liquid-blush,,,,,,,,,,,,,,,,,,,,,,,,,https://cdn.shopify.com/s/files/1/0314/1143/7703/files/SHADE-GRIDS-SP-LIQUID-BLUSH-DEWY-LUCKY.jpg?v=1764180906,22,,,,,,,,,,,
soft-pinch-liquid-blush,,,,,,,,,,,,,,,,,,,,,,,,,https://cdn.shopify.com/s/files/1/0314/1143/7703/files/SWATCH-SP-LIQUID-BLUSH-DEWY-LUCKY.png?v=1764180906,23,,,,,,,,,,,
soft-pinch-liquid-blush,,,,,,,,,,,,,,,,,,,,,,,,,https://cdn.shopify.com/s/files/1/0314/1143/7703/files/ECOMM-SP-LIQUID-BLUSH-DEWY-JOY.jpg?v=1764122517,24,,,,,,,,,,,
soft-pinch-liquid-blush,,,,,,,,,,,,,,,,,,,,,,,,,https://cdn.shopify.com/s/files/1/0314/1143/7703/files/SHADE-GRIDS-SP-LIQUID-BLUSH-DEWY-JOY.jpg?v=1764180906,25,,,,,,,,,,,
soft-pinch-liquid-blush,,,,,,,,,,,,,,,,,,,,,,,,,https://cdn.shopify.com/s/files/1/0314/1143/7703/files/SWATCH-SP-LIQUID-BLUSH-DEWY-JOY.png?v=1764180906,26,,,,,,,,,,,
soft-pinch-liquid-blush,,,,,,,,,,,,,,,,,,,,,,,,,https://cdn.shopify.com/s/files/1/0314/1143/7703/files/ECOMM-SP-LIQUID-BLUSH-MATTE-LOVE.jpg?v=1764122517,27,,,,,,,,,,,
soft-pinch-liquid-blush,,,,,,,,,,,,,,,,,,,,,,,,,https://cdn.shopify.com/s/files/1/0314/1143/7703/files/SHADE-GRIDS-SP-LIQUID-BLUSH-MATTE-LOVE.jpg?v=1764180906,28,,,,,,,,,,,
soft-pinch-liquid-blush,,,,,,,,,,,,,,,,,,,,,,,,,https://cdn.shopify.com/s/files/1/0314/1143/7703/files/SWATCH-SP-LIQUID-BLUSH-MATTE-LOVE.png?v=1764180906,29,,,,,,,,,,,
soft-pinch-liquid-blush,,,,,,,,,,,,,,,,,,,,,,,,,https://cdn.shopify.com/s/files/1/0314/1143/7703/files/ECOMM-SP-LIQUID-BLUSH-DEWY-GRATEFUL.jpg?v=1764122517,30,,,,,,,,,,,
soft-pinch-liquid-blush,,,,,,,,,,,,,,,,,,,,,,,,,https://cdn.shopify.com/s/files/1/0314/1143/7703/files/SHADE-GRIDS-SP-LIQUID-BLUSH-DEWY-GRATEFUL.jpg?v=1764180906,31,,,,,,,,,,,
soft-pinch-liquid-blush,,,,,,,,,,,,,,,,,,,,,,,,,https://cdn.shopify.com/s/files/1/0314/1143/7703/files/SWATCH-SP-LIQUID-BLUSH-DEWY-GRATEFUL.png?v=1764180906,32,,,,,,,,,,,
soft-pinch-liquid-blush,,,,,,,,,,,,,,,,,,,,,,,,,https://cdn.shopify.com/s/files/1/0314/1143/7703/files/ECOMM-SP-LIQUID-BLUSH-MATTE-GRACE.jpg?v=1764122517,33,,,,,,,,,,,
soft-pinch-liquid-blush,,,,,,,,,,,,,,,,,,,,,,,,,https://cdn.shopify.com/s/files/1/0314/1143/7703/files/SHADE-GRIDS-SP-LIQUID-BLUSH-MATTE-GRACE.jpg?v=1764180906,34,,,,,,,,,,,
soft-pinch-liquid-blush,,,,,,,,,,,,,,,,,,,,,,,,,https://cdn.shopify.com/s/files/1/0314/1143/7703/files/SWATCH-SP-LIQUID-BLUSH-MATTE-GRACE.png?v=1764180906,35,,,,,,,,,,,
soft-pinch-liquid-blush,,,,,,,,,,,,,,,,,,,,,,,,,https://cdn.shopify.com/s/files/1/0314/1143/7703/files/ECOMM-SP-LIQUID-BLUSH-MATTE-FAITH.jpg?v=1764122517,36,,,,,,,,,,,
soft-pinch-liquid-blush,,,,,,,,,,,,,,,,,,,,,,,,,https://cdn.shopify.com/s/files/1/0314/1143/7703/files/SHADE-GRIDS-SP-LIQUID-BLUSH-MATTE-FAITH.jpg?v=1764180906,37,,,,,,,,,,,
soft-pinch-liquid-blush,,,,,,,,,,,,,,,,,,,,,,,,,https://cdn.shopify.com/s/files/1/0314/1143/7703/files/SWATCH-SP-LIQUID-BLUSH-MATTE-FAITH.png?v=1764180906,38,,,,,,,,,,,
soft-pinch-liquid-blush,,,,,,,,,,,,,,,,,,,,,,,,,https://cdn.shopify.com/s/files/1/0314/1143/7703/files/ECOMM-SP-LIQUID-BLUSH-DEWY-VIRTUE.jpg?v=1764180906,39,,,,,,,,,,,
soft-pinch-liquid-blush,,,,,,,,,,,,,,,,,,,,,,,,,https://cdn.shopify.com/s/files/1/0314/1143/7703/files/SWATCH-SP-LIQUID-BLUSH-DEWY-VIRTUE.png?v=1764180906,40,,,,,,,,,,,
soft-pinch-liquid-blush,,,,,,,,,,,,,,,,,,,,,,,,,https://cdn.shopify.com/s/files/1/0314/1143/7703/files/SHADE-GRIDS-SP-LIQUID-BLUSH-DEWY-VIRTUE.jpg?v=1764180906,41,,,,,,,,,,,
soft-pinch-liquid-blush,,,,,,,,,,,,,,,,,,,,,,,,,https://cdn.shopify.com/s/files/1/0314/1143/7703/products/soft-pinch-liquid-blush-on-figure-virtue-01-1440x1952.jpg?v=1764180906,42,,,,,,,,,,,
soft-pinch-liquid-blush,,,,,,,,,,,,,,,,,,,,,,,,,https://cdn.shopify.com/s/files/1/0314/1143/7703/products/soft-pinch-liquid-blush-on-figure-virtue-02-1440x1952.jpg?v=1764180906,43,,,,,,,,,,,
soft-pinch-liquid-blush,,,,,,,,,,,,,,,,,,,,,,,,,https://cdn.shopify.com/s/files/1/0314/1143/7703/files/ECOMM-SP-LIQUID-BLUSH-DEWY-ADORE.jpg?v=1764180906,44,,,,,,,,,,,
soft-pinch-liquid-blush,,,,,,,,,,,,,,,,,,,,,,,,,https://cdn.shopify.com/s/files/1/0314/1143/7703/files/SHADE-GRIDS-SP-LIQUID-BLUSH-DEWY-ADORE.jpg?v=1764180906,45,,,,,,,,,,,
soft-pinch-liquid-blush,,,,,,,,,,,,,,,,,,,,,,,,,https://cdn.shopify.com/s/files/1/0314/1143/7703/files/SWATCH-SP-LIQUID-BLUSH-DEWY-ADORE.png?v=1764180906,46,,,,,,,,,,,
soft-pinch-liquid-blush,,,,,,,,,,,,,,,,,,,,,,,,,https://cdn.shopify.com/s/files/1/0314/1143/7703/files/ECOMM-SP-LIQUID-BLUSH-DEWY-RESILIENCE.jpg?v=1764180906,47,,,,,,,,,,,
soft-pinch-liquid-blush,,,,,,,,,,,,,,,,,,,,,,,,,https://cdn.shopify.com/s/files/1/0314/1143/7703/files/SHADE-GRIDS-SP-LIQUID-BLUSH-DEWY-RESILIENCE.jpg?v=1764180906,48,,,,,,,,,,,
soft-pinch-liquid-blush,,,,,,,,,,,,,,,,,,,,,,,,,https://cdn.shopify.com/s/files/1/0314/1143/7703/files/SWATCH-SP-LIQUID-BLUSH-DEWY-RESILIENCE.png?v=1764180906,49,,,,,,,,,,,
soft-pinch-liquid-blush,,,,,,,,,,,,,,,,,,,,,,,,,https://cdn.shopify.com/s/files/1/0314/1143/7703/files/ECOMM-SP-LIQUID-BLUSH-DEWY-SPIRITED.jpg?v=1764180906,50,,,,,,,,,,,
soft-pinch-liquid-blush,,,,,,,,,,,,,,,,,,,,,,,,,https://cdn.shopify.com/s/files/1/0314/1143/7703/files/SHADE-GRIDS-SP-LIQUID-BLUSH-DEWY-SPIRITED-2.jpg?v=1764180906,51,,,,,,,,,,,
soft-pinch-liquid-blush,,,,,,,,,,,,,,,,,,,,,,,,,https://cdn.shopify.com/s/files/1/0314/1143/7703/files/SWATCH-SP-LIQUID-BLUSH-DEWY-SPIRITED_d76c89eb-30ac-4e83-8f90-315f3f69dc1e.png?v=1764180906,52,,,,,,,,,,,
soft-pinch-liquid-blush,,,,,,,,,,,,,,,,,,,,,,,,,https://cdn.shopify.com/s/files/1/0314/1143/7703/files/ARM-SWATCHES-SP-LIQUID-BLUSH_7536872e-36ed-47a4-a15f-edba78622f37.jpg?v=1772745266,53,,,,,,,,,,,
soft-pinch-liquid-blush,,,,,,,,,,,,,,,,,,,,,,,,,https://cdn.shopify.com/s/files/1/0314/1143/7703/files/STYLIZED-COMPARISON-CHART-SP-BLUSH-V1.jpg?v=1778713502,54,,,,,,,,,,,
soft-pinch-liquid-blush,,,,,,,,,,,,,,,,,,,,,,,,,https://cdn.shopify.com/s/files/1/0314/1143/7703/products/BLUSH_DOEFOOT_SKU.jpg?v=1764180906,55,,,,,,,,,,,
soft-pinch-liquid-blush,,"<p><span style=""font-family: -apple-system, BlinkMacSystemFont, 'San Francisco', 'Segoe UI', Roboto, 'Helvetica Neue', sans-serif; font-size: 0.875rem;""></span><span style=""font-size: 11pt; line-height: 107%; font-family: Calibri, sans-serif; background-image: initial; background-position: initial; background-size: initial; background-repeat: initial; background-attachment: initial; background-origin: initial; background-clip: initial;"">A viral bestseller for a reason. This weightless liquid blush delivers high-impact color with just one dot, blending seamlessly for a pinch-perfect flush that lasts up to 12 hours. </span><span style=""font-size: 11.0pt; line-height: 107%; font-family: 'Calibri',sans-serif; mso-ascii-theme-font: minor-latin; mso-fareast-font-family: Calibri; mso-fareast-theme-font: minor-latin; mso-hansi-theme-font: minor-latin; mso-bidi-font-family: 'Times New Roman'; mso-bidi-theme-font: minor-bidi; mso-ansi-language: EN-US; mso-fareast-language: EN-US; mso-bidi-language: AR-SA;""> </span><br></p>",Rare Beauty,,Blush,"Finish: Dewy, Finish: Matte, non-returnable, Shop Sephora, variant-disabled:variantid",TRUE,Shade,Hope,,,,,FGPSPB009DF1,0,,0,deny,manual,25.00,,TRUE,TRUE,840122904929,,,,,,,,g,,,,,active
soft-pinch-liquid-blush,,"<p><span style=""font-family: -apple-system, BlinkMacSystemFont, 'San Francisco', 'Segoe UI', Roboto, 'Helvetica Neue', sans-serif; font-size: 0.875rem;""></span><span style=""font-size: 11pt; line-height: 107%; font-family: Calibri, sans-serif; background-image: initial; background-position: initial; background-size: initial; background-repeat: initial; background-attachment: initial; background-origin: initial; background-clip: initial;"">A viral bestseller for a reason. This weightless liquid blush delivers high-impact color with just one dot, blending seamlessly for a pinch-perfect flush that lasts up to 12 hours. </span><span style=""font-size: 11.0pt; line-height: 107%; font-family: 'Calibri',sans-serif; mso-ascii-theme-font: minor-latin; mso-fareast-font-family: Calibri; mso-fareast-theme-font: minor-latin; mso-hansi-theme-font: minor-latin; mso-bidi-font-family: 'Times New Roman'; mso-bidi-theme-font: minor-bidi; mso-ansi-language: EN-US; mso-fareast-language: EN-US; mso-bidi-language: AR-SA;""> </span><br></p>",Rare Beauty,,Blush,"Finish: Dewy, Finish: Matte, non-returnable, Shop Sephora, variant-disabled:variantid",TRUE,Shade,Adore,,,,,FGPSPB015DF1,0,,0,deny,manual,25.00,,TRUE,TRUE,840122909801,,,,,,,,g,,,,,active
soft-pinch-liquid-blush,,"<p><span style=""font-family: -apple-system, BlinkMacSystemFont, 'San Francisco', 'Segoe UI', Roboto, 'Helvetica Neue', sans-serif; font-size: 0.875rem;""></span><span style=""font-size: 11pt; line-height: 107%; font-family: Calibri, sans-serif; background-image: initial; background-position: initial; background-size: initial; background-repeat: initial; background-attachment: initial; background-origin: initial; background-clip: initial;"">A viral bestseller for a reason. This weightless liquid blush delivers high-impact color with just one dot, blending seamlessly for a pinch-perfect flush that lasts up to 12 hours. </span><span style=""font-size: 11.0pt; line-height: 107%; font-family: 'Calibri',sans-serif; mso-ascii-theme-font: minor-latin; mso-fareast-font-family: Calibri; mso-fareast-theme-font: minor-latin; mso-hansi-theme-font: minor-latin; mso-bidi-font-family: 'Times New Roman'; mso-bidi-theme-font: minor-bidi; mso-ansi-language: EN-US; mso-fareast-language: EN-US; mso-bidi-language: AR-SA;""> </span><br></p>",Rare Beauty,,Blush,"Finish: Dewy, Finish: Matte, non-returnable, Shop Sephora, variant-disabled:variantid",TRUE,Shade,Happy,,,,,FGPSPB002DF2,0,,0,deny,manual,25.00,,TRUE,TRUE,840122900013,,,,,,,,g,,,,,active
soft-pinch-liquid-blush,,"<p><span style=""font-family: -apple-system, BlinkMacSystemFont, 'San Francisco', 'Segoe UI', Roboto, 'Helvetica Neue', sans-serif; font-size: 0.875rem;""></span><span style=""font-size: 11pt; line-height: 107%; font-family: Calibri, sans-serif; background-image: initial; background-position: initial; background-size: initial; background-repeat: initial; background-attachment: initial; background-origin: initial; background-clip: initial;"">A viral bestseller for a reason. This weightless liquid blush delivers high-impact color with just one dot, blending seamlessly for a pinch-perfect flush that lasts up to 12 hours. </span><span style=""font-size: 11.0pt; line-height: 107%; font-family: 'Calibri',sans-serif; mso-ascii-theme-font: minor-latin; mso-fareast-font-family: Calibri; mso-fareast-theme-font: minor-latin; mso-hansi-theme-font: minor-latin; mso-bidi-font-family: 'Times New Roman'; mso-bidi-theme-font: minor-bidi; mso-ansi-language: EN-US; mso-fareast-language: EN-US; mso-bidi-language: AR-SA;""> </span><br></p>",Rare Beauty,,Blush,"Finish: Dewy, Finish: Matte, non-returnable, Shop Sephora, variant-disabled:variantid",TRUE,Shade,Worth,,,,,FGPSPB013DF1,0,,0,deny,manual,25.00,,TRUE,TRUE,840122906084,,,,,,,,g,,,,,active
soft-pinch-liquid-blush,,"<p><span style=""font-family: -apple-system, BlinkMacSystemFont, 'San Francisco', 'Segoe UI', Roboto, 'Helvetica Neue', sans-serif; font-size: 0.875rem;""></span><span style=""font-size: 11pt; line-height: 107%; font-family: Calibri, sans-serif; background-image: initial; background-position: initial; background-size: initial; background-repeat: initial; background-attachment: initial; background-origin: initial; background-clip: initial;"">A viral bestseller for a reason. This weightless liquid blush delivers high-impact color with just one dot, blending seamlessly for a pinch-perfect flush that lasts up to 12 hours. </span><span style=""font-size: 11.0pt; line-height: 107%; font-family: 'Calibri',sans-serif; mso-ascii-theme-font: minor-latin; mso-fareast-font-family: Calibri; mso-fareast-theme-font: minor-latin; mso-hansi-theme-font: minor-latin; mso-bidi-font-family: 'Times New Roman'; mso-bidi-theme-font: minor-bidi; mso-ansi-language: EN-US; mso-fareast-language: EN-US; mso-bidi-language: AR-SA;""> </span><br></p>",Rare Beauty,,Blush,"Finish: Dewy, Finish: Matte, non-returnable, Shop Sephora, variant-disabled:variantid",TRUE,Shade,Virtue,,,,,FGPSPB012DF1,0,,0,deny,manual,25.00,,TRUE,TRUE,840122906077,,,,,,,,g,,,,,active
soft-pinch-liquid-blush,,"<p><span style=""font-family: -apple-system, BlinkMacSystemFont, 'San Francisco', 'Segoe UI', Roboto, 'Helvetica Neue', sans-serif; font-size: 0.875rem;""></span><span style=""font-size: 11pt; line-height: 107%; font-family: Calibri, sans-serif; background-image: initial; background-position: initial; background-size: initial; background-repeat: initial; background-attachment: initial; background-origin: initial; background-clip: initial;"">A viral bestseller for a reason. This weightless liquid blush delivers high-impact color with just one dot, blending seamlessly for a pinch-perfect flush that lasts up to 12 hours. </span><span style=""font-size: 11.0pt; line-height: 107%; font-family: 'Calibri',sans-serif; mso-ascii-theme-font: minor-latin; mso-fareast-font-family: Calibri; mso-fareast-theme-font: minor-latin; mso-hansi-theme-font: minor-latin; mso-bidi-font-family: 'Times New Roman'; mso-bidi-theme-font: minor-bidi; mso-ansi-language: EN-US; mso-fareast-language: EN-US; mso-bidi-language: AR-SA;""> </span><br></p>",Rare Beauty,,Blush,"Finish: Dewy, Finish: Matte, non-returnable, Shop Sephora, variant-disabled:variantid",TRUE,Shade,Love,,,,,FGPSPB008MF2,0,,0,deny,manual,25.00,,TRUE,TRUE,840122900075,,,,,,,,g,,,,,active
soft-pinch-liquid-blush,,"<p><span style=""font-family: -apple-system, BlinkMacSystemFont, 'San Francisco', 'Segoe UI', Roboto, 'Helvetica Neue', sans-serif; font-size: 0.875rem;""></span><span style=""font-size: 11pt; line-height: 107%; font-family: Calibri, sans-serif; background-image: initial; background-position: initial; background-size: initial; background-repeat: initial; background-attachment: initial; background-origin: initial; background-clip: initial;"">A viral bestseller for a reason. This weightless liquid blush delivers high-impact color with just one dot, blending seamlessly for a pinch-perfect flush that lasts up to 12 hours. </span><span style=""font-size: 11.0pt; line-height: 107%; font-family: 'Calibri',sans-serif; mso-ascii-theme-font: minor-latin; mso-fareast-font-family: Calibri; mso-fareast-theme-font: minor-latin; mso-hansi-theme-font: minor-latin; mso-bidi-font-family: 'Times New Roman'; mso-bidi-theme-font: minor-bidi; mso-ansi-language: EN-US; mso-fareast-language: EN-US; mso-bidi-language: AR-SA;""> </span><br></p>",Rare Beauty,,Blush,"Finish: Dewy, Finish: Matte, non-returnable, Shop Sephora, variant-disabled:variantid",TRUE,Shade,Resilience,,,,,FGPSPB016DF1,0,,0,deny,manual,25.00,,TRUE,TRUE,840122909818,,,,,,,,g,,,,,active
soft-pinch-liquid-blush,,"<p><span style=""font-family: -apple-system, BlinkMacSystemFont, 'San Francisco', 'Segoe UI', Roboto, 'Helvetica Neue', sans-serif; font-size: 0.875rem;""></span><span style=""font-size: 11pt; line-height: 107%; font-family: Calibri, sans-serif; background-image: initial; background-position: initial; background-size: initial; background-repeat: initial; background-attachment: initial; background-origin: initial; background-clip: initial;"">A viral bestseller for a reason. This weightless liquid blush delivers high-impact color with just one dot, blending seamlessly for a pinch-perfect flush that lasts up to 12 hours. </span><span style=""font-size: 11.0pt; line-height: 107%; font-family: 'Calibri',sans-serif; mso-ascii-theme-font: minor-latin; mso-fareast-font-family: Calibri; mso-fareast-theme-font: minor-latin; mso-hansi-theme-font: minor-latin; mso-bidi-font-family: 'Times New Roman'; mso-bidi-theme-font: minor-bidi; mso-ansi-language: EN-US; mso-fareast-language: EN-US; mso-bidi-language: AR-SA;""> </span><br></p>",Rare Beauty,,Blush,"Finish: Dewy, Finish: Matte, non-returnable, Shop Sephora, variant-disabled:variantid",TRUE,Shade,Joy,,,,,FGPSPB001DF2,0,,0,deny,manual,25.00,,TRUE,TRUE,840122900006,,,,,,,,g,,,,,active
soft-pinch-liquid-blush,,"<p><span style=""font-family: -apple-system, BlinkMacSystemFont, 'San Francisco', 'Segoe UI', Roboto, 'Helvetica Neue', sans-serif; font-size: 0.875rem;""></span><span style=""font-size: 11pt; line-height: 107%; font-family: Calibri, sans-serif; background-image: initial; background-position: initial; background-size: initial; background-repeat: initial; background-attachment: initial; background-origin: initial; background-clip: initial;"">A viral bestseller for a reason. This weightless liquid blush delivers high-impact color with just one dot, blending seamlessly for a pinch-perfect flush that lasts up to 12 hours. </span><span style=""font-size: 11.0pt; line-height: 107%; font-family: 'Calibri',sans-serif; mso-ascii-theme-font: minor-latin; mso-fareast-font-family: Calibri; mso-fareast-theme-font: minor-latin; mso-hansi-theme-font: minor-latin; mso-bidi-font-family: 'Times New Roman'; mso-bidi-theme-font: minor-bidi; mso-ansi-language: EN-US; mso-fareast-language: EN-US; mso-bidi-language: AR-SA;""> </span><br></p>",Rare Beauty,,Blush,"Finish: Dewy, Finish: Matte, non-returnable, Shop Sephora, variant-disabled:variantid",TRUE,Shade,Grateful,,,,,FGPSPB004DF2,45,,0,deny,manual,25.00,,TRUE,TRUE,840122900037,,,,,,,,g,,,,,active
soft-pinch-liquid-blush,,"<p><span style=""font-family: -apple-system, BlinkMacSystemFont, 'San Francisco', 'Segoe UI', Roboto, 'Helvetica Neue', sans-serif; font-size: 0.875rem;""></span><span style=""font-size: 11pt; line-height: 107%; font-family: Calibri, sans-serif; background-image: initial; background-position: initial; background-size: initial; background-repeat: initial; background-attachment: initial; background-origin: initial; background-clip: initial;"">A viral bestseller for a reason. This weightless liquid blush delivers high-impact color with just one dot, blending seamlessly for a pinch-perfect flush that lasts up to 12 hours. </span><span style=""font-size: 11.0pt; line-height: 107%; font-family: 'Calibri',sans-serif; mso-ascii-theme-font: minor-latin; mso-fareast-font-family: Calibri; mso-fareast-theme-font: minor-latin; mso-hansi-theme-font: minor-latin; mso-bidi-font-family: 'Times New Roman'; mso-bidi-theme-font: minor-bidi; mso-ansi-language: EN-US; mso-fareast-language: EN-US; mso-bidi-language: AR-SA;""> </span><br></p>",Rare Beauty,,Blush,"Finish: Dewy, Finish: Matte, non-returnable, Shop Sephora, variant-disabled:variantid",TRUE,Shade,Lucky,,,,,FGPSPB003DF2,0,,0,deny,manual,25.00,,TRUE,TRUE,840122900020,,,,,,,,g,,,,,active
soft-pinch-liquid-blush,,"<p><span style=""font-family: -apple-system, BlinkMacSystemFont, 'San Francisco', 'Segoe UI', Roboto, 'Helvetica Neue', sans-serif; font-size: 0.875rem;""></span><span style=""font-size: 11pt; line-height: 107%; font-family: Calibri, sans-serif; background-image: initial; background-position: initial; background-size: initial; background-repeat: initial; background-attachment: initial; background-origin: initial; background-clip: initial;"">A viral bestseller for a reason. This weightless liquid blush delivers high-impact color with just one dot, blending seamlessly for a pinch-perfect flush that lasts up to 12 hours. </span><span style=""font-size: 11.0pt; line-height: 107%; font-family: 'Calibri',sans-serif; mso-ascii-theme-font: minor-latin; mso-fareast-font-family: Calibri; mso-fareast-theme-font: minor-latin; mso-hansi-theme-font: minor-latin; mso-bidi-font-family: 'Times New Roman'; mso-bidi-theme-font: minor-bidi; mso-ansi-language: EN-US; mso-fareast-language: EN-US; mso-bidi-language: AR-SA;""> </span><br></p>",Rare Beauty,,Blush,"Finish: Dewy, Finish: Matte, non-returnable, Shop Sephora, variant-disabled:variantid",TRUE,Shade,Spirited,,,,,FGPSPB014DF1,0,,0,deny,manual,25.00,,TRUE,TRUE,840122909795,,,,,,,,g,,,,,active
soft-pinch-liquid-blush,,"<p><span style=""font-family: -apple-system, BlinkMacSystemFont, 'San Francisco', 'Segoe UI', Roboto, 'Helvetica Neue', sans-serif; font-size: 0.875rem;""></span><span style=""font-size: 11pt; line-height: 107%; font-family: Calibri, sans-serif; background-image: initial; background-position: initial; background-size: initial; background-repeat: initial; background-attachment: initial; background-origin: initial; background-clip: initial;"">A viral bestseller for a reason. This weightless liquid blush delivers high-impact color with just one dot, blending seamlessly for a pinch-perfect flush that lasts up to 12 hours. </span><span style=""font-size: 11.0pt; line-height: 107%; font-family: 'Calibri',sans-serif; mso-ascii-theme-font: minor-latin; mso-fareast-font-family: Calibri; mso-fareast-theme-font: minor-latin; mso-hansi-theme-font: minor-latin; mso-bidi-font-family: 'Times New Roman'; mso-bidi-theme-font: minor-bidi; mso-ansi-language: EN-US; mso-fareast-language: EN-US; mso-bidi-language: AR-SA;""> </span><br></p>",Rare Beauty,,Blush,"Finish: Dewy, Finish: Matte, non-returnable, Shop Sephora, variant-disabled:variantid",TRUE,Shade,Grace,,,,,FGPSPB005MF2,0,,0,deny,manual,25.00,,TRUE,TRUE,840122900044,,,,,,,,g,,,,,active
soft-pinch-liquid-blush,,"<p><span style=""font-family: -apple-system, BlinkMacSystemFont, 'San Francisco', 'Segoe UI', Roboto, 'Helvetica Neue', sans-serif; font-size: 0.875rem;""></span><span style=""font-size: 11pt; line-height: 107%; font-family: Calibri, sans-serif; background-image: initial; background-position: initial; background-size: initial; background-repeat: initial; background-attachment: initial; background-origin: initial; background-clip: initial;"">A viral bestseller for a reason. This weightless liquid blush delivers high-impact color with just one dot, blending seamlessly for a pinch-perfect flush that lasts up to 12 hours. </span><span style=""font-size: 11.0pt; line-height: 107%; font-family: 'Calibri',sans-serif; mso-ascii-theme-font: minor-latin; mso-fareast-font-family: Calibri; mso-fareast-theme-font: minor-latin; mso-hansi-theme-font: minor-latin; mso-bidi-font-family: 'Times New Roman'; mso-bidi-theme-font: minor-bidi; mso-ansi-language: EN-US; mso-fareast-language: EN-US; mso-bidi-language: AR-SA;""> </span><br></p>",Rare Beauty,,Blush,"Finish: Dewy, Finish: Matte, non-returnable, Shop Sephora, variant-disabled:variantid",TRUE,Shade,Encourage,,,,,FGPSPB010DF1,0,,0,deny,manual,25.00,,TRUE,TRUE,840122904936,,,,,,,,g,,,,,active
soft-pinch-liquid-blush,,"<p><span style=""font-family: -apple-system, BlinkMacSystemFont, 'San Francisco', 'Segoe UI', Roboto, 'Helvetica Neue', sans-serif; font-size: 0.875rem;""></span><span style=""font-size: 11pt; line-height: 107%; font-family: Calibri, sans-serif; background-image: initial; background-position: initial; background-size: initial; background-repeat: initial; background-attachment: initial; background-origin: initial; background-clip: initial;"">A viral bestseller for a reason. This weightless liquid blush delivers high-impact color with just one dot, blending seamlessly for a pinch-perfect flush that lasts up to 12 hours. </span><span style=""font-size: 11.0pt; line-height: 107%; font-family: 'Calibri',sans-serif; mso-ascii-theme-font: minor-latin; mso-fareast-font-family: Calibri; mso-fareast-theme-font: minor-latin; mso-hansi-theme-font: minor-latin; mso-bidi-font-family: 'Times New Roman'; mso-bidi-theme-font: minor-bidi; mso-ansi-language: EN-US; mso-fareast-language: EN-US; mso-bidi-language: AR-SA;""> </span><br></p>",Rare Beauty,,Blush,"Finish: Dewy, Finish: Matte, non-returnable, Shop Sephora, variant-disabled:variantid",TRUE,Shade,Believe,,,,,FGPSPB011DF1,0,,0,deny,manual,25.00,,TRUE,TRUE,840122904943,,,,,,,,g,,,,,active
soft-pinch-liquid-blush,,"<p><span style=""font-family: -apple-system, BlinkMacSystemFont, 'San Francisco', 'Segoe UI', Roboto, 'Helvetica Neue', sans-serif; font-size: 0.875rem;""></span><span style=""font-size: 11pt; line-height: 107%; font-family: Calibri, sans-serif; background-image: initial; background-position: initial; background-size: initial; background-repeat: initial; background-attachment: initial; background-origin: initial; background-clip: initial;"">A viral bestseller for a reason. This weightless liquid blush delivers high-impact color with just one dot, blending seamlessly for a pinch-perfect flush that lasts up to 12 hours. </span><span style=""font-size: 11.0pt; line-height: 107%; font-family: 'Calibri',sans-serif; mso-ascii-theme-font: minor-latin; mso-fareast-font-family: Calibri; mso-fareast-theme-font: minor-latin; mso-hansi-theme-font: minor-latin; mso-bidi-font-family: 'Times New Roman'; mso-bidi-theme-font: minor-bidi; mso-ansi-language: EN-US; mso-fareast-language: EN-US; mso-bidi-language: AR-SA;""> </span><br></p>",Rare Beauty,,Blush,"Finish: Dewy, Finish: Matte, non-returnable, Shop Sephora, variant-disabled:variantid",TRUE,Shade,Faith,,,,,FGPSPB007MF2,0,,0,deny,manual,25.00,,TRUE,TRUE,840122900068,,,,,,,,g,,,,,active
gift-card,Rare Beauty E-Gift Cards,"<p>Rare Beauty E-Gift Cards can be ordered online and delivered via email to anyone you choose. Select a value from $15 to $100, include your personalized message, and send (you can even schedule sending for a later date). Your e-gift card will be delivered via email and will include a unique code for your recipient to enter at checkout. You’ll also receive a notification when your E-Gift Card has been delivered and opened. It’s that easy.</p>
<p> </p>
<p>*E-Gift Cards are only valid in the U.S. Final sale and non-refundable.</p>",Rare Beauty,,Gift Card,"Final Sale, non-returnable, YBlocklist",TRUE,Title,$15,,,,,,0,,0,deny,manual,15.00,,FALSE,FALSE,,https://cdn.shopify.com/s/files/1/0314/1143/7703/products/eb0e7cf0c6ea4a6598956f0d06d9e922.png?v=1762200681,1,,,,,,g,,,,,active
gift-card,,"<p>Rare Beauty E-Gift Cards can be ordered online and delivered via email to anyone you choose. Select a value from $15 to $100, include your personalized message, and send (you can even schedule sending for a later date). Your e-gift card will be delivered via email and will include a unique code for your recipient to enter at checkout. You’ll also receive a notification when your E-Gift Card has been delivered and opened. It’s that easy.</p>
<p> </p>
<p>*E-Gift Cards are only valid in the U.S. Final sale and non-refundable.</p>",Rare Beauty,,Gift Card,"Final Sale, non-returnable, YBlocklist",TRUE,Title,$25,,,,,,0,,0,deny,manual,25.00,,FALSE,FALSE,,,,,,,,,g,,,,,active
gift-card,,"<p>Rare Beauty E-Gift Cards can be ordered online and delivered via email to anyone you choose. Select a value from $15 to $100, include your personalized message, and send (you can even schedule sending for a later date). Your e-gift card will be delivered via email and will include a unique code for your recipient to enter at checkout. You’ll also receive a notification when your E-Gift Card has been delivered and opened. It’s that easy.</p>
<p> </p>
<p>*E-Gift Cards are only valid in the U.S. Final sale and non-refundable.</p>",Rare Beauty,,Gift Card,"Final Sale, non-returnable, YBlocklist",TRUE,Title,$50,,,,,,0,,0,deny,manual,50.00,,FALSE,FALSE,,,,,,,,,g,,,,,active
gift-card,,"<p>Rare Beauty E-Gift Cards can be ordered online and delivered via email to anyone you choose. Select a value from $15 to $100, include your personalized message, and send (you can even schedule sending for a later date). Your e-gift card will be delivered via email and will include a unique code for your recipient to enter at checkout. You’ll also receive a notification when your E-Gift Card has been delivered and opened. It’s that easy.</p>
<p> </p>
<p>*E-Gift Cards are only valid in the U.S. Final sale and non-refundable.</p>",Rare Beauty,,Gift Card,"Final Sale, non-returnable, YBlocklist",TRUE,Title,$100,,,,,,0,,0,deny,manual,100.00,,FALSE,FALSE,,,,,,,,,g,,,,,active
makeup-puffy-bag-peach,Puffy Makeup Bag,"<p>Puffy, packable, and protective, this quilted makeup bag is the perfect catch-all for your favorite beauty things and non-beauty things alike.</p>
<p data-mce-fragment=""1""> </p>",Rare Beauty,,Bag,"Badge: Exclusive, non-returnable",TRUE,Title,Default Title,,,,,MKTBAG0000X1,60,,0,deny,manual,23.00,,TRUE,TRUE,840122902185,https://cdn.shopify.com/s/files/1/0314/1143/7703/products/PUFFY-MAKEUP-BAG-1.jpg?v=1762200712,1,,,,,,g,,,,,active
makeup-puffy-bag-peach,,,,,,,,,,,,,,,,,,,,,,,,,https://cdn.shopify.com/s/files/1/0314/1143/7703/products/PUFFY-MAKEUP-BAG-2.jpg?v=1597420511,2,,,,,,,,,,,
enamel-stickers,Rare Beauty Enamel Stickers,A 3-pack of collectible Rare Beauty stickers with metallic accents - for that 3D-enamel-pin look that you can stick anywhere.,Rare Beauty,,Merch,"Badge: Exclusive, non-returnable",TRUE,Title,Default Title,,,,,MKTSTK0000X1,5,,0,deny,manual,8.00,,TRUE,TRUE,840122902222,https://cdn.shopify.com/s/files/1/0314/1143/7703/products/3-PIECE-ENAMEL-PIN-SKU.jpg?v=1762201270,1,,,,,,g,,,,,active
always-an-optimist-illuminating-primer-1,Always an Optimist Illuminating Primer,"A cooling, water-based gel primer that smoothes, hydrates, and illuminates skin, prepping you for makeup that looks and feels its best all day.",Rare Beauty,,Primer,"Finish: Radiant, non-returnable, Shop Sephora",TRUE,Title,Default Title,,,,,FGPAOP0001F2,64,,0,deny,manual,30.00,,TRUE,TRUE,840122901430,https://cdn.shopify.com/s/files/1/0314/1143/7703/products/ILLUMINATING-PRIMER-28ML-SKU-1_6ffb264a-d678-4a6d-85a8-fa2924d6fd0f.jpg?v=1762201378,1,,,,,,g,,,,,active
always-an-optimist-illuminating-primer-1,,,,,,,,,,,,,,,,,,,,,,,,,https://cdn.shopify.com/s/files/1/0314/1143/7703/products/ILLUMINATING-PRIMER-28ML-SKU-2_de2c77b4-28f1-4a2e-aca6-527d14c1b3d0.jpg?v=1617149504,2,,,,,,,,,,,
always-an-optimist-illuminating-primer-1,,,,,,,,,,,,,,,,,,,,,,,,,https://cdn.shopify.com/s/files/1/0314/1143/7703/products/illuminating-primer-swatch-1440x1952.jpg?v=1617149504,3,,,,,,,,,,,
stay-vulnerable-all-over-eyeshadow-brush,Stay Vulnerable All-Over Eyeshadow Brush,"<p data-mce-fragment=""1"">An eyeshadow brush for easy, all-over blending, with a unique dense, angled shape that mimics your fingertip for max control.</p>",Rare Beauty,,Brushes,"non-returnable, Shop Sephora",TRUE,Title,Default Title,,,,,FGPLEB0001F3,0,,0,deny,manual,15.00,,TRUE,TRUE,840122902468,https://cdn.shopify.com/s/files/1/0314/1143/7703/products/Liquid-Eyeshadow-Brush-SKU.jpg?v=1762269513,1,,,,,,g,,,,,active
stay-vulnerable-all-over-eyeshadow-brush,,,,,,,,,,,,,,,,,,,,,,,,,https://cdn.shopify.com/s/files/1/0314/1143/7703/products/Liquid-Eyeshadow-Brush-Alt-SKU.jpg?v=1608570437,2,,,,,,,,,,,
rare-beauty-decal-stickers,Rare Beauty Decal Stickers,"<p><span data-sheets-value='{""1"":2,""2"":""A 3-pack of assorted Rare Beauty stickers perfect for personalizing all your favorite things.""}' data-sheets-userformat='{""2"":769,""3"":{""1"":0},""11"":4,""12"":0}'>3-pack of assorted Rare Beauty stickers perfect for personalizing all your favorite things.</span></p>",Rare Beauty,,Merch,"Badge: Exclusive, non-returnable",TRUE,Title,Default Title,,,,,MKTSTK0001X1,5,,0,deny,manual,5.00,,TRUE,TRUE,840122902697,https://cdn.shopify.com/s/files/1/0314/1143/7703/products/Holiday-Stickers-SKU.jpg?v=1762269514,1,,,,,,g,,,,,active
stay-vulnerable-melting-blush,Stay Vulnerable Melting Blush,"<span data-sheets-value='{""1"":2,""2"":""A breakthrough, mistakeproof liquid-like cream blush that melts into a second skin for the most natural-looking flush you can’t mess up. ""}' data-sheets-userformat='{""2"":769,""3"":{""1"":0},""11"":4,""12"":0}' data-mce-fragment=""1"">A breakthrough, mistakeproof liquid-like cream blush that melts into a second skin for the most natural-looking flush you can’t mess up. </span>",Rare Beauty,,Blush,"non-returnable, Shop Sephora",TRUE,Shade,Nearly Neutral,,,,,FGPSVB0001F3,0,,0,deny,manual,24.00,,TRUE,TRUE,840122902475,https://cdn.shopify.com/s/files/1/0314/1143/7703/products/Melting-Blush-NearlyNeutral-SKU.jpg?v=1762269531,1,,,,,,g,,,,,active
stay-vulnerable-melting-blush,,,,,,,,,,,,,,,,,,,,,,,,,https://cdn.shopify.com/s/files/1/0314/1143/7703/products/Nearly-Neutral.jpg?v=1697230800,2,,,,,,,,,,,
stay-vulnerable-melting-blush,,,,,,,,,,,,,,,,,,,,,,,,,https://cdn.shopify.com/s/files/1/0314/1143/7703/products/Melting-Blush-NearlyRose-SKU.jpg?v=1697230800,3,,,,,,,,,,,
stay-vulnerable-melting-blush,,,,,,,,,,,,,,,,,,,,,,,,,https://cdn.shopify.com/s/files/1/0314/1143/7703/products/Nearly-Rose.jpg?v=1697230800,4,,,,,,,,,,,
stay-vulnerable-melting-blush,,,,,,,,,,,,,,,,,,,,,,,,,https://cdn.shopify.com/s/files/1/0314/1143/7703/products/Melting-Blush-NearlyBerry-SKU.jpg?v=1697230800,5,,,,,,,,,,,
stay-vulnerable-melting-blush,,,,,,,,,,,,,,,,,,,,,,,,,https://cdn.shopify.com/s/files/1/0314/1143/7703/products/Nearly-Berry.jpg?v=1697230800,6,,,,,,,,,,,
stay-vulnerable-melting-blush,,,,,,,,,,,,,,,,,,,,,,,,,https://cdn.shopify.com/s/files/1/0314/1143/7703/products/Melting-Blush-NearlyMauve-SKU.jpg?v=1697230800,7,,,,,,,,,,,
stay-vulnerable-melting-blush,,,,,,,,,,,,,,,,,,,,,,,,,https://cdn.shopify.com/s/files/1/0314/1143/7703/products/Nearly-Mauve.jpg?v=1697230800,8,,,,,,,,,,,
stay-vulnerable-melting-blush,,,,,,,,,,,,,,,,,,,,,,,,,https://cdn.shopify.com/s/files/1/0314/1143/7703/products/Melting-Blush-NearlyApricot-SKU.jpg?v=1697230800,9,,,,,,,,,,,
stay-vulnerable-melting-blush,,,,,,,,,,,,,,,,,,,,,,,,,https://cdn.shopify.com/s/files/1/0314/1143/7703/products/Nearly-Apricot.jpg?v=1697230800,10,,,,,,,,,,,
stay-vulnerable-melting-blush,,,,,,,,,,,,,,,,,,,,,,,,,https://cdn.shopify.com/s/files/1/0314/1143/7703/products/Stay-Vulnerable-Melting-Blush-RB-Final.jpg?v=1697230800,11,,,,,,,,,,,
stay-vulnerable-melting-blush,,,,,,,,,,,,,,,,,,,,,,,,,https://cdn.shopify.com/s/files/1/0314/1143/7703/products/Melting-Blush-Closed-SKU.jpg?v=1697230800,12,,,,,,,,,,,
stay-vulnerable-melting-blush,,"<span data-sheets-value='{""1"":2,""2"":""A breakthrough, mistakeproof liquid-like cream blush that melts into a second skin for the most natural-looking flush you can’t mess up. ""}' data-sheets-userformat='{""2"":769,""3"":{""1"":0},""11"":4,""12"":0}' data-mce-fragment=""1"">A breakthrough, mistakeproof liquid-like cream blush that melts into a second skin for the most natural-looking flush you can’t mess up. </span>",Rare Beauty,,Blush,"non-returnable, Shop Sephora",TRUE,Shade,Nearly Rose,,,,,FGPSVB0002F3,0,,0,deny,manual,24.00,,TRUE,TRUE,840122902482,,,,,,,,g,,,,,active
stay-vulnerable-melting-blush,,"<span data-sheets-value='{""1"":2,""2"":""A breakthrough, mistakeproof liquid-like cream blush that melts into a second skin for the most natural-looking flush you can’t mess up. ""}' data-sheets-userformat='{""2"":769,""3"":{""1"":0},""11"":4,""12"":0}' data-mce-fragment=""1"">A breakthrough, mistakeproof liquid-like cream blush that melts into a second skin for the most natural-looking flush you can’t mess up. </span>",Rare Beauty,,Blush,"non-returnable, Shop Sephora",TRUE,Shade,Nearly Apricot,,,,,FGPSVB0005F3,0,,0,deny,manual,24.00,,TRUE,TRUE,840122902512,,,,,,,,g,,,,,active
stay-vulnerable-melting-blush,,"<span data-sheets-value='{""1"":2,""2"":""A breakthrough, mistakeproof liquid-like cream blush that melts into a second skin for the most natural-looking flush you can’t mess up. ""}' data-sheets-userformat='{""2"":769,""3"":{""1"":0},""11"":4,""12"":0}' data-mce-fragment=""1"">A breakthrough, mistakeproof liquid-like cream blush that melts into a second skin for the most natural-looking flush you can’t mess up. </span>",Rare Beauty,,Blush,"non-returnable, Shop Sephora",TRUE,Shade,Nearly Mauve,,,,,FGPSVB0004F3,0,,0,deny,manual,24.00,,TRUE,TRUE,840122902505,,,,,,,,g,,,,,active
stay-vulnerable-melting-blush,,"<span data-sheets-value='{""1"":2,""2"":""A breakthrough, mistakeproof liquid-like cream blush that melts into a second skin for the most natural-looking flush you can’t mess up. ""}' data-sheets-userformat='{""2"":769,""3"":{""1"":0},""11"":4,""12"":0}' data-mce-fragment=""1"">A breakthrough, mistakeproof liquid-like cream blush that melts into a second skin for the most natural-looking flush you can’t mess up. </span>",Rare Beauty,,Blush,"non-returnable, Shop Sephora",TRUE,Shade,Nearly Berry,,,,,FGPSVB0003F3,0,,0,deny,manual,24.00,,TRUE,TRUE,840122902499,,,,,,,,g,,,,,active
stay-vulnerable-glossy-lip-balm,Stay Vulnerable Glossy Lip Balm,"<p><meta charset=""utf-8""><span data-contrast=""none"" lang=""EN-US"" class=""TextRun SCXW128011570 BCX0"" xml:lang=""EN-US""><span class=""NormalTextRun SCXW128011570 BCX0"">Like a lip mask in a gloss, this ultra shiny balm cushions lips with soft, nourishing color </span><span class=""NormalTextRun SCXW128011570 BCX0"">that’s</span><span class=""NormalTextRun SCXW128011570 BCX0""> all slick, no stick. Now in a NEW, limited-edition shade N</span></span><span data-contrast=""auto"" lang=""EN-US"" class=""TextRun SCXW128011570 BCX0"" xml:lang=""EN-US""><span class=""NormalTextRun SCXW128011570 BCX0"">early Petal.</span></span></p>",Rare Beauty,,Lip Balm,"non-returnable, Shop Sephora",TRUE,Shade,Nearly Neutral,,,,,FGPSVL0001F2,0,,0,deny,manual,20.00,,TRUE,TRUE,840122902369,https://cdn.shopify.com/s/files/1/0314/1143/7703/products/Glossy-Lip-Balm-NearlyNeutral-SKU.jpg?v=1762269531,1,,,,,,g,,,,,active
stay-vulnerable-glossy-lip-balm,,,,,,,,,,,,,,,,,,,,,,,,,https://cdn.shopify.com/s/files/1/0314/1143/7703/products/Nearly-Neutral_69eedfd1-638d-4c60-8a82-adc7bf1d6511.jpg?v=1608610857,2,,,,,,,,,,,
stay-vulnerable-glossy-lip-balm,,,,,,,,,,,,,,,,,,,,,,,,,https://cdn.shopify.com/s/files/1/0314/1143/7703/products/Glossy-Lip-Balm-NearlyRose-SKU.jpg?v=1608610737,3,,,,,,,,,,,
stay-vulnerable-glossy-lip-balm,,,,,,,,,,,,,,,,,,,,,,,,,https://cdn.shopify.com/s/files/1/0314/1143/7703/products/Nearly-Rose_398e3ddc-e2b9-40f5-baca-5a7235d25c86.jpg?v=1608610857,4,,,,,,,,,,,
stay-vulnerable-glossy-lip-balm,,,,,,,,,,,,,,,,,,,,,,,,,https://cdn.shopify.com/s/files/1/0314/1143/7703/products/Glossy-Lip-Balm-NearlyBerry-SKU.jpg?v=1608610737,5,,,,,,,,,,,
stay-vulnerable-glossy-lip-balm,,,,,,,,,,,,,,,,,,,,,,,,,https://cdn.shopify.com/s/files/1/0314/1143/7703/products/Nearly-Berry_f2e8614d-8537-4f29-ae74-46db5fe2e1bd.jpg?v=1608610857,6,,,,,,,,,,,
stay-vulnerable-glossy-lip-balm,,,,,,,,,,,,,,,,,,,,,,,,,https://cdn.shopify.com/s/files/1/0314/1143/7703/products/Glossy-Lip-Balm-NearlyMauve-SKU.jpg?v=1608610737,7,,,,,,,,,,,
stay-vulnerable-glossy-lip-balm,,,,,,,,,,,,,,,,,,,,,,,,,https://cdn.shopify.com/s/files/1/0314/1143/7703/products/Nearly-Mauve_ceb1be1a-7b90-48be-9ed1-0d87279581c0.jpg?v=1608610857,8,,,,,,,,,,,
stay-vulnerable-glossy-lip-balm,,,,,,,,,,,,,,,,,,,,,,,,,https://cdn.shopify.com/s/files/1/0314/1143/7703/products/Glossy-Lip-Balm-NearlyApricot-SKU.jpg?v=1608610737,9,,,,,,,,,,,
stay-vulnerable-glossy-lip-balm,,,,,,,,,,,,,,,,,,,,,,,,,https://cdn.shopify.com/s/files/1/0314/1143/7703/products/Nearly-Apricot_8e79acac-fce2-482f-a14a-24cb448811ca.jpg?v=1608610857,10,,,,,,,,,,,
stay-vulnerable-glossy-lip-balm,,,,,,,,,,,,,,,,,,,,,,,,,https://cdn.shopify.com/s/files/1/0314/1143/7703/files/ECOMM-SV-GLOSSY-LIP-BALM-NEARLY-PETAL.jpg?v=1731537908,11,,,,,,,,,,,
stay-vulnerable-glossy-lip-balm,,,,,,,,,,,,,,,,,,,,,,,,,https://cdn.shopify.com/s/files/1/0314/1143/7703/files/ON-FIGURE-SV-GLOSSY-LIP-BALM-NEARLY-PETAL-DEEP.jpg?v=1731537909,12,,,,,,,,,,,
stay-vulnerable-glossy-lip-balm,,,,,,,,,,,,,,,,,,,,,,,,,https://cdn.shopify.com/s/files/1/0314/1143/7703/files/ON-FIGURE-SV-GLOSSY-LIP-BALM-NEARLY-PETAL-LIGHT.jpg?v=1731537908,13,,,,,,,,,,,
stay-vulnerable-glossy-lip-balm,,,,,,,,,,,,,,,,,,,,,,,,,https://cdn.shopify.com/s/files/1/0314/1143/7703/files/SWATCH-SV-GLOSSY-LIP-BALM-NEARLY-PETAL_1440x1952_209483d7-e25b-41c7-993b-1604a56cf237.png?v=1731537908,14,,,,,,,,,,,
stay-vulnerable-glossy-lip-balm,,,,,,,,,,,,,,,,,,,,,,,,,https://cdn.shopify.com/s/files/1/0314/1143/7703/files/ARM-SWATCHES-SV-GLOSSY-LIP-BALM.jpg?v=1731539164,15,,,,,,,,,,,
stay-vulnerable-glossy-lip-balm,,,,,,,,,,,,,,,,,,,,,,,,,https://cdn.shopify.com/s/files/1/0314/1143/7703/products/Glossy-Lip-Balm-Doe-Foot-SKU.jpg?v=1608610737,16,,,,,,,,,,,
stay-vulnerable-glossy-lip-balm,,"<p><meta charset=""utf-8""><span data-contrast=""none"" lang=""EN-US"" class=""TextRun SCXW128011570 BCX0"" xml:lang=""EN-US""><span class=""NormalTextRun SCXW128011570 BCX0"">Like a lip mask in a gloss, this ultra shiny balm cushions lips with soft, nourishing color </span><span class=""NormalTextRun SCXW128011570 BCX0"">that’s</span><span class=""NormalTextRun SCXW128011570 BCX0""> all slick, no stick. Now in a NEW, limited-edition shade N</span></span><span data-contrast=""auto"" lang=""EN-US"" class=""TextRun SCXW128011570 BCX0"" xml:lang=""EN-US""><span class=""NormalTextRun SCXW128011570 BCX0"">early Petal.</span></span></p>",Rare Beauty,,Lip Balm,"non-returnable, Shop Sephora",TRUE,Shade,Nearly Rose,,,,,FGPSVL0002F2,0,,0,deny,manual,20.00,,TRUE,TRUE,840122902376,,,,,,,,g,,,,,active
stay-vulnerable-glossy-lip-balm,,"<p><meta charset=""utf-8""><span data-contrast=""none"" lang=""EN-US"" class=""TextRun SCXW128011570 BCX0"" xml:lang=""EN-US""><span class=""NormalTextRun SCXW128011570 BCX0"">Like a lip mask in a gloss, this ultra shiny balm cushions lips with soft, nourishing color </span><span class=""NormalTextRun SCXW128011570 BCX0"">that’s</span><span class=""NormalTextRun SCXW128011570 BCX0""> all slick, no stick. Now in a NEW, limited-edition shade N</span></span><span data-contrast=""auto"" lang=""EN-US"" class=""TextRun SCXW128011570 BCX0"" xml:lang=""EN-US""><span class=""NormalTextRun SCXW128011570 BCX0"">early Petal.</span></span></p>",Rare Beauty,,Lip Balm,"non-returnable, Shop Sephora",TRUE,Shade,Nearly Berry,,,,,FGPSVL0003F2,0,,0,deny,manual,20.00,,TRUE,TRUE,840122902383,,,,,,,,g,,,,,active
stay-vulnerable-glossy-lip-balm,,"<p><meta charset=""utf-8""><span data-contrast=""none"" lang=""EN-US"" class=""TextRun SCXW128011570 BCX0"" xml:lang=""EN-US""><span class=""NormalTextRun SCXW128011570 BCX0"">Like a lip mask in a gloss, this ultra shiny balm cushions lips with soft, nourishing color </span><span class=""NormalTextRun SCXW128011570 BCX0"">that’s</span><span class=""NormalTextRun SCXW128011570 BCX0""> all slick, no stick. Now in a NEW, limited-edition shade N</span></span><span data-contrast=""auto"" lang=""EN-US"" class=""TextRun SCXW128011570 BCX0"" xml:lang=""EN-US""><span class=""NormalTextRun SCXW128011570 BCX0"">early Petal.</span></span></p>",Rare Beauty,,Lip Balm,"non-returnable, Shop Sephora",TRUE,Shade,Nearly Mauve,,,,,FGPSVL0004F2,0,,0,deny,manual,20.00,,TRUE,TRUE,840122902390,,,,,,,,g,,,,,active
stay-vulnerable-glossy-lip-balm,,"<p><meta charset=""utf-8""><span data-contrast=""none"" lang=""EN-US"" class=""TextRun SCXW128011570 BCX0"" xml:lang=""EN-US""><span class=""NormalTextRun SCXW128011570 BCX0"">Like a lip mask in a gloss, this ultra shiny balm cushions lips with soft, nourishing color </span><span class=""NormalTextRun SCXW128011570 BCX0"">that’s</span><span class=""NormalTextRun SCXW128011570 BCX0""> all slick, no stick. Now in a NEW, limited-edition shade N</span></span><span data-contrast=""auto"" lang=""EN-US"" class=""TextRun SCXW128011570 BCX0"" xml:lang=""EN-US""><span class=""NormalTextRun SCXW128011570 BCX0"">early Petal.</span></span></p>",Rare Beauty,,Lip Balm,"non-returnable, Shop Sephora",TRUE,Shade,Nearly Apricot,,,,,FGPSVL0005F2,0,,0,deny,manual,20.00,,TRUE,TRUE,840122902406,,,,,,,,g,,,,,active
stay-vulnerable-glossy-lip-balm,,"<p><meta charset=""utf-8""><span data-contrast=""none"" lang=""EN-US"" class=""TextRun SCXW128011570 BCX0"" xml:lang=""EN-US""><span class=""NormalTextRun SCXW128011570 BCX0"">Like a lip mask in a gloss, this ultra shiny balm cushions lips with soft, nourishing color </span><span class=""NormalTextRun SCXW128011570 BCX0"">that’s</span><span class=""NormalTextRun SCXW128011570 BCX0""> all slick, no stick. Now in a NEW, limited-edition shade N</span></span><span data-contrast=""auto"" lang=""EN-US"" class=""TextRun SCXW128011570 BCX0"" xml:lang=""EN-US""><span class=""NormalTextRun SCXW128011570 BCX0"">early Petal.</span></span></p>",Rare Beauty,,Lip Balm,"non-returnable, Shop Sephora",TRUE,Shade,Nearly Petal,,,,,FGPSVL0006F1,0,,0,deny,manual,20.00,,TRUE,TRUE,840122905995,,,,,,,,g,,,,,active
stay-vulnerable-liquid-eyeshadow,Stay Vulnerable Liquid Eyeshadow,"<p>A quick-and-easy eyeshadow that goes from liquid to powder in seconds for a soft, seamless wash of color that lasts.</p>",Rare Beauty,,Eyeshadow,"non-returnable, Shop Sephora",TRUE,Shade,Nearly Neutral,,,,,FGPSVE0001F2,23,,0,deny,manual,20.00,,TRUE,TRUE,840122902413,https://cdn.shopify.com/s/files/1/0314/1143/7703/products/Liquid-Eyeshadow-NearlyNeutral-SKU.jpg?v=1762269533,1,,,,,,g,,,,,active
stay-vulnerable-liquid-eyeshadow,,,,,,,,,,,,,,,,,,,,,,,,,https://cdn.shopify.com/s/files/1/0314/1143/7703/products/Nearly-Neutral_997f2b69-b15d-4c8c-a9fd-3e949909525c.jpg?v=1609891052,2,,,,,,,,,,,
stay-vulnerable-liquid-eyeshadow,,,,,,,,,,,,,,,,,,,,,,,,,https://cdn.shopify.com/s/files/1/0314/1143/7703/products/Liquid-Eyeshadow-NearlyRose-SKU.jpg?v=1609891052,3,,,,,,,,,,,
stay-vulnerable-liquid-eyeshadow,,,,,,,,,,,,,,,,,,,,,,,,,https://cdn.shopify.com/s/files/1/0314/1143/7703/products/Nearly-Rose_92453fc0-ab87-48f3-aca0-50fd1309881d.jpg?v=1609891052,4,,,,,,,,,,,
stay-vulnerable-liquid-eyeshadow,,,,,,,,,,,,,,,,,,,,,,,,,https://cdn.shopify.com/s/files/1/0314/1143/7703/products/Liquid-Eyeshadow-NearlyBerry-SKU.jpg?v=1609891052,5,,,,,,,,,,,
stay-vulnerable-liquid-eyeshadow,,,,,,,,,,,,,,,,,,,,,,,,,https://cdn.shopify.com/s/files/1/0314/1143/7703/products/Nearly-Berry_7d8b54c9-2d6d-402e-b61a-6588012297df.jpg?v=1609891052,6,,,,,,,,,,,
stay-vulnerable-liquid-eyeshadow,,,,,,,,,,,,,,,,,,,,,,,,,https://cdn.shopify.com/s/files/1/0314/1143/7703/products/Liquid-Eyeshadow-NearlyMauve-SKU.jpg?v=1609891052,7,,,,,,,,,,,
stay-vulnerable-liquid-eyeshadow,,,,,,,,,,,,,,,,,,,,,,,,,https://cdn.shopify.com/s/files/1/0314/1143/7703/products/Nearly-Mauve_cf164461-6275-490a-abfc-5c89fd3e735b.jpg?v=1609891052,8,,,,,,,,,,,
stay-vulnerable-liquid-eyeshadow,,,,,,,,,,,,,,,,,,,,,,,,,https://cdn.shopify.com/s/files/1/0314/1143/7703/products/Liquid-Eyeshadow-NearlyApricot-SKU.jpg?v=1609891052,9,,,,,,,,,,,
stay-vulnerable-liquid-eyeshadow,,,,,,,,,,,,,,,,,,,,,,,,,https://cdn.shopify.com/s/files/1/0314/1143/7703/products/Nearly-Apricot_c6eefa7f-6a01-4157-8d69-23635a605b96.jpg?v=1609891052,10,,,,,,,,,,,
stay-vulnerable-liquid-eyeshadow,,,,,,,,,,,,,,,,,,,,,,,,,https://cdn.shopify.com/s/files/1/0314/1143/7703/products/Liquid-Eyeshadow-Doe-Foot-SKU.jpg?v=1609891052,11,,,,,,,,,,,
stay-vulnerable-liquid-eyeshadow,,,,,,,,,,,,,,,,,,,,,,,,,https://cdn.shopify.com/s/files/1/0314/1143/7703/products/Stay-Vulnerable-Liquid-Eyeshadow-Arm-Swatches-RB-Final-updated.jpg?v=1609900918,12,,,,,,,,,,,
stay-vulnerable-liquid-eyeshadow,,"<p>A quick-and-easy eyeshadow that goes from liquid to powder in seconds for a soft, seamless wash of color that lasts.</p>",Rare Beauty,,Eyeshadow,"non-returnable, Shop Sephora",TRUE,Shade,Nearly Rose,,,,,FGPSVE0002F2,0,,0,deny,manual,20.00,,TRUE,TRUE,840122902420,,,,,,,,g,,,,,active
stay-vulnerable-liquid-eyeshadow,,"<p>A quick-and-easy eyeshadow that goes from liquid to powder in seconds for a soft, seamless wash of color that lasts.</p>",Rare Beauty,,Eyeshadow,"non-returnable, Shop Sephora",TRUE,Shade,Nearly Berry,,,,,FGPSVE0003F2,0,,0,deny,manual,20.00,,TRUE,TRUE,840122902437,,,,,,,,g,,,,,active
stay-vulnerable-liquid-eyeshadow,,"<p>A quick-and-easy eyeshadow that goes from liquid to powder in seconds for a soft, seamless wash of color that lasts.</p>",Rare Beauty,,Eyeshadow,"non-returnable, Shop Sephora",TRUE,Shade,Nearly Mauve,,,,,FGPSVE0004F2,0,,0,deny,manual,20.00,,TRUE,TRUE,840122902444,,,,,,,,g,,,,,active
stay-vulnerable-liquid-eyeshadow,,"<p>A quick-and-easy eyeshadow that goes from liquid to powder in seconds for a soft, seamless wash of color that lasts.</p>",Rare Beauty,,Eyeshadow,"non-returnable, Shop Sephora",TRUE,Shade,Nearly Apricot,,,,,FGPSVE0005F2,0,,0,deny,manual,20.00,,TRUE,TRUE,840122902451,,,,,,,,g,,,,,active
always-an-optimist-pore-diffusing-primer,Always an Optimist Pore Diffusing Primer,"<meta charset=""utf-8"">
<style type=""text/css"" data-mce-fragment=""1""><!--
td {border: 1px solid #ccc;}br {mso-data-placement:same-cell;}
--></style>
<span data-sheets-value='{""1"":2,""2"":""A cushiony gel primer that smooths away the look of pores and fine lines, boosts and extends makeup wear, and actually hydrates skin while fighting shine all day.""}' data-sheets-userformat='{""2"":769,""3"":{""1"":0},""11"":4,""12"":0}' data-mce-fragment=""1"">A cushiony gel primer that smooths away the look of pores and fine lines, boosts and extends makeup wear, and actually hydrates skin while fighting shine all day.</span>",Rare Beauty,,Primer,"Finish: Matte, non-returnable, Shop Sephora, vb",TRUE,Title,Default Title,,,,,FGPAOP0002F5,63,,0,deny,manual,30.00,,TRUE,TRUE,840122902550,https://cdn.shopify.com/s/files/1/0314/1143/7703/products/Pore-Primer-SKU.jpg?v=1762270689,1,,,,,,g,,,,,active
always-an-optimist-pore-diffusing-primer,,,,,,,,,,,,,,,,,,,,,,,,,https://cdn.shopify.com/s/files/1/0314/1143/7703/products/Pore-Primer-Open-SKU.jpg?v=1617149124,2,,,,,,,,,,,
always-an-optimist-pore-diffusing-primer,,,,,,,,,,,,,,,,,,,,,,,,,https://cdn.shopify.com/s/files/1/0314/1143/7703/products/diffusing-primer-swatch-1440x1952.jpg?v=1657218980,3,,,,,,,,,,,
always-an-optimist-pore-diffusing-primer-mini,Always an Optimist Pore Diffusing Primer Mini,"<p data-mce-fragment=""1"">A cushiony gel primer in a travel-friendly size that smooths away the look of pores and fine lines, boosts and extends makeup wear, and actually hydrates skin while fighting shine all day.</p>",Rare Beauty,,Primer,"Finish: Matte, non-returnable, Shop Sephora",TRUE,Title,Default Title,,,,,FGPAOP0002M4,45,,0,deny,manual,17.00,,TRUE,TRUE,840122902567,https://cdn.shopify.com/s/files/1/0314/1143/7703/products/Pore-Primer-Travel-SKU.jpg?v=1762270689,1,,,,,,g,,,,,active
always-an-optimist-pore-diffusing-primer-mini,,,,,,,,,,,,,,,,,,,,,,,,,https://cdn.shopify.com/s/files/1/0314/1143/7703/products/Pore-Primer-Travel-Open-SKU.jpg?v=1617149001,2,,,,,,,,,,,
always-an-optimist-pore-diffusing-primer-mini,,,,,,,,,,,,,,,,,,,,,,,,,https://cdn.shopify.com/s/files/1/0314/1143/7703/products/diffusing-primer-swatch-1440x1952_490e7974-aa56-4c60-8643-38edfc1538a9.jpg?v=1617149024,3,,,,,,,,,,,
always-an-optimist-weightless-eye-primer,Always an Optimist Weightless Eye Primer,"<meta charset=""utf-8"">
<style type=""text/css"" data-mce-fragment=""1""><!--
td {border: 1px solid #ccc;}br {mso-data-placement:same-cell;}
--></style>
<span data-sheets-value='{""1"":2,""2"":""A weightless, hydrating eye primer that smooths lids while prepping you for longer-lasting, amped-up color that won’t crease, fade, or smudge all day.""}' data-sheets-userformat='{""2"":769,""3"":{""1"":0},""11"":4,""12"":0}' data-mce-fragment=""1"">A weightless, hydrating eye primer that smooths lids while prepping you for longer-lasting, amped-up color that won’t crease, fade, or smudge all day.</span>",Rare Beauty,,Primer,"non-returnable, Shop Sephora",TRUE,Title,Default Title,,,,,FGPAOP0003F3,32,,0,deny,manual,21.00,,TRUE,TRUE,840122902581,https://cdn.shopify.com/s/files/1/0314/1143/7703/products/Eyeshadow-Primer-SKU.jpg?v=1762270691,1,,,,,,g,,,,,active
always-an-optimist-weightless-eye-primer,,,,,,,,,,,,,,,,,,,,,,,,,https://cdn.shopify.com/s/files/1/0314/1143/7703/products/Eyeshadow-Primer-Doefoot-SKU.jpg?v=1617149462,2,,,,,,,,,,,
always-an-optimist-weightless-eye-primer,,,,,,,,,,,,,,,,,,,,,,,,,https://cdn.shopify.com/s/files/1/0314/1143/7703/products/Eyeshadow-Primer-Duo-SKU.jpg?v=1617215537,3,,,,,,,,,,,
always-an-optimist-weightless-eye-primer,,,,,,,,,,,,,,,,,,,,,,,,,https://cdn.shopify.com/s/files/1/0314/1143/7703/products/illuminating-eye-primer-1440x1952.jpg?v=1617215537,4,,,,,,,,,,,
perfect-strokes-universal-volumizing-mascara,Perfect Strokes Universal Volumizing Mascara,"<meta charset=""utf-8""><span data-contrast=""auto"" lang=""EN-US"" class=""TextRun SCXW209021672 BCX0"" data-mce-fragment=""1"" xml:lang=""EN-US""><span class=""NormalTextRun SCXW209021672 BCX0"" data-mce-fragment=""1"">Created for every lash type, this all-in-one mascara pairs a weightless, easy-to-build formula with a universal eye-hugging brush to lift, lengthen, curl, and volumize every lash from every angle.</span></span>",Rare Beauty,,Mascara,"non-returnable, Shop Sephora",TRUE,Title,Default Title,,,,,FGPPSM0001F2,0,,0,deny,manual,24.00,,TRUE,TRUE,840122903212,https://cdn.shopify.com/s/files/1/0314/1143/7703/products/Full-Size-Mascara-Open-SKU.jpg?v=1762274172,1,,,,,,g,,,,,active
perfect-strokes-universal-volumizing-mascara,,,,,,,,,,,,,,,,,,,,,,,,,https://cdn.shopify.com/s/files/1/0314/1143/7703/files/CAMPAIGN-BEFORE-AFTER-CAITLIN-PERFECT-STROKES-MASCARA.jpg?v=1748542395,2,,,,,,,,,,,
perfect-strokes-universal-volumizing-mascara,,,,,,,,,,,,,,,,,,,,,,,,,https://cdn.shopify.com/s/files/1/0314/1143/7703/files/CAMPAIGN-BEFORE-AFTER-KAIT-PERFECT-STROKES-MASCARA.jpg?v=1748542395,3,,,,,,,,,,,
perfect-strokes-universal-volumizing-mascara,,,,,,,,,,,,,,,,,,,,,,,,,https://cdn.shopify.com/s/files/1/0314/1143/7703/files/CAMPAIGN-BEFORE-AFTER-KENDRA-PERFECT-STROKES-MASCARA.jpg?v=1748542395,4,,,,,,,,,,,
perfect-strokes-universal-volumizing-mascara,,,,,,,,,,,,,,,,,,,,,,,,,https://cdn.shopify.com/s/files/1/0314/1143/7703/files/CAMPAIGN-BEFORE-AFTER-PAULETTE-PERFECT-STROKES-MASCARA.jpg?v=1748542395,5,,,,,,,,,,,
perfect-strokes-universal-volumizing-mascara,,,,,,,,,,,,,,,,,,,,,,,,,https://cdn.shopify.com/s/files/1/0314/1143/7703/files/CAMPAIGN-SELENA-PERFECT-STROKES-MASCARA-02.jpg?v=1748885879,6,,,,,,,,,,,
perfect-strokes-universal-volumizing-mascara,,,,,,,,,,,,,,,,,,,,,,,,,https://cdn.shopify.com/s/files/1/0314/1143/7703/files/CAMPAIGN-APPLICATION-CAITLIN-PERFECT-STROKES-MASCARA.jpg?v=1708365117,7,,,,,,,,,,,
perfect-strokes-universal-volumizing-mascara,,,,,,,,,,,,,,,,,,,,,,,,,https://cdn.shopify.com/s/files/1/0314/1143/7703/files/CAMPAIGN-APPLICATION-PAULETTE-PERFECT-STROKES-MASCARA-01.jpg?v=1708365117,8,,,,,,,,,,,
perfect-strokes-universal-volumizing-mascara,,,,,,,,,,,,,,,,,,,,,,,,,https://cdn.shopify.com/s/files/1/0314/1143/7703/files/STYLIZED-PERFECT-STROKES-MASCARA-BRUSH.jpg?v=1708365117,9,,,,,,,,,,,
perfect-strokes-universal-volumizing-mascara,,,,,,,,,,,,,,,,,,,,,,,,,https://cdn.shopify.com/s/files/1/0314/1143/7703/products/Mascara-Spooly-Detail-Alt-SKU.jpg?v=1708365117,10,,,,,,,,,,,
perfect-strokes-universal-volumizing-mascara,,,,,,,,,,,,,,,,,,,,,,,,,https://cdn.shopify.com/s/files/1/0314/1143/7703/products/Full-Size-Mascara-Closed-SKU.jpg?v=1708365117,11,,,,,,,,,,,
perfect-strokes-universal-volumizing-mascara-mini,Perfect Strokes Universal Volumizing Mascara Mini,"<p><span style=""font-family: -apple-system, BlinkMacSystemFont, 'San Francisco', 'Segoe UI', Roboto, 'Helvetica Neue', sans-serif; font-size: 0.875rem;""><strong></strong></span><span style=""font-family: -apple-system, BlinkMacSystemFont, 'San Francisco', 'Segoe UI', Roboto, 'Helvetica Neue', sans-serif; font-size: 0.875rem;"">Created for every lash type, this all-in-one mascara pairs a weightless, easy-to-build formula with a universal eye-hugging brush to lift, lengthen, curl, and volumize every lash from every angle.</span></p>",Rare Beauty,,Mascara,"non-returnable, Shop Sephora",TRUE,Title,Default Title,,,,,FGPPSM0001M3,0,,0,deny,manual,14.00,,TRUE,TRUE,840122903236,https://cdn.shopify.com/s/files/1/0314/1143/7703/products/Travel-Size-Mascara-Open-SKU.jpg?v=1762274172,1,,,,,,g,,,,,active
perfect-strokes-universal-volumizing-mascara-mini,,,,,,,,,,,,,,,,,,,,,,,,,https://cdn.shopify.com/s/files/1/0314/1143/7703/files/CAMPAIGN-BEFORE-AFTER-KENDRA-PERFECT-STROKES-MASCARA_a9ae2b20-e396-43df-9740-fbf34580cee8.jpg?v=1708329430,2,,,,,,,,,,,
perfect-strokes-universal-volumizing-mascara-mini,,,,,,,,,,,,,,,,,,,,,,,,,https://cdn.shopify.com/s/files/1/0314/1143/7703/files/CAMPAIGN-BEFORE-AFTER-CAITLIN-PERFECT-STROKES-MASCARA_98907873-81ae-46f9-bcfe-db706b84fd48.jpg?v=1708329430,3,,,,,,,,,,,
perfect-strokes-universal-volumizing-mascara-mini,,,,,,,,,,,,,,,,,,,,,,,,,https://cdn.shopify.com/s/files/1/0314/1143/7703/files/CAMPAIGN-BEFORE-AFTER-KAIT-PERFECT-STROKES-MASCARA_a1f2648b-bf5a-4531-ad6e-b07fb23b3ab0.jpg?v=1708329430,4,,,,,,,,,,,
perfect-strokes-universal-volumizing-mascara-mini,,,,,,,,,,,,,,,,,,,,,,,,,https://cdn.shopify.com/s/files/1/0314/1143/7703/files/CAMPAIGN-BEFORE-AFTER-PAULETTE-PERFECT-STROKES-MASCARA_f2eac91c-fe81-4919-b992-2800713da49e.jpg?v=1708329430,5,,,,,,,,,,,
perfect-strokes-universal-volumizing-mascara-mini,,,,,,,,,,,,,,,,,,,,,,,,,https://cdn.shopify.com/s/files/1/0314/1143/7703/products/Mascara-Spooly-Detail-SKU.jpg?v=1708329430,6,,,,,,,,,,,
perfect-strokes-universal-volumizing-mascara-mini,,,,,,,,,,,,,,,,,,,,,,,,,https://cdn.shopify.com/s/files/1/0314/1143/7703/products/Travel-Size-Mascara-Closed-SKU.jpg?v=1708329430,7,,,,,,,,,,,
always-an-optimist-powder-brush,Always an Optimist Powder Brush,"<p><span data-mce-fragment=""1"" class=""NormalTextRun SCXW51691674 BCX0"">A precise</span><span data-mce-fragment=""1"" class=""NormalTextRun SCXW51691674 BCX0"">, dome-shaped</span><span data-mce-fragment=""1"" class=""NormalTextRun SCXW51691674 BCX0""><span data-mce-fragment=""1""> </span>powder brush with a soft, tapered tip that’s fluffy enough for all-over blending, yet firm enough for precise application.</span></p>",Rare Beauty,,Brushes,"non-returnable, Shop Sephora",TRUE,Title,Default Title,,,,,FGPAOP0009F1,32,,0,deny,manual,30.00,,TRUE,TRUE,840122903540,https://cdn.shopify.com/s/files/1/0314/1143/7703/products/Powder-Brush-SKU.jpg?v=1762276046,1,,,,,,g,,,,,active
soft-pinch-blush-brush,Soft Pinch Blush Brush,"<p><span data-mce-fragment=""1"" class=""TextRun SCXW28617511 BCX0"" lang=""EN-US"" data-contrast=""auto"" xml:lang=""EN-US""><span data-mce-fragment=""1"" class=""NormalTextRun SCXW28617511 BCX0"">A feathery soft blush brush that blends pigment-rich formulas with ease—ideal for applying liquids and creams<span data-mce-fragment=""1""> </span></span><span data-mce-fragment=""1"" class=""NormalTextRun SCXW28617511 BCX0"">for<span data-mce-fragment=""1""> </span></span><span data-mce-fragment=""1"" class=""NormalTextRun SCXW28617511 BCX0"">a<span data-mce-fragment=""1""> </span></span><span data-mce-fragment=""1"" class=""NormalTextRun SCXW28617511 BCX0"">soft, diffused<span data-mce-fragment=""1""> </span></span><span data-mce-fragment=""1"" class=""NormalTextRun SCXW28617511 BCX0"">finish.</span></span></p>",Rare Beauty,,Brushes,"non-returnable, Shop Sephora",TRUE,Title,Default Title,,,,,FGPSPB0001F1,0,,0,deny,manual,26.00,,TRUE,TRUE,840122904950,https://cdn.shopify.com/s/files/1/0314/1143/7703/products/Blush-Brush-Side-SKU.jpg?v=1762276047,1,,,,,,g,,,,,active
soft-pinch-blush-brush,,,,,,,,,,,,,,,,,,,,,,,,,https://cdn.shopify.com/s/files/1/0314/1143/7703/products/Blush-Brush-SKU.jpg?v=1637777234,2,,,,,,,,,,,
always-an-optimist-soft-radiance-setting-powder,Always an Optimist Soft Radiance Setting Powder,"<p><span class=""NormalTextRun SCXW193354991 BCX0"" data-mce-fragment=""1"">A silky, do-it-all setting powder to smooth, blur, and control shine</span><span class=""NormalTextRun SCXW193354991 BCX0"" data-mce-fragment=""1""><span data-mce-fragment=""1""> </span>for a soft natural finish and all-day comfort.</span></p>",Rare Beauty,,Setting Powder,"non-returnable, Shop Sephora",TRUE,Shade,Light,,,,,FGPAOP0004F1,76,,0,deny,manual,25.00,,TRUE,TRUE,840122903441,https://cdn.shopify.com/s/files/1/0314/1143/7703/products/Setting-Powder-Light-SKU.jpg?v=1762276083,1,,,,,,g,,,,,active
always-an-optimist-soft-radiance-setting-powder,,,,,,,,,,,,,,,,,,,,,,,,,https://cdn.shopify.com/s/files/1/0314/1143/7703/products/swatch-setting-powder-light.png?v=1639182579,2,,,,,,,,,,,
always-an-optimist-soft-radiance-setting-powder,,,,,,,,,,,,,,,,,,,,,,,,,https://cdn.shopify.com/s/files/1/0314/1143/7703/products/Setting-Powder-Light-Medium-SKU.jpg?v=1639181034,3,,,,,,,,,,,
always-an-optimist-soft-radiance-setting-powder,,,,,,,,,,,,,,,,,,,,,,,,,https://cdn.shopify.com/s/files/1/0314/1143/7703/products/swatch-setting-powder-light-medium.png?v=1639182600,4,,,,,,,,,,,
always-an-optimist-soft-radiance-setting-powder,,,,,,,,,,,,,,,,,,,,,,,,,https://cdn.shopify.com/s/files/1/0314/1143/7703/products/Setting-Powder-Medium-SKU.jpg?v=1639181034,5,,,,,,,,,,,
always-an-optimist-soft-radiance-setting-powder,,,,,,,,,,,,,,,,,,,,,,,,,https://cdn.shopify.com/s/files/1/0314/1143/7703/products/swatch-setting-powder-medium.png?v=1639182633,6,,,,,,,,,,,
always-an-optimist-soft-radiance-setting-powder,,,,,,,,,,,,,,,,,,,,,,,,,https://cdn.shopify.com/s/files/1/0314/1143/7703/products/Setting-Powder-Medium-Deep-SKU.jpg?v=1639181034,7,,,,,,,,,,,
always-an-optimist-soft-radiance-setting-powder,,,,,,,,,,,,,,,,,,,,,,,,,https://cdn.shopify.com/s/files/1/0314/1143/7703/products/swatch-setting-powder-medium-deep.png?v=1639182639,8,,,,,,,,,,,
always-an-optimist-soft-radiance-setting-powder,,,,,,,,,,,,,,,,,,,,,,,,,https://cdn.shopify.com/s/files/1/0314/1143/7703/products/Setting-Powder-Deep-SKU.jpg?v=1639181034,9,,,,,,,,,,,
always-an-optimist-soft-radiance-setting-powder,,,,,,,,,,,,,,,,,,,,,,,,,https://cdn.shopify.com/s/files/1/0314/1143/7703/products/swatch-setting-powder-deep.png?v=1639182653,10,,,,,,,,,,,
always-an-optimist-soft-radiance-setting-powder,,,,,,,,,,,,,,,,,,,,,,,,,https://cdn.shopify.com/s/files/1/0314/1143/7703/products/Setting-Powder-Closed-SKU.jpg?v=1639181034,11,,,,,,,,,,,
always-an-optimist-soft-radiance-setting-powder,,"<p><span class=""NormalTextRun SCXW193354991 BCX0"" data-mce-fragment=""1"">A silky, do-it-all setting powder to smooth, blur, and control shine</span><span class=""NormalTextRun SCXW193354991 BCX0"" data-mce-fragment=""1""><span data-mce-fragment=""1""> </span>for a soft natural finish and all-day comfort.</span></p>",Rare Beauty,,Setting Powder,"non-returnable, Shop Sephora",TRUE,Shade,Light Medium,,,,,FGPAOP0005F1,76,,0,deny,manual,25.00,,TRUE,TRUE,840122903458,,,,,,,,g,,,,,active
always-an-optimist-soft-radiance-setting-powder,,"<p><span class=""NormalTextRun SCXW193354991 BCX0"" data-mce-fragment=""1"">A silky, do-it-all setting powder to smooth, blur, and control shine</span><span class=""NormalTextRun SCXW193354991 BCX0"" data-mce-fragment=""1""><span data-mce-fragment=""1""> </span>for a soft natural finish and all-day comfort.</span></p>",Rare Beauty,,Setting Powder,"non-returnable, Shop Sephora",TRUE,Shade,Medium,,,,,FGPAOP0006F1,76,,0,deny,manual,25.00,,TRUE,TRUE,840122903465,,,,,,,,g,,,,,active
always-an-optimist-soft-radiance-setting-powder,,"<p><span class=""NormalTextRun SCXW193354991 BCX0"" data-mce-fragment=""1"">A silky, do-it-all setting powder to smooth, blur, and control shine</span><span class=""NormalTextRun SCXW193354991 BCX0"" data-mce-fragment=""1""><span data-mce-fragment=""1""> </span>for a soft natural finish and all-day comfort.</span></p>",Rare Beauty,,Setting Powder,"non-returnable, Shop Sephora",TRUE,Shade,Medium Deep,,,,,FGPAOP0007F1,76,,0,deny,manual,25.00,,TRUE,TRUE,840122903472,,,,,,,,g,,,,,active
always-an-optimist-soft-radiance-setting-powder,,"<p><span class=""NormalTextRun SCXW193354991 BCX0"" data-mce-fragment=""1"">A silky, do-it-all setting powder to smooth, blur, and control shine</span><span class=""NormalTextRun SCXW193354991 BCX0"" data-mce-fragment=""1""><span data-mce-fragment=""1""> </span>for a soft natural finish and all-day comfort.</span></p>",Rare Beauty,,Setting Powder,"non-returnable, Shop Sephora",TRUE,Shade,Deep,,,,,FGPAOP0008F1,76,,0,deny,manual,25.00,,TRUE,TRUE,840122903489,,,,,,,,g,,,,,active
warm-wishes-effortless-bronzer-stick,Warm Wishes Effortless Bronzer Stick,"<p><span class=""NormalTextRun SCXW33883389 BCX0"" data-mce-fragment=""1""></span><span class=""NormalTextRun SCXW33883389 BCX0"" data-mce-fragment=""1"">A breakthrough<span data-mce-fragment=""1""> </span></span><span class=""NormalTextRun SCXW33883389 BCX0"" data-mce-fragment=""1"">bronzing stick</span><span class=""NormalTextRun SCXW33883389 BCX0"" data-mce-fragment=""1""><span data-mce-fragment=""1""> </span></span><span class=""NormalTextRun SCXW33883389 BCX0"" data-mce-fragment=""1"">that creates an instant sun-kissed glow</span><span class=""NormalTextRun SCXW33883389 BCX0"" data-mce-fragment=""1""><span data-mce-fragment=""1""> </span>and<span data-mce-fragment=""1""> </span></span><span class=""NormalTextRun SCXW33883389 BCX0"" data-mce-fragment=""1"">blends seamlessly for a second-skin finish—just<span data-mce-fragment=""1""> </span></span><span class=""NormalTextRun SCXW33883389 BCX0"" data-mce-fragment=""1"">swipe</span><span class=""NormalTextRun SCXW33883389 BCX0"" data-mce-fragment=""1""><span data-mce-fragment=""1""> </span>on</span><span class=""NormalTextRun SCXW33883389 BCX0"" data-mce-fragment=""1"">, blend, and go</span><span class=""NormalTextRun SCXW33883389 BCX0"" data-mce-fragment=""1"">!</span><br></p>",Rare Beauty,,Bronzer,"non-returnable, Shop Sephora, variant-disabled:variantid",TRUE,Shade,Power Boost,,,,,FGPWWB0001F1,0,,0,deny,manual,30.00,,TRUE,TRUE,840122903496,https://cdn.shopify.com/s/files/1/0314/1143/7703/products/Bronzer-Stick-Power-Boost-SKU.jpg?v=1762276084,1,,,,,,g,,,,,active
warm-wishes-effortless-bronzer-stick,,,,,,,,,,,,,,,,,,,,,,,,,https://cdn.shopify.com/s/files/1/0314/1143/7703/products/warm-wishes-effortless-bronzer-stick-on-figure-power-boost-1440x1952.jpg?v=1679684558,2,,,,,,,,,,,
warm-wishes-effortless-bronzer-stick,,,,,,,,,,,,,,,,,,,,,,,,,https://cdn.shopify.com/s/files/1/0314/1143/7703/products/swatch-bronzer-power-boost.png?v=1679684558,3,,,,,,,,,,,
warm-wishes-effortless-bronzer-stick,,,,,,,,,,,,,,,,,,,,,,,,,https://cdn.shopify.com/s/files/1/0314/1143/7703/products/warm-wishes-effortless-bronzer-stick-ecomm-bright-side-1440x1952.jpg?v=1679684558,4,,,,,,,,,,,
warm-wishes-effortless-bronzer-stick,,,,,,,,,,,,,,,,,,,,,,,,,https://cdn.shopify.com/s/files/1/0314/1143/7703/products/warm-wishes-effortless-bronzer-stick-on-figure-bright-side-1440x1952.jpg?v=1679684558,5,,,,,,,,,,,
warm-wishes-effortless-bronzer-stick,,,,,,,,,,,,,,,,,,,,,,,,,https://cdn.shopify.com/s/files/1/0314/1143/7703/products/warm-wishes-effortless-bronzer-stick-swatch-bright-side-1440x1952.png?v=1679684558,6,,,,,,,,,,,
warm-wishes-effortless-bronzer-stick,,,,,,,,,,,,,,,,,,,,,,,,,https://cdn.shopify.com/s/files/1/0314/1143/7703/products/Bronzer-Stick-Happy-Sol-SKU.jpg?v=1679684558,7,,,,,,,,,,,
warm-wishes-effortless-bronzer-stick,,,,,,,,,,,,,,,,,,,,,,,,,https://cdn.shopify.com/s/files/1/0314/1143/7703/products/warm-wishes-effortless-bronzer-stick-on-figure-happy-sol-1440x1952.jpg?v=1679684558,8,,,,,,,,,,,
warm-wishes-effortless-bronzer-stick,,,,,,,,,,,,,,,,,,,,,,,,,https://cdn.shopify.com/s/files/1/0314/1143/7703/products/swatch-bronzer-happy-sol.png?v=1679684558,9,,,,,,,,,,,
warm-wishes-effortless-bronzer-stick,,,,,,,,,,,,,,,,,,,,,,,,,https://cdn.shopify.com/s/files/1/0314/1143/7703/products/Bronzer-Stick-Always-Sunny-SKU.jpg?v=1679684558,10,,,,,,,,,,,
warm-wishes-effortless-bronzer-stick,,,,,,,,,,,,,,,,,,,,,,,,,https://cdn.shopify.com/s/files/1/0314/1143/7703/products/warm-wishes-effortless-bronzer-stick-on-figure-always-sunny-1440x1952.jpg?v=1679684558,11,,,,,,,,,,,
warm-wishes-effortless-bronzer-stick,,,,,,,,,,,,,,,,,,,,,,,,,https://cdn.shopify.com/s/files/1/0314/1143/7703/products/swatch-bronzer-always-sunny.png?v=1679684558,12,,,,,,,,,,,
warm-wishes-effortless-bronzer-stick,,,,,,,,,,,,,,,,,,,,,,,,,https://cdn.shopify.com/s/files/1/0314/1143/7703/products/warm-wishes-effortless-bronzer-stick-ecomm-good-energy-1440x1952.jpg?v=1679684558,13,,,,,,,,,,,
warm-wishes-effortless-bronzer-stick,,,,,,,,,,,,,,,,,,,,,,,,,https://cdn.shopify.com/s/files/1/0314/1143/7703/products/warm-wishes-effortless-bronzer-stick-on-figure-good-energy-1440x1952.jpg?v=1679684558,14,,,,,,,,,,,
warm-wishes-effortless-bronzer-stick,,,,,,,,,,,,,,,,,,,,,,,,,https://cdn.shopify.com/s/files/1/0314/1143/7703/products/warm-wishes-effortless-bronzer-stick-swatch-good-energy-1440x1952.png?v=1679684558,15,,,,,,,,,,,
warm-wishes-effortless-bronzer-stick,,,,,,,,,,,,,,,,,,,,,,,,,https://cdn.shopify.com/s/files/1/0314/1143/7703/products/Bronzer-Stick-Full-of-Life-SKU.jpg?v=1679684558,16,,,,,,,,,,,
warm-wishes-effortless-bronzer-stick,,,,,,,,,,,,,,,,,,,,,,,,,https://cdn.shopify.com/s/files/1/0314/1143/7703/products/warm-wishes-effortless-bronzer-stick-on-figure-full-of-life-1440x1952.jpg?v=1679684558,17,,,,,,,,,,,
warm-wishes-effortless-bronzer-stick,,,,,,,,,,,,,,,,,,,,,,,,,https://cdn.shopify.com/s/files/1/0314/1143/7703/products/swatch-bronzer-full-of-life.png?v=1679684558,18,,,,,,,,,,,
warm-wishes-effortless-bronzer-stick,,,,,,,,,,,,,,,,,,,,,,,,,https://cdn.shopify.com/s/files/1/0314/1143/7703/products/warm-wishes-effortless-bronzer-stick-ecomm-on-the-horizon-1440x1952.jpg?v=1679684558,19,,,,,,,,,,,
warm-wishes-effortless-bronzer-stick,,,,,,,,,,,,,,,,,,,,,,,,,https://cdn.shopify.com/s/files/1/0314/1143/7703/products/warm-wishes-effortless-bronzer-stick-on-figure-on-the-horizon-1440x1952.jpg?v=1679684558,20,,,,,,,,,,,
warm-wishes-effortless-bronzer-stick,,,,,,,,,,,,,,,,,,,,,,,,,https://cdn.shopify.com/s/files/1/0314/1143/7703/products/warm-wishes-effortless-bronzer-stick-swatch-on-the-horizon-1440x1952.png?v=1679684558,21,,,,,,,,,,,
warm-wishes-effortless-bronzer-stick,,,,,,,,,,,,,,,,,,,,,,,,,https://cdn.shopify.com/s/files/1/0314/1143/7703/products/Bronzer-Stick-True-Warmth-SKU.jpg?v=1679684558,22,,,,,,,,,,,
warm-wishes-effortless-bronzer-stick,,,,,,,,,,,,,,,,,,,,,,,,,https://cdn.shopify.com/s/files/1/0314/1143/7703/products/warm-wishes-effortless-bronzer-stick-on-figure-true-warmth-1440x1952.jpg?v=1679684558,23,,,,,,,,,,,
warm-wishes-effortless-bronzer-stick,,,,,,,,,,,,,,,,,,,,,,,,,https://cdn.shopify.com/s/files/1/0314/1143/7703/products/swatch-bronzer-true-warmth.png?v=1679684558,24,,,,,,,,,,,
warm-wishes-effortless-bronzer-stick,,,,,,,,,,,,,,,,,,,,,,,,,https://cdn.shopify.com/s/files/1/0314/1143/7703/products/warm-wishes-effortless-bronzer-stick-arm-swatches-8-1440x1952.jpg?v=1679684558,25,,,,,,,,,,,
warm-wishes-effortless-bronzer-stick,,"<p><span class=""NormalTextRun SCXW33883389 BCX0"" data-mce-fragment=""1""></span><span class=""NormalTextRun SCXW33883389 BCX0"" data-mce-fragment=""1"">A breakthrough<span data-mce-fragment=""1""> </span></span><span class=""NormalTextRun SCXW33883389 BCX0"" data-mce-fragment=""1"">bronzing stick</span><span class=""NormalTextRun SCXW33883389 BCX0"" data-mce-fragment=""1""><span data-mce-fragment=""1""> </span></span><span class=""NormalTextRun SCXW33883389 BCX0"" data-mce-fragment=""1"">that creates an instant sun-kissed glow</span><span class=""NormalTextRun SCXW33883389 BCX0"" data-mce-fragment=""1""><span data-mce-fragment=""1""> </span>and<span data-mce-fragment=""1""> </span></span><span class=""NormalTextRun SCXW33883389 BCX0"" data-mce-fragment=""1"">blends seamlessly for a second-skin finish—just<span data-mce-fragment=""1""> </span></span><span class=""NormalTextRun SCXW33883389 BCX0"" data-mce-fragment=""1"">swipe</span><span class=""NormalTextRun SCXW33883389 BCX0"" data-mce-fragment=""1""><span data-mce-fragment=""1""> </span>on</span><span class=""NormalTextRun SCXW33883389 BCX0"" data-mce-fragment=""1"">, blend, and go</span><span class=""NormalTextRun SCXW33883389 BCX0"" data-mce-fragment=""1"">!</span><br></p>",Rare Beauty,,Bronzer,"non-returnable, Shop Sephora, variant-disabled:variantid",TRUE,Shade,Bright Side,,,,,FGPWWB0006F1,0,,0,deny,manual,30.00,,TRUE,TRUE,840122905889,,,,,,,,g,,,,,active
warm-wishes-effortless-bronzer-stick,,"<p><span class=""NormalTextRun SCXW33883389 BCX0"" data-mce-fragment=""1""></span><span class=""NormalTextRun SCXW33883389 BCX0"" data-mce-fragment=""1"">A breakthrough<span data-mce-fragment=""1""> </span></span><span class=""NormalTextRun SCXW33883389 BCX0"" data-mce-fragment=""1"">bronzing stick</span><span class=""NormalTextRun SCXW33883389 BCX0"" data-mce-fragment=""1""><span data-mce-fragment=""1""> </span></span><span class=""NormalTextRun SCXW33883389 BCX0"" data-mce-fragment=""1"">that creates an instant sun-kissed glow</span><span class=""NormalTextRun SCXW33883389 BCX0"" data-mce-fragment=""1""><span data-mce-fragment=""1""> </span>and<span data-mce-fragment=""1""> </span></span><span class=""NormalTextRun SCXW33883389 BCX0"" data-mce-fragment=""1"">blends seamlessly for a second-skin finish—just<span data-mce-fragment=""1""> </span></span><span class=""NormalTextRun SCXW33883389 BCX0"" data-mce-fragment=""1"">swipe</span><span class=""NormalTextRun SCXW33883389 BCX0"" data-mce-fragment=""1""><span data-mce-fragment=""1""> </span>on</span><span class=""NormalTextRun SCXW33883389 BCX0"" data-mce-fragment=""1"">, blend, and go</span><span class=""NormalTextRun SCXW33883389 BCX0"" data-mce-fragment=""1"">!</span><br></p>",Rare Beauty,,Bronzer,"non-returnable, Shop Sephora, variant-disabled:variantid",TRUE,Shade,Happy Sol,,,,,FGPWWB0002F1,0,,0,deny,manual,30.00,,TRUE,TRUE,840122903502,,,,,,,,g,,,,,active
warm-wishes-effortless-bronzer-stick,,"<p><span class=""NormalTextRun SCXW33883389 BCX0"" data-mce-fragment=""1""></span><span class=""NormalTextRun SCXW33883389 BCX0"" data-mce-fragment=""1"">A breakthrough<span data-mce-fragment=""1""> </span></span><span class=""NormalTextRun SCXW33883389 BCX0"" data-mce-fragment=""1"">bronzing stick</span><span class=""NormalTextRun SCXW33883389 BCX0"" data-mce-fragment=""1""><span data-mce-fragment=""1""> </span></span><span class=""NormalTextRun SCXW33883389 BCX0"" data-mce-fragment=""1"">that creates an instant sun-kissed glow</span><span class=""NormalTextRun SCXW33883389 BCX0"" data-mce-fragment=""1""><span data-mce-fragment=""1""> </span>and<span data-mce-fragment=""1""> </span></span><span class=""NormalTextRun SCXW33883389 BCX0"" data-mce-fragment=""1"">blends seamlessly for a second-skin finish—just<span data-mce-fragment=""1""> </span></span><span class=""NormalTextRun SCXW33883389 BCX0"" data-mce-fragment=""1"">swipe</span><span class=""NormalTextRun SCXW33883389 BCX0"" data-mce-fragment=""1""><span data-mce-fragment=""1""> </span>on</span><span class=""NormalTextRun SCXW33883389 BCX0"" data-mce-fragment=""1"">, blend, and go</span><span class=""NormalTextRun SCXW33883389 BCX0"" data-mce-fragment=""1"">!</span><br></p>",Rare Beauty,,Bronzer,"non-returnable, Shop Sephora, variant-disabled:variantid",TRUE,Shade,Always Sunny,,,,,FGPWWB0003F1,0,,0,deny,manual,30.00,,TRUE,TRUE,840122903519,,,,,,,,g,,,,,active
warm-wishes-effortless-bronzer-stick,,"<p><span class=""NormalTextRun SCXW33883389 BCX0"" data-mce-fragment=""1""></span><span class=""NormalTextRun SCXW33883389 BCX0"" data-mce-fragment=""1"">A breakthrough<span data-mce-fragment=""1""> </span></span><span class=""NormalTextRun SCXW33883389 BCX0"" data-mce-fragment=""1"">bronzing stick</span><span class=""NormalTextRun SCXW33883389 BCX0"" data-mce-fragment=""1""><span data-mce-fragment=""1""> </span></span><span class=""NormalTextRun SCXW33883389 BCX0"" data-mce-fragment=""1"">that creates an instant sun-kissed glow</span><span class=""NormalTextRun SCXW33883389 BCX0"" data-mce-fragment=""1""><span data-mce-fragment=""1""> </span>and<span data-mce-fragment=""1""> </span></span><span class=""NormalTextRun SCXW33883389 BCX0"" data-mce-fragment=""1"">blends seamlessly for a second-skin finish—just<span data-mce-fragment=""1""> </span></span><span class=""NormalTextRun SCXW33883389 BCX0"" data-mce-fragment=""1"">swipe</span><span class=""NormalTextRun SCXW33883389 BCX0"" data-mce-fragment=""1""><span data-mce-fragment=""1""> </span>on</span><span class=""NormalTextRun SCXW33883389 BCX0"" data-mce-fragment=""1"">, blend, and go</span><span class=""NormalTextRun SCXW33883389 BCX0"" data-mce-fragment=""1"">!</span><br></p>",Rare Beauty,,Bronzer,"non-returnable, Shop Sephora, variant-disabled:variantid",TRUE,Shade,Good Energy,,,,,FGPWWB0008F1,0,,0,deny,manual,30.00,,TRUE,TRUE,840122905902,,,,,,,,g,,,,,active
warm-wishes-effortless-bronzer-stick,,"<p><span class=""NormalTextRun SCXW33883389 BCX0"" data-mce-fragment=""1""></span><span class=""NormalTextRun SCXW33883389 BCX0"" data-mce-fragment=""1"">A breakthrough<span data-mce-fragment=""1""> </span></span><span class=""NormalTextRun SCXW33883389 BCX0"" data-mce-fragment=""1"">bronzing stick</span><span class=""NormalTextRun SCXW33883389 BCX0"" data-mce-fragment=""1""><span data-mce-fragment=""1""> </span></span><span class=""NormalTextRun SCXW33883389 BCX0"" data-mce-fragment=""1"">that creates an instant sun-kissed glow</span><span class=""NormalTextRun SCXW33883389 BCX0"" data-mce-fragment=""1""><span data-mce-fragment=""1""> </span>and<span data-mce-fragment=""1""> </span></span><span class=""NormalTextRun SCXW33883389 BCX0"" data-mce-fragment=""1"">blends seamlessly for a second-skin finish—just<span data-mce-fragment=""1""> </span></span><span class=""NormalTextRun SCXW33883389 BCX0"" data-mce-fragment=""1"">swipe</span><span class=""NormalTextRun SCXW33883389 BCX0"" data-mce-fragment=""1""><span data-mce-fragment=""1""> </span>on</span><span class=""NormalTextRun SCXW33883389 BCX0"" data-mce-fragment=""1"">, blend, and go</span><span class=""NormalTextRun SCXW33883389 BCX0"" data-mce-fragment=""1"">!</span><br></p>",Rare Beauty,,Bronzer,"non-returnable, Shop Sephora, variant-disabled:variantid",TRUE,Shade,Full of Life,,,,,FGPWWB0004F1,0,,0,deny,manual,30.00,,TRUE,TRUE,840122903526,,,,,,,,g,,,,,active
warm-wishes-effortless-bronzer-stick,,"<p><span class=""NormalTextRun SCXW33883389 BCX0"" data-mce-fragment=""1""></span><span class=""NormalTextRun SCXW33883389 BCX0"" data-mce-fragment=""1"">A breakthrough<span data-mce-fragment=""1""> </span></span><span class=""NormalTextRun SCXW33883389 BCX0"" data-mce-fragment=""1"">bronzing stick</span><span class=""NormalTextRun SCXW33883389 BCX0"" data-mce-fragment=""1""><span data-mce-fragment=""1""> </span></span><span class=""NormalTextRun SCXW33883389 BCX0"" data-mce-fragment=""1"">that creates an instant sun-kissed glow</span><span class=""NormalTextRun SCXW33883389 BCX0"" data-mce-fragment=""1""><span data-mce-fragment=""1""> </span>and<span data-mce-fragment=""1""> </span></span><span class=""NormalTextRun SCXW33883389 BCX0"" data-mce-fragment=""1"">blends seamlessly for a second-skin finish—just<span data-mce-fragment=""1""> </span></span><span class=""NormalTextRun SCXW33883389 BCX0"" data-mce-fragment=""1"">swipe</span><span class=""NormalTextRun SCXW33883389 BCX0"" data-mce-fragment=""1""><span data-mce-fragment=""1""> </span>on</span><span class=""NormalTextRun SCXW33883389 BCX0"" data-mce-fragment=""1"">, blend, and go</span><span class=""NormalTextRun SCXW33883389 BCX0"" data-mce-fragment=""1"">!</span><br></p>",Rare Beauty,,Bronzer,"non-returnable, Shop Sephora, variant-disabled:variantid",TRUE,Shade,True Warmth,,,,,FGPWWB0005F1,0,,0,deny,manual,30.00,,TRUE,TRUE,840122903533,,,,,,,,g,,,,,active
warm-wishes-effortless-bronzer-stick,,"<p><span class=""NormalTextRun SCXW33883389 BCX0"" data-mce-fragment=""1""></span><span class=""NormalTextRun SCXW33883389 BCX0"" data-mce-fragment=""1"">A breakthrough<span data-mce-fragment=""1""> </span></span><span class=""NormalTextRun SCXW33883389 BCX0"" data-mce-fragment=""1"">bronzing stick</span><span class=""NormalTextRun SCXW33883389 BCX0"" data-mce-fragment=""1""><span data-mce-fragment=""1""> </span></span><span class=""NormalTextRun SCXW33883389 BCX0"" data-mce-fragment=""1"">that creates an instant sun-kissed glow</span><span class=""NormalTextRun SCXW33883389 BCX0"" data-mce-fragment=""1""><span data-mce-fragment=""1""> </span>and<span data-mce-fragment=""1""> </span></span><span class=""NormalTextRun SCXW33883389 BCX0"" data-mce-fragment=""1"">blends seamlessly for a second-skin finish—just<span data-mce-fragment=""1""> </span></span><span class=""NormalTextRun SCXW33883389 BCX0"" data-mce-fragment=""1"">swipe</span><span class=""NormalTextRun SCXW33883389 BCX0"" data-mce-fragment=""1""><span data-mce-fragment=""1""> </span>on</span><span class=""NormalTextRun SCXW33883389 BCX0"" data-mce-fragment=""1"">, blend, and go</span><span class=""NormalTextRun SCXW33883389 BCX0"" data-mce-fragment=""1"">!</span><br></p>",Rare Beauty,,Bronzer,"non-returnable, Shop Sephora, variant-disabled:variantid",TRUE,Shade,On the Horizon,,,,,FGPWWB0009F1,0,,0,deny,manual,30.00,,TRUE,TRUE,840122905919,,,,,,,,g,,,,,active
positive-light-tinted-moisturizer-broad-spectrum-spf-20-sunscreen,Positive Light Tinted Moisturizer Broad Spectrum SPF 20 Sunscreen,"<meta charset=""utf-8""><span class=""NormalTextRun SCXW15344424 BCX0"" data-mce-fragment=""1"">A flexible tinted moisturizer that goes on easy to instantly blur skin with </span><span class=""NormalTextRun SpellingErrorV2 SCXW15344424 BCX0"" data-mce-fragment=""1"">glowy</span><span class=""NormalTextRun SCXW15344424 BCX0"" data-mce-fragment=""1"">, light to medium coverage that stays put—all while hydrating and protecting skin from the sun.</span>",Rare Beauty,,Tinted Moisturizer,"non-returnable, Shop Sephora",TRUE,Shade,10N,,,,,FGPPLM010NF1,0,,0,deny,manual,30.00,,TRUE,TRUE,840122903717,https://cdn.shopify.com/s/files/1/0314/1143/7703/products/Tinted-Moisturizer-12c-SKU.jpg?v=1762278052,1,,,,,,g,,,,,active
positive-light-tinted-moisturizer-broad-spectrum-spf-20-sunscreen,,,,,,,,,,,,,,,,,,,,,,,,,https://cdn.shopify.com/s/files/1/0314/1143/7703/products/PDP-SU22-TM-Light-12C-BA-Alt-1440x1952.jpg?v=1656623848,2,,,,,,,,,,,
positive-light-tinted-moisturizer-broad-spectrum-spf-20-sunscreen,,,,,,,,,,,,,,,,,,,,,,,,,https://cdn.shopify.com/s/files/1/0314/1143/7703/products/swatch-tinted-moisturizer_12c.png?v=1650423273,3,,,,,,,,,,,
positive-light-tinted-moisturizer-broad-spectrum-spf-20-sunscreen,,,,,,,,,,,,,,,,,,,,,,,,,https://cdn.shopify.com/s/files/1/0314/1143/7703/products/Tinted-Moisturizer-Open-12c-SKU.jpg?v=1715726683,4,,,,,,,,,,,
positive-light-tinted-moisturizer-broad-spectrum-spf-20-sunscreen,,,,,,,,,,,,,,,,,,,,,,,,,https://cdn.shopify.com/s/files/1/0314/1143/7703/products/Tinted-Moisturizer-14w-SKU.jpg?v=1710797212,5,,,,,,,,,,,
positive-light-tinted-moisturizer-broad-spectrum-spf-20-sunscreen,,,,,,,,,,,,,,,,,,,,,,,,,https://cdn.shopify.com/s/files/1/0314/1143/7703/products/PDP-SU22-TM-Light-14W-BA-Alt-1440x1952.jpg?v=1656623848,6,,,,,,,,,,,
positive-light-tinted-moisturizer-broad-spectrum-spf-20-sunscreen,,,,,,,,,,,,,,,,,,,,,,,,,https://cdn.shopify.com/s/files/1/0314/1143/7703/products/swatch-tinted-moisturizer_14w.png?v=1650423273,7,,,,,,,,,,,
positive-light-tinted-moisturizer-broad-spectrum-spf-20-sunscreen,,,,,,,,,,,,,,,,,,,,,,,,,https://cdn.shopify.com/s/files/1/0314/1143/7703/products/Tinted-Moisturizer-Open-14w-SKU.jpg?v=1715726683,8,,,,,,,,,,,
positive-light-tinted-moisturizer-broad-spectrum-spf-20-sunscreen,,,,,,,,,,,,,,,,,,,,,,,,,https://cdn.shopify.com/s/files/1/0314/1143/7703/products/Tinted-Moisturizer-16c-SKU.jpg?v=1710797212,9,,,,,,,,,,,
positive-light-tinted-moisturizer-broad-spectrum-spf-20-sunscreen,,,,,,,,,,,,,,,,,,,,,,,,,https://cdn.shopify.com/s/files/1/0314/1143/7703/files/PDP-SU22-Light-16C-BA-Alt-1440x1952_1.jpg?v=1715726686,10,,,,,,,,,,,
positive-light-tinted-moisturizer-broad-spectrum-spf-20-sunscreen,,,,,,,,,,,,,,,,,,,,,,,,,https://cdn.shopify.com/s/files/1/0314/1143/7703/products/swatch-tinted-moisturizer_16c.png?v=1650423273,11,,,,,,,,,,,
positive-light-tinted-moisturizer-broad-spectrum-spf-20-sunscreen,,,,,,,,,,,,,,,,,,,,,,,,,https://cdn.shopify.com/s/files/1/0314/1143/7703/products/Tinted-Moisturizer-Open-16c-SKU.jpg?v=1715726683,12,,,,,,,,,,,
positive-light-tinted-moisturizer-broad-spectrum-spf-20-sunscreen,,,,,,,,,,,,,,,,,,,,,,,,,https://cdn.shopify.com/s/files/1/0314/1143/7703/products/Tinted-Moisturizer-10n-SKU.jpg?v=1710797212,13,,,,,,,,,,,
positive-light-tinted-moisturizer-broad-spectrum-spf-20-sunscreen,,,,,,,,,,,,,,,,,,,,,,,,,https://cdn.shopify.com/s/files/1/0314/1143/7703/products/PDP-SU22-TM-Light-10N-BA-Alt-1440x1952.jpg?v=1650423273,14,,,,,,,,,,,
positive-light-tinted-moisturizer-broad-spectrum-spf-20-sunscreen,,,,,,,,,,,,,,,,,,,,,,,,,https://cdn.shopify.com/s/files/1/0314/1143/7703/products/swatch-tinted-moisturizer_10n.png?v=1650423273,15,,,,,,,,,,,
positive-light-tinted-moisturizer-broad-spectrum-spf-20-sunscreen,,,,,,,,,,,,,,,,,,,,,,,,,https://cdn.shopify.com/s/files/1/0314/1143/7703/products/Tinted-Moisturizer-Open-10n-SKU.jpg?v=1715726683,16,,,,,,,,,,,
positive-light-tinted-moisturizer-broad-spectrum-spf-20-sunscreen,,,,,,,,,,,,,,,,,,,,,,,,,https://cdn.shopify.com/s/files/1/0314/1143/7703/products/Tinted-Moisturizer-20w-SKU.jpg?v=1647637891,17,,,,,,,,,,,
positive-light-tinted-moisturizer-broad-spectrum-spf-20-sunscreen,,,,,,,,,,,,,,,,,,,,,,,,,https://cdn.shopify.com/s/files/1/0314/1143/7703/products/PDP-SU22-TM-Light-Medium-20W-BA-Alt-1440x19522.jpg?v=1715726686,18,,,,,,,,,,,
positive-light-tinted-moisturizer-broad-spectrum-spf-20-sunscreen,,,,,,,,,,,,,,,,,,,,,,,,,https://cdn.shopify.com/s/files/1/0314/1143/7703/products/swatch-tinted-moisturizer_20w.png?v=1650423273,19,,,,,,,,,,,
positive-light-tinted-moisturizer-broad-spectrum-spf-20-sunscreen,,,,,,,,,,,,,,,,,,,,,,,,,https://cdn.shopify.com/s/files/1/0314/1143/7703/products/Tinted-Moisturizer-Open-20w-SKU.jpg?v=1715726683,20,,,,,,,,,,,
positive-light-tinted-moisturizer-broad-spectrum-spf-20-sunscreen,,,,,,,,,,,,,,,,,,,,,,,,,https://cdn.shopify.com/s/files/1/0314/1143/7703/products/Tinted-Moisturizer-22w-SKU.jpg?v=1647637891,21,,,,,,,,,,,
positive-light-tinted-moisturizer-broad-spectrum-spf-20-sunscreen,,,,,,,,,,,,,,,,,,,,,,,,,https://cdn.shopify.com/s/files/1/0314/1143/7703/products/PDP-SU22-TM-Light-Medium-22W-BA-Alt-1440x1952.jpg?v=1715726686,22,,,,,,,,,,,
positive-light-tinted-moisturizer-broad-spectrum-spf-20-sunscreen,,,,,,,,,,,,,,,,,,,,,,,,,https://cdn.shopify.com/s/files/1/0314/1143/7703/products/swatch-tinted-moisturizer_22w.png?v=1650423273,23,,,,,,,,,,,
positive-light-tinted-moisturizer-broad-spectrum-spf-20-sunscreen,,,,,,,,,,,,,,,,,,,,,,,,,https://cdn.shopify.com/s/files/1/0314/1143/7703/products/Tinted-Moisturizer-Open-22w-SKU.jpg?v=1715726683,24,,,,,,,,,,,
positive-light-tinted-moisturizer-broad-spectrum-spf-20-sunscreen,,,,,,,,,,,,,,,,,,,,,,,,,https://cdn.shopify.com/s/files/1/0314/1143/7703/products/Tinted-Moisturizer-24n-SKU.jpg?v=1647637891,25,,,,,,,,,,,
positive-light-tinted-moisturizer-broad-spectrum-spf-20-sunscreen,,,,,,,,,,,,,,,,,,,,,,,,,https://cdn.shopify.com/s/files/1/0314/1143/7703/products/PDP-SU22-TM-Light-Medium-24N-BA-Alt-1440x1952.jpg?v=1715726686,26,,,,,,,,,,,
positive-light-tinted-moisturizer-broad-spectrum-spf-20-sunscreen,,,,,,,,,,,,,,,,,,,,,,,,,https://cdn.shopify.com/s/files/1/0314/1143/7703/products/swatch-tinted-moisturizer_24n.png?v=1650423273,27,,,,,,,,,,,
positive-light-tinted-moisturizer-broad-spectrum-spf-20-sunscreen,,,,,,,,,,,,,,,,,,,,,,,,,https://cdn.shopify.com/s/files/1/0314/1143/7703/products/Tinted-Moisturizer-Open-24n-SKU.jpg?v=1715726683,28,,,,,,,,,,,
positive-light-tinted-moisturizer-broad-spectrum-spf-20-sunscreen,,,,,,,,,,,,,,,,,,,,,,,,,https://cdn.shopify.com/s/files/1/0314/1143/7703/products/Tinted-Moisturizer-26w-SKU.jpg?v=1647637891,29,,,,,,,,,,,
positive-light-tinted-moisturizer-broad-spectrum-spf-20-sunscreen,,,,,,,,,,,,,,,,,,,,,,,,,https://cdn.shopify.com/s/files/1/0314/1143/7703/products/PDP-SU22-TM-Light-Medium-26W-BA-Alt-1440x1952.jpg?v=1715726686,30,,,,,,,,,,,
positive-light-tinted-moisturizer-broad-spectrum-spf-20-sunscreen,,,,,,,,,,,,,,,,,,,,,,,,,https://cdn.shopify.com/s/files/1/0314/1143/7703/products/swatch-tinted-moisturizer_26w.png?v=1650423273,31,,,,,,,,,,,
positive-light-tinted-moisturizer-broad-spectrum-spf-20-sunscreen,,,,,,,,,,,,,,,,,,,,,,,,,https://cdn.shopify.com/s/files/1/0314/1143/7703/products/Tinted-Moisturizer-Open-26w-SKU.jpg?v=1715726683,32,,,,,,,,,,,
positive-light-tinted-moisturizer-broad-spectrum-spf-20-sunscreen,,,,,,,,,,,,,,,,,,,,,,,,,https://cdn.shopify.com/s/files/1/0314/1143/7703/products/Tinted-Moisturizer-28c-SKU.jpg?v=1647637891,33,,,,,,,,,,,
positive-light-tinted-moisturizer-broad-spectrum-spf-20-sunscreen,,,,,,,,,,,,,,,,,,,,,,,,,https://cdn.shopify.com/s/files/1/0314/1143/7703/products/PDP-SU22-TM-Light-Medium-28C-BA-Alt-1440x1952.jpg?v=1715726686,34,,,,,,,,,,,
positive-light-tinted-moisturizer-broad-spectrum-spf-20-sunscreen,,,,,,,,,,,,,,,,,,,,,,,,,https://cdn.shopify.com/s/files/1/0314/1143/7703/products/swatch-tinted-moisturizer_28c.png?v=1650423273,35,,,,,,,,,,,
positive-light-tinted-moisturizer-broad-spectrum-spf-20-sunscreen,,,,,,,,,,,,,,,,,,,,,,,,,https://cdn.shopify.com/s/files/1/0314/1143/7703/products/Tinted-Moisturizer-Open-28c-SKU.jpg?v=1715726683,36,,,,,,,,,,,
positive-light-tinted-moisturizer-broad-spectrum-spf-20-sunscreen,,,,,,,,,,,,,,,,,,,,,,,,,https://cdn.shopify.com/s/files/1/0314/1143/7703/products/Tinted-Moisturizer-30n-SKU.jpg?v=1647637891,37,,,,,,,,,,,
positive-light-tinted-moisturizer-broad-spectrum-spf-20-sunscreen,,,,,,,,,,,,,,,,,,,,,,,,,https://cdn.shopify.com/s/files/1/0314/1143/7703/products/PDP-SU22-TM-Medium-30N-BA-Alt-1440x1952.jpg?v=1715726686,38,,,,,,,,,,,
positive-light-tinted-moisturizer-broad-spectrum-spf-20-sunscreen,,,,,,,,,,,,,,,,,,,,,,,,,https://cdn.shopify.com/s/files/1/0314/1143/7703/products/swatch-tinted-moisturizer_30n.png?v=1650423273,39,,,,,,,,,,,
positive-light-tinted-moisturizer-broad-spectrum-spf-20-sunscreen,,,,,,,,,,,,,,,,,,,,,,,,,https://cdn.shopify.com/s/files/1/0314/1143/7703/products/Tinted-Moisturizer-Open-30n-SKU.jpg?v=1715726683,40,,,,,,,,,,,
positive-light-tinted-moisturizer-broad-spectrum-spf-20-sunscreen,,,,,,,,,,,,,,,,,,,,,,,,,https://cdn.shopify.com/s/files/1/0314/1143/7703/products/Tinted-Moisturizer-32n-SKU.jpg?v=1647637891,41,,,,,,,,,,,
positive-light-tinted-moisturizer-broad-spectrum-spf-20-sunscreen,,,,,,,,,,,,,,,,,,,,,,,,,https://cdn.shopify.com/s/files/1/0314/1143/7703/products/PDP-SU22-TM-Medium-32N-BA-Alt-1440x1952.jpg?v=1715726686,42,,,,,,,,,,,
positive-light-tinted-moisturizer-broad-spectrum-spf-20-sunscreen,,,,,,,,,,,,,,,,,,,,,,,,,https://cdn.shopify.com/s/files/1/0314/1143/7703/products/swatch-tinted-moisturizer_32n.png?v=1650423273,43,,,,,,,,,,,
positive-light-tinted-moisturizer-broad-spectrum-spf-20-sunscreen,,,,,,,,,,,,,,,,,,,,,,,,,https://cdn.shopify.com/s/files/1/0314/1143/7703/products/Tinted-Moisturizer-Open-32n-SKU.jpg?v=1715726683,44,,,,,,,,,,,
positive-light-tinted-moisturizer-broad-spectrum-spf-20-sunscreen,,,,,,,,,,,,,,,,,,,,,,,,,https://cdn.shopify.com/s/files/1/0314/1143/7703/products/Tinted-Moisturizer-34w-SKU.jpg?v=1647637891,45,,,,,,,,,,,
positive-light-tinted-moisturizer-broad-spectrum-spf-20-sunscreen,,,,,,,,,,,,,,,,,,,,,,,,,https://cdn.shopify.com/s/files/1/0314/1143/7703/files/PDP-SU22-Medium-34W-BA-Alt-1440x1952_1.jpg?v=1715726686,46,,,,,,,,,,,
positive-light-tinted-moisturizer-broad-spectrum-spf-20-sunscreen,,,,,,,,,,,,,,,,,,,,,,,,,https://cdn.shopify.com/s/files/1/0314/1143/7703/products/swatch-tinted-moisturizer_34w.png?v=1650423273,47,,,,,,,,,,,
positive-light-tinted-moisturizer-broad-spectrum-spf-20-sunscreen,,,,,,,,,,,,,,,,,,,,,,,,,https://cdn.shopify.com/s/files/1/0314/1143/7703/products/Tinted-Moisturizer-Open-34w-SKU.jpg?v=1715726683,48,,,,,,,,,,,
positive-light-tinted-moisturizer-broad-spectrum-spf-20-sunscreen,,,,,,,,,,,,,,,,,,,,,,,,,https://cdn.shopify.com/s/files/1/0314/1143/7703/products/Tinted-Moisturizer-36c-SKU.jpg?v=1647637891,49,,,,,,,,,,,
positive-light-tinted-moisturizer-broad-spectrum-spf-20-sunscreen,,,,,,,,,,,,,,,,,,,,,,,,,https://cdn.shopify.com/s/files/1/0314/1143/7703/products/PDP-SU22-TM-Medium-36C-BA-Alt-1440x1952.jpg?v=1715726686,50,,,,,,,,,,,
positive-light-tinted-moisturizer-broad-spectrum-spf-20-sunscreen,,,,,,,,,,,,,,,,,,,,,,,,,https://cdn.shopify.com/s/files/1/0314/1143/7703/products/swatch-tinted-moisturizer_36c.png?v=1650423273,51,,,,,,,,,,,
positive-light-tinted-moisturizer-broad-spectrum-spf-20-sunscreen,,,,,,,,,,,,,,,,,,,,,,,,,https://cdn.shopify.com/s/files/1/0314/1143/7703/products/Tinted-Moisturizer-Open-36c-SKU.jpg?v=1715726683,52,,,,,,,,,,,
positive-light-tinted-moisturizer-broad-spectrum-spf-20-sunscreen,,,,,,,,,,,,,,,,,,,,,,,,,https://cdn.shopify.com/s/files/1/0314/1143/7703/products/Tinted-Moisturizer-38n-SKU.jpg?v=1647637891,53,,,,,,,,,,,
positive-light-tinted-moisturizer-broad-spectrum-spf-20-sunscreen,,,,,,,,,,,,,,,,,,,,,,,,,https://cdn.shopify.com/s/files/1/0314/1143/7703/products/PDP-SU22-TM-Medium-38N-BA-Alt-1440x1952.jpg?v=1715726686,54,,,,,,,,,,,
positive-light-tinted-moisturizer-broad-spectrum-spf-20-sunscreen,,,,,,,,,,,,,,,,,,,,,,,,,https://cdn.shopify.com/s/files/1/0314/1143/7703/products/swatch-tinted-moisturizer_38n.png?v=1650423273,55,,,,,,,,,,,
positive-light-tinted-moisturizer-broad-spectrum-spf-20-sunscreen,,,,,,,,,,,,,,,,,,,,,,,,,https://cdn.shopify.com/s/files/1/0314/1143/7703/products/Tinted-Moisturizer-Open-38n-SKU.jpg?v=1715726683,56,,,,,,,,,,,
positive-light-tinted-moisturizer-broad-spectrum-spf-20-sunscreen,,,,,,,,,,,,,,,,,,,,,,,,,https://cdn.shopify.com/s/files/1/0314/1143/7703/products/Tinted-Moisturizer-40n-SKU.jpg?v=1650687265,57,,,,,,,,,,,
positive-light-tinted-moisturizer-broad-spectrum-spf-20-sunscreen,,,,,,,,,,,,,,,,,,,,,,,,,https://cdn.shopify.com/s/files/1/0314/1143/7703/products/PDP-SU22-Medium-Deep-40N-BA-Alt-1440x1952.jpg?v=1715726686,58,,,,,,,,,,,
positive-light-tinted-moisturizer-broad-spectrum-spf-20-sunscreen,,,,,,,,,,,,,,,,,,,,,,,,,https://cdn.shopify.com/s/files/1/0314/1143/7703/products/swatch-tinted-moisturizer_40n.png?v=1650423273,59,,,,,,,,,,,
positive-light-tinted-moisturizer-broad-spectrum-spf-20-sunscreen,,,,,,,,,,,,,,,,,,,,,,,,,https://cdn.shopify.com/s/files/1/0314/1143/7703/products/Tinted-Moisturizer-Open-40n-SKU.jpg?v=1715726683,60,,,,,,,,,,,
positive-light-tinted-moisturizer-broad-spectrum-spf-20-sunscreen,,,,,,,,,,,,,,,,,,,,,,,,,https://cdn.shopify.com/s/files/1/0314/1143/7703/products/Tinted-Moisturizer-42n-SKU.jpg?v=1650687265,61,,,,,,,,,,,
positive-light-tinted-moisturizer-broad-spectrum-spf-20-sunscreen,,,,,,,,,,,,,,,,,,,,,,,,,https://cdn.shopify.com/s/files/1/0314/1143/7703/products/PDP-SU22-Medium-Deep-42N-BA-Alt-1440x1952.jpg?v=1715726686,62,,,,,,,,,,,
positive-light-tinted-moisturizer-broad-spectrum-spf-20-sunscreen,,,,,,,,,,,,,,,,,,,,,,,,,https://cdn.shopify.com/s/files/1/0314/1143/7703/products/swatch-tinted-moisturizer_42n.png?v=1650423273,63,,,,,,,,,,,
positive-light-tinted-moisturizer-broad-spectrum-spf-20-sunscreen,,,,,,,,,,,,,,,,,,,,,,,,,https://cdn.shopify.com/s/files/1/0314/1143/7703/products/Tinted-Moisturizer-Open-42n-SKU.jpg?v=1715726683,64,,,,,,,,,,,
positive-light-tinted-moisturizer-broad-spectrum-spf-20-sunscreen,,,,,,,,,,,,,,,,,,,,,,,,,https://cdn.shopify.com/s/files/1/0314/1143/7703/products/Tinted-Moisturizer-44n-SKU.jpg?v=1650687265,65,,,,,,,,,,,
positive-light-tinted-moisturizer-broad-spectrum-spf-20-sunscreen,,,,,,,,,,,,,,,,,,,,,,,,,https://cdn.shopify.com/s/files/1/0314/1143/7703/products/PDP-SU22-Medium-Deep-44N-BA-Alt-1440x1952.jpg?v=1715726686,66,,,,,,,,,,,
positive-light-tinted-moisturizer-broad-spectrum-spf-20-sunscreen,,,,,,,,,,,,,,,,,,,,,,,,,https://cdn.shopify.com/s/files/1/0314/1143/7703/products/swatch-tinted-moisturizer_44n.png?v=1650423273,67,,,,,,,,,,,
positive-light-tinted-moisturizer-broad-spectrum-spf-20-sunscreen,,,,,,,,,,,,,,,,,,,,,,,,,https://cdn.shopify.com/s/files/1/0314/1143/7703/products/Tinted-Moisturizer-Open-44n-SKU.jpg?v=1715726683,68,,,,,,,,,,,
positive-light-tinted-moisturizer-broad-spectrum-spf-20-sunscreen,,,,,,,,,,,,,,,,,,,,,,,,,https://cdn.shopify.com/s/files/1/0314/1143/7703/products/Tinted-Moisturizer-46c-SKU.jpg?v=1650687250,69,,,,,,,,,,,
positive-light-tinted-moisturizer-broad-spectrum-spf-20-sunscreen,,,,,,,,,,,,,,,,,,,,,,,,,https://cdn.shopify.com/s/files/1/0314/1143/7703/products/PDP-SU22-Medium-Deep-46C-BA-Alt-1440x1952.jpg?v=1715726686,70,,,,,,,,,,,
positive-light-tinted-moisturizer-broad-spectrum-spf-20-sunscreen,,,,,,,,,,,,,,,,,,,,,,,,,https://cdn.shopify.com/s/files/1/0314/1143/7703/products/Tinted-Moisturizer-Open-46c-SKU.jpg?v=1715726683,71,,,,,,,,,,,
positive-light-tinted-moisturizer-broad-spectrum-spf-20-sunscreen,,,,,,,,,,,,,,,,,,,,,,,,,https://cdn.shopify.com/s/files/1/0314/1143/7703/products/swatch-tinted-moisturizer_46c.png?v=1650423273,72,,,,,,,,,,,
positive-light-tinted-moisturizer-broad-spectrum-spf-20-sunscreen,,,,,,,,,,,,,,,,,,,,,,,,,https://cdn.shopify.com/s/files/1/0314/1143/7703/products/Tinted-Moisturizer-48w-SKU.jpg?v=1650687250,73,,,,,,,,,,,
positive-light-tinted-moisturizer-broad-spectrum-spf-20-sunscreen,,,,,,,,,,,,,,,,,,,,,,,,,https://cdn.shopify.com/s/files/1/0314/1143/7703/products/PDP-SU22-Medium-Deep-48W-BA-Alt-1440x1952.jpg?v=1715726686,74,,,,,,,,,,,
positive-light-tinted-moisturizer-broad-spectrum-spf-20-sunscreen,,,,,,,,,,,,,,,,,,,,,,,,,https://cdn.shopify.com/s/files/1/0314/1143/7703/products/swatch-tinted-moisturizer_48w.png?v=1650423273,75,,,,,,,,,,,
positive-light-tinted-moisturizer-broad-spectrum-spf-20-sunscreen,,,,,,,,,,,,,,,,,,,,,,,,,https://cdn.shopify.com/s/files/1/0314/1143/7703/products/Tinted-Moisturizer-Open-48w-SKU.jpg?v=1715726683,76,,,,,,,,,,,
positive-light-tinted-moisturizer-broad-spectrum-spf-20-sunscreen,,,,,,,,,,,,,,,,,,,,,,,,,https://cdn.shopify.com/s/files/1/0314/1143/7703/products/Tinted-Moisturizer-50n-SKU.jpg?v=1650423273,77,,,,,,,,,,,
positive-light-tinted-moisturizer-broad-spectrum-spf-20-sunscreen,,,,,,,,,,,,,,,,,,,,,,,,,https://cdn.shopify.com/s/files/1/0314/1143/7703/products/PDP-SU22-TM-Deep-50N-BA-Alt-1440x1952.jpg?v=1715726686,78,,,,,,,,,,,
positive-light-tinted-moisturizer-broad-spectrum-spf-20-sunscreen,,,,,,,,,,,,,,,,,,,,,,,,,https://cdn.shopify.com/s/files/1/0314/1143/7703/products/swatch-tinted-moisturizer_50n.png?v=1650423273,79,,,,,,,,,,,
positive-light-tinted-moisturizer-broad-spectrum-spf-20-sunscreen,,,,,,,,,,,,,,,,,,,,,,,,,https://cdn.shopify.com/s/files/1/0314/1143/7703/products/Tinted-Moisturizer-Open-50n-SKU.jpg?v=1715726683,80,,,,,,,,,,,
positive-light-tinted-moisturizer-broad-spectrum-spf-20-sunscreen,,,,,,,,,,,,,,,,,,,,,,,,,https://cdn.shopify.com/s/files/1/0314/1143/7703/products/Tinted-Moisturizer-52w-SKU.jpg?v=1650423273,81,,,,,,,,,,,
positive-light-tinted-moisturizer-broad-spectrum-spf-20-sunscreen,,,,,,,,,,,,,,,,,,,,,,,,,https://cdn.shopify.com/s/files/1/0314/1143/7703/products/PDP-SU22-TM-Deep-52W-BA-Alt-1440x1952.jpg?v=1715726686,82,,,,,,,,,,,
positive-light-tinted-moisturizer-broad-spectrum-spf-20-sunscreen,,,,,,,,,,,,,,,,,,,,,,,,,https://cdn.shopify.com/s/files/1/0314/1143/7703/products/swatch-tinted-moisturizer_52w.png?v=1650423273,83,,,,,,,,,,,
positive-light-tinted-moisturizer-broad-spectrum-spf-20-sunscreen,,,,,,,,,,,,,,,,,,,,,,,,,https://cdn.shopify.com/s/files/1/0314/1143/7703/products/Tinted-Moisturizer-Open-52w-SKU.jpg?v=1715726683,84,,,,,,,,,,,
positive-light-tinted-moisturizer-broad-spectrum-spf-20-sunscreen,,,,,,,,,,,,,,,,,,,,,,,,,https://cdn.shopify.com/s/files/1/0314/1143/7703/products/Tinted-Moisturizer-54n-SKU.jpg?v=1650423273,85,,,,,,,,,,,
positive-light-tinted-moisturizer-broad-spectrum-spf-20-sunscreen,,,,,,,,,,,,,,,,,,,,,,,,,https://cdn.shopify.com/s/files/1/0314/1143/7703/files/PDP-SU22-Deep-54N-BA-Alt-1440x1952_1.jpg?v=1715726686,86,,,,,,,,,,,
positive-light-tinted-moisturizer-broad-spectrum-spf-20-sunscreen,,,,,,,,,,,,,,,,,,,,,,,,,https://cdn.shopify.com/s/files/1/0314/1143/7703/products/swatch-tinted-moisturizer_54n.png?v=1650423273,87,,,,,,,,,,,
positive-light-tinted-moisturizer-broad-spectrum-spf-20-sunscreen,,,,,,,,,,,,,,,,,,,,,,,,,https://cdn.shopify.com/s/files/1/0314/1143/7703/products/Tinted-Moisturizer-Open-54n-SKU.jpg?v=1715726683,88,,,,,,,,,,,
positive-light-tinted-moisturizer-broad-spectrum-spf-20-sunscreen,,,,,,,,,,,,,,,,,,,,,,,,,https://cdn.shopify.com/s/files/1/0314/1143/7703/products/Tinted-Moisturizer-56n-SKU.jpg?v=1650423273,89,,,,,,,,,,,
positive-light-tinted-moisturizer-broad-spectrum-spf-20-sunscreen,,,,,,,,,,,,,,,,,,,,,,,,,https://cdn.shopify.com/s/files/1/0314/1143/7703/products/PDP-SU22-TM-Deep-56N-BA-Alt-1440x1952.jpg?v=1715726686,90,,,,,,,,,,,
positive-light-tinted-moisturizer-broad-spectrum-spf-20-sunscreen,,,,,,,,,,,,,,,,,,,,,,,,,https://cdn.shopify.com/s/files/1/0314/1143/7703/products/swatch-tinted-moisturizer_56n.png?v=1650423273,91,,,,,,,,,,,
positive-light-tinted-moisturizer-broad-spectrum-spf-20-sunscreen,,,,,,,,,,,,,,,,,,,,,,,,,https://cdn.shopify.com/s/files/1/0314/1143/7703/products/Tinted-Moisturizer-Open-56n-SKU.jpg?v=1715726683,92,,,,,,,,,,,
positive-light-tinted-moisturizer-broad-spectrum-spf-20-sunscreen,,,,,,,,,,,,,,,,,,,,,,,,,https://cdn.shopify.com/s/files/1/0314/1143/7703/products/Tinted-Moisturizer-58n-SKU.jpg?v=1650423273,93,,,,,,,,,,,
positive-light-tinted-moisturizer-broad-spectrum-spf-20-sunscreen,,,,,,,,,,,,,,,,,,,,,,,,,https://cdn.shopify.com/s/files/1/0314/1143/7703/products/PDP-SU22-TM-Deep-58N-BA-Alt-1440x1952.jpg?v=1715726683,94,,,,,,,,,,,
positive-light-tinted-moisturizer-broad-spectrum-spf-20-sunscreen,,,,,,,,,,,,,,,,,,,,,,,,,https://cdn.shopify.com/s/files/1/0314/1143/7703/products/swatch-tinted-moisturizer_58n.png?v=1650423273,95,,,,,,,,,,,
positive-light-tinted-moisturizer-broad-spectrum-spf-20-sunscreen,,,,,,,,,,,,,,,,,,,,,,,,,https://cdn.shopify.com/s/files/1/0314/1143/7703/products/Tinted-Moisturizer-Open-58n-SKU.jpg?v=1715726683,96,,,,,,,,,,,
positive-light-tinted-moisturizer-broad-spectrum-spf-20-sunscreen,,,,,,,,,,,,,,,,,,,,,,,,,https://cdn.shopify.com/s/files/1/0314/1143/7703/products/positive-light-arm-swatches-1440x1952.jpg?v=1650423273,97,,,,,,,,,,,
positive-light-tinted-moisturizer-broad-spectrum-spf-20-sunscreen,,,,,,,,,,,,,,,,,,,,,,,,,https://cdn.shopify.com/s/files/1/0314/1143/7703/products/positive-light-tinted-moisturizer-swatch-chart-1440x1952.jpg?v=1715726683,98,,,,,,,,,,,
positive-light-tinted-moisturizer-broad-spectrum-spf-20-sunscreen,,"<meta charset=""utf-8""><span class=""NormalTextRun SCXW15344424 BCX0"" data-mce-fragment=""1"">A flexible tinted moisturizer that goes on easy to instantly blur skin with </span><span class=""NormalTextRun SpellingErrorV2 SCXW15344424 BCX0"" data-mce-fragment=""1"">glowy</span><span class=""NormalTextRun SCXW15344424 BCX0"" data-mce-fragment=""1"">, light to medium coverage that stays put—all while hydrating and protecting skin from the sun.</span>",Rare Beauty,,Tinted Moisturizer,"non-returnable, Shop Sephora",TRUE,Shade,12C,,,,,FGPPLM012CF1,0,,0,deny,manual,30.00,,TRUE,TRUE,840122903724,,,,,,,,g,,,,,active
positive-light-tinted-moisturizer-broad-spectrum-spf-20-sunscreen,,"<meta charset=""utf-8""><span class=""NormalTextRun SCXW15344424 BCX0"" data-mce-fragment=""1"">A flexible tinted moisturizer that goes on easy to instantly blur skin with </span><span class=""NormalTextRun SpellingErrorV2 SCXW15344424 BCX0"" data-mce-fragment=""1"">glowy</span><span class=""NormalTextRun SCXW15344424 BCX0"" data-mce-fragment=""1"">, light to medium coverage that stays put—all while hydrating and protecting skin from the sun.</span>",Rare Beauty,,Tinted Moisturizer,"non-returnable, Shop Sephora",TRUE,Shade,14W,,,,,FGPPLM014WF1,0,,0,deny,manual,30.00,,TRUE,TRUE,840122903731,,,,,,,,g,,,,,active
positive-light-tinted-moisturizer-broad-spectrum-spf-20-sunscreen,,"<meta charset=""utf-8""><span class=""NormalTextRun SCXW15344424 BCX0"" data-mce-fragment=""1"">A flexible tinted moisturizer that goes on easy to instantly blur skin with </span><span class=""NormalTextRun SpellingErrorV2 SCXW15344424 BCX0"" data-mce-fragment=""1"">glowy</span><span class=""NormalTextRun SCXW15344424 BCX0"" data-mce-fragment=""1"">, light to medium coverage that stays put—all while hydrating and protecting skin from the sun.</span>",Rare Beauty,,Tinted Moisturizer,"non-returnable, Shop Sephora",TRUE,Shade,16C,,,,,FGPPLM016CF1,0,,0,deny,manual,30.00,,TRUE,TRUE,840122903748,,,,,,,,g,,,,,active
positive-light-tinted-moisturizer-broad-spectrum-spf-20-sunscreen,,"<meta charset=""utf-8""><span class=""NormalTextRun SCXW15344424 BCX0"" data-mce-fragment=""1"">A flexible tinted moisturizer that goes on easy to instantly blur skin with </span><span class=""NormalTextRun SpellingErrorV2 SCXW15344424 BCX0"" data-mce-fragment=""1"">glowy</span><span class=""NormalTextRun SCXW15344424 BCX0"" data-mce-fragment=""1"">, light to medium coverage that stays put—all while hydrating and protecting skin from the sun.</span>",Rare Beauty,,Tinted Moisturizer,"non-returnable, Shop Sephora",TRUE,Shade,20W,,,,,FGPPLM020WF1,0,,0,deny,manual,30.00,,TRUE,TRUE,840122903755,,,,,,,,g,,,,,active
positive-light-tinted-moisturizer-broad-spectrum-spf-20-sunscreen,,"<meta charset=""utf-8""><span class=""NormalTextRun SCXW15344424 BCX0"" data-mce-fragment=""1"">A flexible tinted moisturizer that goes on easy to instantly blur skin with </span><span class=""NormalTextRun SpellingErrorV2 SCXW15344424 BCX0"" data-mce-fragment=""1"">glowy</span><span class=""NormalTextRun SCXW15344424 BCX0"" data-mce-fragment=""1"">, light to medium coverage that stays put—all while hydrating and protecting skin from the sun.</span>",Rare Beauty,,Tinted Moisturizer,"non-returnable, Shop Sephora",TRUE,Shade,22W,,,,,FGPPLM022WF1,0,,0,deny,manual,30.00,,TRUE,TRUE,840122903762,,,,,,,,g,,,,,active
positive-light-tinted-moisturizer-broad-spectrum-spf-20-sunscreen,,"<meta charset=""utf-8""><span class=""NormalTextRun SCXW15344424 BCX0"" data-mce-fragment=""1"">A flexible tinted moisturizer that goes on easy to instantly blur skin with </span><span class=""NormalTextRun SpellingErrorV2 SCXW15344424 BCX0"" data-mce-fragment=""1"">glowy</span><span class=""NormalTextRun SCXW15344424 BCX0"" data-mce-fragment=""1"">, light to medium coverage that stays put—all while hydrating and protecting skin from the sun.</span>",Rare Beauty,,Tinted Moisturizer,"non-returnable, Shop Sephora",TRUE,Shade,24N,,,,,FGPPLM024NF1,0,,0,deny,manual,30.00,,TRUE,TRUE,840122903779,,,,,,,,g,,,,,active
positive-light-tinted-moisturizer-broad-spectrum-spf-20-sunscreen,,"<meta charset=""utf-8""><span class=""NormalTextRun SCXW15344424 BCX0"" data-mce-fragment=""1"">A flexible tinted moisturizer that goes on easy to instantly blur skin with </span><span class=""NormalTextRun SpellingErrorV2 SCXW15344424 BCX0"" data-mce-fragment=""1"">glowy</span><span class=""NormalTextRun SCXW15344424 BCX0"" data-mce-fragment=""1"">, light to medium coverage that stays put—all while hydrating and protecting skin from the sun.</span>",Rare Beauty,,Tinted Moisturizer,"non-returnable, Shop Sephora",TRUE,Shade,26W,,,,,FGPPLM026WF1,0,,0,deny,manual,30.00,,TRUE,TRUE,840122903786,,,,,,,,g,,,,,active
positive-light-tinted-moisturizer-broad-spectrum-spf-20-sunscreen,,"<meta charset=""utf-8""><span class=""NormalTextRun SCXW15344424 BCX0"" data-mce-fragment=""1"">A flexible tinted moisturizer that goes on easy to instantly blur skin with </span><span class=""NormalTextRun SpellingErrorV2 SCXW15344424 BCX0"" data-mce-fragment=""1"">glowy</span><span class=""NormalTextRun SCXW15344424 BCX0"" data-mce-fragment=""1"">, light to medium coverage that stays put—all while hydrating and protecting skin from the sun.</span>",Rare Beauty,,Tinted Moisturizer,"non-returnable, Shop Sephora",TRUE,Shade,28C,,,,,FGPPLM028CF1,0,,0,deny,manual,30.00,,TRUE,TRUE,840122903793,,,,,,,,g,,,,,active
positive-light-tinted-moisturizer-broad-spectrum-spf-20-sunscreen,,"<meta charset=""utf-8""><span class=""NormalTextRun SCXW15344424 BCX0"" data-mce-fragment=""1"">A flexible tinted moisturizer that goes on easy to instantly blur skin with </span><span class=""NormalTextRun SpellingErrorV2 SCXW15344424 BCX0"" data-mce-fragment=""1"">glowy</span><span class=""NormalTextRun SCXW15344424 BCX0"" data-mce-fragment=""1"">, light to medium coverage that stays put—all while hydrating and protecting skin from the sun.</span>",Rare Beauty,,Tinted Moisturizer,"non-returnable, Shop Sephora",TRUE,Shade,30N,,,,,FGPPLM030NF1,0,,0,deny,manual,30.00,,TRUE,TRUE,840122903809,,,,,,,,g,,,,,active
positive-light-tinted-moisturizer-broad-spectrum-spf-20-sunscreen,,"<meta charset=""utf-8""><span class=""NormalTextRun SCXW15344424 BCX0"" data-mce-fragment=""1"">A flexible tinted moisturizer that goes on easy to instantly blur skin with </span><span class=""NormalTextRun SpellingErrorV2 SCXW15344424 BCX0"" data-mce-fragment=""1"">glowy</span><span class=""NormalTextRun SCXW15344424 BCX0"" data-mce-fragment=""1"">, light to medium coverage that stays put—all while hydrating and protecting skin from the sun.</span>",Rare Beauty,,Tinted Moisturizer,"non-returnable, Shop Sephora",TRUE,Shade,32N,,,,,FGPPLM032NF1,0,,0,deny,manual,30.00,,TRUE,TRUE,840122903816,,,,,,,,g,,,,,active
positive-light-tinted-moisturizer-broad-spectrum-spf-20-sunscreen,,"<meta charset=""utf-8""><span class=""NormalTextRun SCXW15344424 BCX0"" data-mce-fragment=""1"">A flexible tinted moisturizer that goes on easy to instantly blur skin with </span><span class=""NormalTextRun SpellingErrorV2 SCXW15344424 BCX0"" data-mce-fragment=""1"">glowy</span><span class=""NormalTextRun SCXW15344424 BCX0"" data-mce-fragment=""1"">, light to medium coverage that stays put—all while hydrating and protecting skin from the sun.</span>",Rare Beauty,,Tinted Moisturizer,"non-returnable, Shop Sephora",TRUE,Shade,34W,,,,,FGPPLM034WF1,0,,0,deny,manual,30.00,,TRUE,TRUE,840122903823,,,,,,,,g,,,,,active
positive-light-tinted-moisturizer-broad-spectrum-spf-20-sunscreen,,"<meta charset=""utf-8""><span class=""NormalTextRun SCXW15344424 BCX0"" data-mce-fragment=""1"">A flexible tinted moisturizer that goes on easy to instantly blur skin with </span><span class=""NormalTextRun SpellingErrorV2 SCXW15344424 BCX0"" data-mce-fragment=""1"">glowy</span><span class=""NormalTextRun SCXW15344424 BCX0"" data-mce-fragment=""1"">, light to medium coverage that stays put—all while hydrating and protecting skin from the sun.</span>",Rare Beauty,,Tinted Moisturizer,"non-returnable, Shop Sephora",TRUE,Shade,36C,,,,,FGPPLM036CF1,0,,0,deny,manual,30.00,,TRUE,TRUE,840122903830,,,,,,,,g,,,,,active
positive-light-tinted-moisturizer-broad-spectrum-spf-20-sunscreen,,"<meta charset=""utf-8""><span class=""NormalTextRun SCXW15344424 BCX0"" data-mce-fragment=""1"">A flexible tinted moisturizer that goes on easy to instantly blur skin with </span><span class=""NormalTextRun SpellingErrorV2 SCXW15344424 BCX0"" data-mce-fragment=""1"">glowy</span><span class=""NormalTextRun SCXW15344424 BCX0"" data-mce-fragment=""1"">, light to medium coverage that stays put—all while hydrating and protecting skin from the sun.</span>",Rare Beauty,,Tinted Moisturizer,"non-returnable, Shop Sephora",TRUE,Shade,38N,,,,,FGPPLM038NF1,0,,0,deny,manual,30.00,,TRUE,TRUE,840122903847,,,,,,,,g,,,,,active
positive-light-tinted-moisturizer-broad-spectrum-spf-20-sunscreen,,"<meta charset=""utf-8""><span class=""NormalTextRun SCXW15344424 BCX0"" data-mce-fragment=""1"">A flexible tinted moisturizer that goes on easy to instantly blur skin with </span><span class=""NormalTextRun SpellingErrorV2 SCXW15344424 BCX0"" data-mce-fragment=""1"">glowy</span><span class=""NormalTextRun SCXW15344424 BCX0"" data-mce-fragment=""1"">, light to medium coverage that stays put—all while hydrating and protecting skin from the sun.</span>",Rare Beauty,,Tinted Moisturizer,"non-returnable, Shop Sephora",TRUE,Shade,40N,,,,,FGPPLM040NF1,0,,0,deny,manual,30.00,,TRUE,TRUE,840122903854,,,,,,,,g,,,,,active
positive-light-tinted-moisturizer-broad-spectrum-spf-20-sunscreen,,"<meta charset=""utf-8""><span class=""NormalTextRun SCXW15344424 BCX0"" data-mce-fragment=""1"">A flexible tinted moisturizer that goes on easy to instantly blur skin with </span><span class=""NormalTextRun SpellingErrorV2 SCXW15344424 BCX0"" data-mce-fragment=""1"">glowy</span><span class=""NormalTextRun SCXW15344424 BCX0"" data-mce-fragment=""1"">, light to medium coverage that stays put—all while hydrating and protecting skin from the sun.</span>",Rare Beauty,,Tinted Moisturizer,"non-returnable, Shop Sephora",TRUE,Shade,42N,,,,,FGPPLM042NF1,0,,0,deny,manual,30.00,,TRUE,TRUE,840122903861,,,,,,,,g,,,,,active
positive-light-tinted-moisturizer-broad-spectrum-spf-20-sunscreen,,"<meta charset=""utf-8""><span class=""NormalTextRun SCXW15344424 BCX0"" data-mce-fragment=""1"">A flexible tinted moisturizer that goes on easy to instantly blur skin with </span><span class=""NormalTextRun SpellingErrorV2 SCXW15344424 BCX0"" data-mce-fragment=""1"">glowy</span><span class=""NormalTextRun SCXW15344424 BCX0"" data-mce-fragment=""1"">, light to medium coverage that stays put—all while hydrating and protecting skin from the sun.</span>",Rare Beauty,,Tinted Moisturizer,"non-returnable, Shop Sephora",TRUE,Shade,44N,,,,,FGPPLM044NF1,0,,0,deny,manual,30.00,,TRUE,TRUE,840122903878,,,,,,,,g,,,,,active
positive-light-tinted-moisturizer-broad-spectrum-spf-20-sunscreen,,"<meta charset=""utf-8""><span class=""NormalTextRun SCXW15344424 BCX0"" data-mce-fragment=""1"">A flexible tinted moisturizer that goes on easy to instantly blur skin with </span><span class=""NormalTextRun SpellingErrorV2 SCXW15344424 BCX0"" data-mce-fragment=""1"">glowy</span><span class=""NormalTextRun SCXW15344424 BCX0"" data-mce-fragment=""1"">, light to medium coverage that stays put—all while hydrating and protecting skin from the sun.</span>",Rare Beauty,,Tinted Moisturizer,"non-returnable, Shop Sephora",TRUE,Shade,46C,,,,,FGPPLM046CF1,0,,0,deny,manual,30.00,,TRUE,TRUE,840122903885,,,,,,,,g,,,,,active
positive-light-tinted-moisturizer-broad-spectrum-spf-20-sunscreen,,"<meta charset=""utf-8""><span class=""NormalTextRun SCXW15344424 BCX0"" data-mce-fragment=""1"">A flexible tinted moisturizer that goes on easy to instantly blur skin with </span><span class=""NormalTextRun SpellingErrorV2 SCXW15344424 BCX0"" data-mce-fragment=""1"">glowy</span><span class=""NormalTextRun SCXW15344424 BCX0"" data-mce-fragment=""1"">, light to medium coverage that stays put—all while hydrating and protecting skin from the sun.</span>",Rare Beauty,,Tinted Moisturizer,"non-returnable, Shop Sephora",TRUE,Shade,48W,,,,,FGPPLM048WF1,0,,0,deny,manual,30.00,,TRUE,TRUE,840122903892,,,,,,,,g,,,,,active
positive-light-tinted-moisturizer-broad-spectrum-spf-20-sunscreen,,"<meta charset=""utf-8""><span class=""NormalTextRun SCXW15344424 BCX0"" data-mce-fragment=""1"">A flexible tinted moisturizer that goes on easy to instantly blur skin with </span><span class=""NormalTextRun SpellingErrorV2 SCXW15344424 BCX0"" data-mce-fragment=""1"">glowy</span><span class=""NormalTextRun SCXW15344424 BCX0"" data-mce-fragment=""1"">, light to medium coverage that stays put—all while hydrating and protecting skin from the sun.</span>",Rare Beauty,,Tinted Moisturizer,"non-returnable, Shop Sephora",TRUE,Shade,50N,,,,,FGPPLM050NF1,0,,0,deny,manual,30.00,,TRUE,TRUE,840122903908,,,,,,,,g,,,,,active
positive-light-tinted-moisturizer-broad-spectrum-spf-20-sunscreen,,"<meta charset=""utf-8""><span class=""NormalTextRun SCXW15344424 BCX0"" data-mce-fragment=""1"">A flexible tinted moisturizer that goes on easy to instantly blur skin with </span><span class=""NormalTextRun SpellingErrorV2 SCXW15344424 BCX0"" data-mce-fragment=""1"">glowy</span><span class=""NormalTextRun SCXW15344424 BCX0"" data-mce-fragment=""1"">, light to medium coverage that stays put—all while hydrating and protecting skin from the sun.</span>",Rare Beauty,,Tinted Moisturizer,"non-returnable, Shop Sephora",TRUE,Shade,52W,,,,,FGPPLM052WF1,0,,0,deny,manual,30.00,,TRUE,TRUE,840122903915,,,,,,,,g,,,,,active
positive-light-tinted-moisturizer-broad-spectrum-spf-20-sunscreen,,"<meta charset=""utf-8""><span class=""NormalTextRun SCXW15344424 BCX0"" data-mce-fragment=""1"">A flexible tinted moisturizer that goes on easy to instantly blur skin with </span><span class=""NormalTextRun SpellingErrorV2 SCXW15344424 BCX0"" data-mce-fragment=""1"">glowy</span><span class=""NormalTextRun SCXW15344424 BCX0"" data-mce-fragment=""1"">, light to medium coverage that stays put—all while hydrating and protecting skin from the sun.</span>",Rare Beauty,,Tinted Moisturizer,"non-returnable, Shop Sephora",TRUE,Shade,54N,,,,,FGPPLM054NF1,0,,0,deny,manual,30.00,,TRUE,TRUE,840122903922,,,,,,,,g,,,,,active
positive-light-tinted-moisturizer-broad-spectrum-spf-20-sunscreen,,"<meta charset=""utf-8""><span class=""NormalTextRun SCXW15344424 BCX0"" data-mce-fragment=""1"">A flexible tinted moisturizer that goes on easy to instantly blur skin with </span><span class=""NormalTextRun SpellingErrorV2 SCXW15344424 BCX0"" data-mce-fragment=""1"">glowy</span><span class=""NormalTextRun SCXW15344424 BCX0"" data-mce-fragment=""1"">, light to medium coverage that stays put—all while hydrating and protecting skin from the sun.</span>",Rare Beauty,,Tinted Moisturizer,"non-returnable, Shop Sephora",TRUE,Shade,56N,,,,,FGPPLM056NF1,0,,0,deny,manual,30.00,,TRUE,TRUE,840122903939,,,,,,,,g,,,,,active
positive-light-tinted-moisturizer-broad-spectrum-spf-20-sunscreen,,"<meta charset=""utf-8""><span class=""NormalTextRun SCXW15344424 BCX0"" data-mce-fragment=""1"">A flexible tinted moisturizer that goes on easy to instantly blur skin with </span><span class=""NormalTextRun SpellingErrorV2 SCXW15344424 BCX0"" data-mce-fragment=""1"">glowy</span><span class=""NormalTextRun SCXW15344424 BCX0"" data-mce-fragment=""1"">, light to medium coverage that stays put—all while hydrating and protecting skin from the sun.</span>",Rare Beauty,,Tinted Moisturizer,"non-returnable, Shop Sephora",TRUE,Shade,58N,,,,,FGPPLM058NF1,0,,0,deny,manual,30.00,,TRUE,TRUE,840122903946,,,,,,,,g,,,,,active
kind-words-matte-lipstick,Kind Words Matte Lipstick,"<p><meta charset=""utf-8""><span style=""font-size: 11.0pt; line-height: 107%; font-family: 'Calibri',sans-serif; mso-fareast-font-family: Calibri; mso-ansi-language: EN-US; mso-fareast-language: EN-US; mso-bidi-language: AR-SA;"">A buttery, pigment-rich, soft matte lipstick that hugs lips in pure comfort all day. Available in the same 11 made-to-match shades as Kind Words Matte Lip Liner<span style=""color: black; mso-themecolor: text1;""> —including NEW shade Devoted. </span></span><br></p>",Rare Beauty,,Lipstick,"Finish: Matte, non-returnable, Shop Sephora",TRUE,Shade,Talented,,,,,FGPKWL0001F1,0,,0,deny,manual,20.00,,TRUE,TRUE,840122905025,https://cdn.shopify.com/s/files/1/0314/1143/7703/products/kind-words-matte-lipstick-talented.jpg?v=1762280633,1,,,,,,g,,,,,active
kind-words-matte-lipstick,,,,,,,,,,,,,,,,,,,,,,,,,https://cdn.shopify.com/s/files/1/0314/1143/7703/products/macro-lip-talented-1440x1952_25af9898-291c-4dc7-9fff-3366ea205796.jpg?v=1718915312,2,,,,,,,,,,,
kind-words-matte-lipstick,,,,,,,,,,,,,,,,,,,,,,,,,https://cdn.shopify.com/s/files/1/0314/1143/7703/products/kind-words-talented-1440x1952.jpg?v=1718915312,3,,,,,,,,,,,
kind-words-matte-lipstick,,,,,,,,,,,,,,,,,,,,,,,,,https://cdn.shopify.com/s/files/1/0314/1143/7703/products/kind-words-matte-lipstick-talented.png?v=1718384019,4,,,,,,,,,,,
kind-words-matte-lipstick,,,,,,,,,,,,,,,,,,,,,,,,,https://cdn.shopify.com/s/files/1/0314/1143/7703/products/kind-words-matte-lipstick-creative.jpg?v=1655866772,5,,,,,,,,,,,
kind-words-matte-lipstick,,,,,,,,,,,,,,,,,,,,,,,,,https://cdn.shopify.com/s/files/1/0314/1143/7703/products/macro-lip-creative-1440x1952_7d40c7cd-0f6b-448f-b24a-af6a7bbda93a.jpg?v=1718915312,6,,,,,,,,,,,
kind-words-matte-lipstick,,,,,,,,,,,,,,,,,,,,,,,,,https://cdn.shopify.com/s/files/1/0314/1143/7703/products/kind-words-creative-1440x1952_95036088-4f88-4537-bffa-6638bf17975a.jpg?v=1718915312,7,,,,,,,,,,,
kind-words-matte-lipstick,,,,,,,,,,,,,,,,,,,,,,,,,https://cdn.shopify.com/s/files/1/0314/1143/7703/products/lipstick-lip-liner-creative-gc-1440x1952.jpg?v=1718915312,8,,,,,,,,,,,
kind-words-matte-lipstick,,,,,,,,,,,,,,,,,,,,,,,,,https://cdn.shopify.com/s/files/1/0314/1143/7703/products/kind-words-matte-lipstick-creative.png?v=1718384019,9,,,,,,,,,,,
kind-words-matte-lipstick,,,,,,,,,,,,,,,,,,,,,,,,,https://cdn.shopify.com/s/files/1/0314/1143/7703/products/kind-words-matte-lipstick-lively.jpg?v=1655866783,10,,,,,,,,,,,
kind-words-matte-lipstick,,,,,,,,,,,,,,,,,,,,,,,,,https://cdn.shopify.com/s/files/1/0314/1143/7703/products/macro-lip-lively-1440x1952_12c2d0ac-db4c-483d-9d11-d6ef6ad4a997.jpg?v=1718915312,11,,,,,,,,,,,
kind-words-matte-lipstick,,,,,,,,,,,,,,,,,,,,,,,,,https://cdn.shopify.com/s/files/1/0314/1143/7703/products/kind-words-matte-lipstick-lively.png?v=1718384019,12,,,,,,,,,,,
kind-words-matte-lipstick,,,,,,,,,,,,,,,,,,,,,,,,,https://cdn.shopify.com/s/files/1/0314/1143/7703/products/kind-words-matte-lipstick-worthy.jpg?v=1655866789,13,,,,,,,,,,,
kind-words-matte-lipstick,,,,,,,,,,,,,,,,,,,,,,,,,https://cdn.shopify.com/s/files/1/0314/1143/7703/products/macro-lip-worthy-1440x1952_aff57420-b76f-4596-bbf5-4a90010c6757.jpg?v=1718915312,14,,,,,,,,,,,
kind-words-matte-lipstick,,,,,,,,,,,,,,,,,,,,,,,,,https://cdn.shopify.com/s/files/1/0314/1143/7703/products/kind-words-matte-lipstick-worthy.png?v=1718384019,15,,,,,,,,,,,
kind-words-matte-lipstick,,,,,,,,,,,,,,,,,,,,,,,,,https://cdn.shopify.com/s/files/1/0314/1143/7703/products/kind-words-matte-lipstick-humble.jpg?v=1655866795,16,,,,,,,,,,,
kind-words-matte-lipstick,,,,,,,,,,,,,,,,,,,,,,,,,https://cdn.shopify.com/s/files/1/0314/1143/7703/products/macro-lip-humble-1440x1952_7507399e-9b6a-4125-99f6-f798d628948c.jpg?v=1718915312,17,,,,,,,,,,,
kind-words-matte-lipstick,,,,,,,,,,,,,,,,,,,,,,,,,https://cdn.shopify.com/s/files/1/0314/1143/7703/products/kind-words-humble-01-1440x1952.jpg?v=1718915312,18,,,,,,,,,,,
kind-words-matte-lipstick,,,,,,,,,,,,,,,,,,,,,,,,,https://cdn.shopify.com/s/files/1/0314/1143/7703/products/kind-words-matte-lipstick-humble.png?v=1718384019,19,,,,,,,,,,,
kind-words-matte-lipstick,,,,,,,,,,,,,,,,,,,,,,,,,https://cdn.shopify.com/s/files/1/0314/1143/7703/products/kind-words-matte-lipstick-fun.jpg?v=1655866807,20,,,,,,,,,,,
kind-words-matte-lipstick,,,,,,,,,,,,,,,,,,,,,,,,,https://cdn.shopify.com/s/files/1/0314/1143/7703/products/macro-lip-fun-1440x1952_85365bcf-286a-4639-951c-3ba630ebb7aa.jpg?v=1718915312,21,,,,,,,,,,,
kind-words-matte-lipstick,,,,,,,,,,,,,,,,,,,,,,,,,https://cdn.shopify.com/s/files/1/0314/1143/7703/products/kind-words-fun-02-1440x1952_6e572164-849e-4aea-ac5d-d25fcb754933.jpg?v=1718915312,22,,,,,,,,,,,
kind-words-matte-lipstick,,,,,,,,,,,,,,,,,,,,,,,,,https://cdn.shopify.com/s/files/1/0314/1143/7703/products/kind-words-fun-01-1440x1952.jpg?v=1718915312,23,,,,,,,,,,,
kind-words-matte-lipstick,,,,,,,,,,,,,,,,,,,,,,,,,https://cdn.shopify.com/s/files/1/0314/1143/7703/products/kind-words-matte-lipstick-fun.png?v=1718384019,24,,,,,,,,,,,
kind-words-matte-lipstick,,,,,,,,,,,,,,,,,,,,,,,,,https://cdn.shopify.com/s/files/1/0314/1143/7703/products/kind-words-matte-lipstick-wise.jpg?v=1655866826,25,,,,,,,,,,,
kind-words-matte-lipstick,,,,,,,,,,,,,,,,,,,,,,,,,https://cdn.shopify.com/s/files/1/0314/1143/7703/products/macro-lip-wise-1440x1952_2b54734a-9c67-48b5-b200-be4d1dfe0e1b.jpg?v=1718915312,26,,,,,,,,,,,
kind-words-matte-lipstick,,,,,,,,,,,,,,,,,,,,,,,,,https://cdn.shopify.com/s/files/1/0314/1143/7703/products/kind-words-wise-01-1440x1952.jpg?v=1718915312,27,,,,,,,,,,,
kind-words-matte-lipstick,,,,,,,,,,,,,,,,,,,,,,,,,https://cdn.shopify.com/s/files/1/0314/1143/7703/products/kind-words-matte-lipstick-wise.png?v=1718384019,28,,,,,,,,,,,
kind-words-matte-lipstick,,,,,,,,,,,,,,,,,,,,,,,,,https://cdn.shopify.com/s/files/1/0314/1143/7703/products/kind-words-matte-lipstick-bold.jpg?v=1655866832,29,,,,,,,,,,,
kind-words-matte-lipstick,,,,,,,,,,,,,,,,,,,,,,,,,https://cdn.shopify.com/s/files/1/0314/1143/7703/products/macro-lip-bold-1440x1952_a31e3e08-5414-441b-b5be-697bd6e23157.jpg?v=1718915312,30,,,,,,,,,,,
kind-words-matte-lipstick,,,,,,,,,,,,,,,,,,,,,,,,,https://cdn.shopify.com/s/files/1/0314/1143/7703/products/kind-words-matte-lipstick-bold.png?v=1718384019,31,,,,,,,,,,,
kind-words-matte-lipstick,,,,,,,,,,,,,,,,,,,,,,,,,https://cdn.shopify.com/s/files/1/0314/1143/7703/products/kind-words-matte-lipstick-gifted.jpg?v=1655866838,32,,,,,,,,,,,
kind-words-matte-lipstick,,,,,,,,,,,,,,,,,,,,,,,,,https://cdn.shopify.com/s/files/1/0314/1143/7703/products/macro-lip-gifted-1440x1952_473acaf9-792a-4744-9df0-479439acbe18.jpg?v=1718915312,33,,,,,,,,,,,
kind-words-matte-lipstick,,,,,,,,,,,,,,,,,,,,,,,,,https://cdn.shopify.com/s/files/1/0314/1143/7703/products/kind-words-gifted-1440x1952.jpg?v=1718915312,34,,,,,,,,,,,
kind-words-matte-lipstick,,,,,,,,,,,,,,,,,,,,,,,,,https://cdn.shopify.com/s/files/1/0314/1143/7703/products/lipstick-lip-liner-gifted-gc-1440x1952.jpg?v=1718915312,35,,,,,,,,,,,
kind-words-matte-lipstick,,,,,,,,,,,,,,,,,,,,,,,,,https://cdn.shopify.com/s/files/1/0314/1143/7703/products/kind-words-matte-lipstick-gifted.png?v=1718384019,36,,,,,,,,,,,
kind-words-matte-lipstick,,,,,,,,,,,,,,,,,,,,,,,,,https://cdn.shopify.com/s/files/1/0314/1143/7703/products/kind-words-matte-lipstick-strong.jpg?v=1655866843,37,,,,,,,,,,,
kind-words-matte-lipstick,,,,,,,,,,,,,,,,,,,,,,,,,https://cdn.shopify.com/s/files/1/0314/1143/7703/products/macro-lip-strong-1440x1952_59e15849-677c-4f55-99c1-e039637f960b.jpg?v=1718915312,38,,,,,,,,,,,
kind-words-matte-lipstick,,,,,,,,,,,,,,,,,,,,,,,,,https://cdn.shopify.com/s/files/1/0314/1143/7703/products/kind-words-strong-01-1440x1952_0972bb41-427d-46be-a103-ef2cb8c52286.jpg?v=1718915312,39,,,,,,,,,,,
kind-words-matte-lipstick,,,,,,,,,,,,,,,,,,,,,,,,,https://cdn.shopify.com/s/files/1/0314/1143/7703/products/kind-words-strong-02-1440x1952.jpg?v=1718915312,40,,,,,,,,,,,
kind-words-matte-lipstick,,,,,,,,,,,,,,,,,,,,,,,,,https://cdn.shopify.com/s/files/1/0314/1143/7703/products/kind-words-matte-lipstick-strong.png?v=1718384019,41,,,,,,,,,,,
kind-words-matte-lipstick,,,,,,,,,,,,,,,,,,,,,,,,,https://cdn.shopify.com/s/files/1/0314/1143/7703/files/ECOMM-KW-MATTE-LIPSTICK-DEVOTED_f25774e7-cfef-45ea-9960-a0d4de0a0847.jpg?v=1718383975,42,,,,,,,,,,,
kind-words-matte-lipstick,,,,,,,,,,,,,,,,,,,,,,,,,https://cdn.shopify.com/s/files/1/0314/1143/7703/files/MACRO-LIPS-KW-MATTE-LIP-LINER-LIPSTICK-DEVOTED.jpg?v=1718157457,43,,,,,,,,,,,
kind-words-matte-lipstick,,,,,,,,,,,,,,,,,,,,,,,,,https://cdn.shopify.com/s/files/1/0314/1143/7703/files/CAMPAIGN-SELENA-KW-MATTE-LIP-LINER-LIPSTICK-DEVOTED-01.jpg?v=1718157456,44,,,,,,,,,,,
kind-words-matte-lipstick,,,,,,,,,,,,,,,,,,,,,,,,,https://cdn.shopify.com/s/files/1/0314/1143/7703/files/ON-FIGURE-KW-MATTE-LIP-LINER-LIPSTICK-DEVOTED-03.jpg?v=1718157456,45,,,,,,,,,,,
kind-words-matte-lipstick,,,,,,,,,,,,,,,,,,,,,,,,,https://cdn.shopify.com/s/files/1/0314/1143/7703/files/ON-FIGURE-KW-MATTE-LIP-LINER-LIPSTICK-DEVOTED-02.jpg?v=1718157456,46,,,,,,,,,,,
kind-words-matte-lipstick,,,,,,,,,,,,,,,,,,,,,,,,,https://cdn.shopify.com/s/files/1/0314/1143/7703/files/ON-FIGURE-KW-MATTE-LIP-LINER-LIPSTICK-DEVOTED-05.jpg?v=1718157456,47,,,,,,,,,,,
kind-words-matte-lipstick,,,,,,,,,,,,,,,,,,,,,,,,,https://cdn.shopify.com/s/files/1/0314/1143/7703/files/ON-FIGURE-KW-MATTE-LIP-LINER-LIPSTICK-DEVOTED-04.jpg?v=1718157456,48,,,,,,,,,,,
kind-words-matte-lipstick,,,,,,,,,,,,,,,,,,,,,,,,,https://cdn.shopify.com/s/files/1/0314/1143/7703/files/ON-FIGURE-KW-MATTE-LIP-LINER-LIPSTICK-DEVOTED-01.jpg?v=1718157456,49,,,,,,,,,,,
kind-words-matte-lipstick,,,,,,,,,,,,,,,,,,,,,,,,,https://cdn.shopify.com/s/files/1/0314/1143/7703/files/SWATCH-KW-MATTE-LIPSTICK-DEVOTED.png?v=1718157454,50,,,,,,,,,,,
kind-words-matte-lipstick,,,,,,,,,,,,,,,,,,,,,,,,,https://cdn.shopify.com/s/files/1/0314/1143/7703/files/ARM-SWATCHES-KW-MATTE-LIPSTICK.jpg?v=1718915300,51,,,,,,,,,,,
kind-words-matte-lipstick,,,,,,,,,,,,,,,,,,,,,,,,,https://cdn.shopify.com/s/files/1/0314/1143/7703/products/kind-words-matte-llipstick-closed.jpg?v=1718915312,52,,,,,,,,,,,
kind-words-matte-lipstick,,"<p><meta charset=""utf-8""><span style=""font-size: 11.0pt; line-height: 107%; font-family: 'Calibri',sans-serif; mso-fareast-font-family: Calibri; mso-ansi-language: EN-US; mso-fareast-language: EN-US; mso-bidi-language: AR-SA;"">A buttery, pigment-rich, soft matte lipstick that hugs lips in pure comfort all day. Available in the same 11 made-to-match shades as Kind Words Matte Lip Liner<span style=""color: black; mso-themecolor: text1;""> —including NEW shade Devoted. </span></span><br></p>",Rare Beauty,,Lipstick,"Finish: Matte, non-returnable, Shop Sephora",TRUE,Shade,Creative,,,,,FGPKWL0002F1,0,,0,deny,manual,20.00,,TRUE,TRUE,840122905032,,,,,,,,g,,,,,active
kind-words-matte-lipstick,,"<p><meta charset=""utf-8""><span style=""font-size: 11.0pt; line-height: 107%; font-family: 'Calibri',sans-serif; mso-fareast-font-family: Calibri; mso-ansi-language: EN-US; mso-fareast-language: EN-US; mso-bidi-language: AR-SA;"">A buttery, pigment-rich, soft matte lipstick that hugs lips in pure comfort all day. Available in the same 11 made-to-match shades as Kind Words Matte Lip Liner<span style=""color: black; mso-themecolor: text1;""> —including NEW shade Devoted. </span></span><br></p>",Rare Beauty,,Lipstick,"Finish: Matte, non-returnable, Shop Sephora",TRUE,Shade,Lively,,,,,FGPKWL0003F1,0,,0,deny,manual,20.00,,TRUE,TRUE,840122905049,,,,,,,,g,,,,,active
kind-words-matte-lipstick,,"<p><meta charset=""utf-8""><span style=""font-size: 11.0pt; line-height: 107%; font-family: 'Calibri',sans-serif; mso-fareast-font-family: Calibri; mso-ansi-language: EN-US; mso-fareast-language: EN-US; mso-bidi-language: AR-SA;"">A buttery, pigment-rich, soft matte lipstick that hugs lips in pure comfort all day. Available in the same 11 made-to-match shades as Kind Words Matte Lip Liner<span style=""color: black; mso-themecolor: text1;""> —including NEW shade Devoted. </span></span><br></p>",Rare Beauty,,Lipstick,"Finish: Matte, non-returnable, Shop Sephora",TRUE,Shade,Worthy,,,,,FGPKWL0004F1,0,,0,deny,manual,20.00,,TRUE,TRUE,840122905056,,,,,,,,g,,,,,active
kind-words-matte-lipstick,,"<p><meta charset=""utf-8""><span style=""font-size: 11.0pt; line-height: 107%; font-family: 'Calibri',sans-serif; mso-fareast-font-family: Calibri; mso-ansi-language: EN-US; mso-fareast-language: EN-US; mso-bidi-language: AR-SA;"">A buttery, pigment-rich, soft matte lipstick that hugs lips in pure comfort all day. Available in the same 11 made-to-match shades as Kind Words Matte Lip Liner<span style=""color: black; mso-themecolor: text1;""> —including NEW shade Devoted. </span></span><br></p>",Rare Beauty,,Lipstick,"Finish: Matte, non-returnable, Shop Sephora",TRUE,Shade,Humble,,,,,FGPKWL0005F1,0,,0,deny,manual,20.00,,TRUE,TRUE,840122905063,,,,,,,,g,,,,,active
kind-words-matte-lipstick,,"<p><meta charset=""utf-8""><span style=""font-size: 11.0pt; line-height: 107%; font-family: 'Calibri',sans-serif; mso-fareast-font-family: Calibri; mso-ansi-language: EN-US; mso-fareast-language: EN-US; mso-bidi-language: AR-SA;"">A buttery, pigment-rich, soft matte lipstick that hugs lips in pure comfort all day. Available in the same 11 made-to-match shades as Kind Words Matte Lip Liner<span style=""color: black; mso-themecolor: text1;""> —including NEW shade Devoted. </span></span><br></p>",Rare Beauty,,Lipstick,"Finish: Matte, non-returnable, Shop Sephora",TRUE,Shade,Fun,,,,,FGPKWL0006F1,0,,0,deny,manual,20.00,,TRUE,TRUE,840122905070,,,,,,,,g,,,,,active
kind-words-matte-lipstick,,"<p><meta charset=""utf-8""><span style=""font-size: 11.0pt; line-height: 107%; font-family: 'Calibri',sans-serif; mso-fareast-font-family: Calibri; mso-ansi-language: EN-US; mso-fareast-language: EN-US; mso-bidi-language: AR-SA;"">A buttery, pigment-rich, soft matte lipstick that hugs lips in pure comfort all day. Available in the same 11 made-to-match shades as Kind Words Matte Lip Liner<span style=""color: black; mso-themecolor: text1;""> —including NEW shade Devoted. </span></span><br></p>",Rare Beauty,,Lipstick,"Finish: Matte, non-returnable, Shop Sephora",TRUE,Shade,Wise,,,,,FGPKWL0007F1,0,,0,deny,manual,20.00,,TRUE,TRUE,840122905087,,,,,,,,g,,,,,active
kind-words-matte-lipstick,,"<p><meta charset=""utf-8""><span style=""font-size: 11.0pt; line-height: 107%; font-family: 'Calibri',sans-serif; mso-fareast-font-family: Calibri; mso-ansi-language: EN-US; mso-fareast-language: EN-US; mso-bidi-language: AR-SA;"">A buttery, pigment-rich, soft matte lipstick that hugs lips in pure comfort all day. Available in the same 11 made-to-match shades as Kind Words Matte Lip Liner<span style=""color: black; mso-themecolor: text1;""> —including NEW shade Devoted. </span></span><br></p>",Rare Beauty,,Lipstick,"Finish: Matte, non-returnable, Shop Sephora",TRUE,Shade,Bold,,,,,FGPKWL0008F1,0,,0,deny,manual,20.00,,TRUE,TRUE,840122905094,,,,,,,,g,,,,,active
kind-words-matte-lipstick,,"<p><meta charset=""utf-8""><span style=""font-size: 11.0pt; line-height: 107%; font-family: 'Calibri',sans-serif; mso-fareast-font-family: Calibri; mso-ansi-language: EN-US; mso-fareast-language: EN-US; mso-bidi-language: AR-SA;"">A buttery, pigment-rich, soft matte lipstick that hugs lips in pure comfort all day. Available in the same 11 made-to-match shades as Kind Words Matte Lip Liner<span style=""color: black; mso-themecolor: text1;""> —including NEW shade Devoted. </span></span><br></p>",Rare Beauty,,Lipstick,"Finish: Matte, non-returnable, Shop Sephora",TRUE,Shade,Gifted,,,,,FGPKWL0009F1,0,,0,deny,manual,20.00,,TRUE,TRUE,840122905100,,,,,,,,g,,,,,active
kind-words-matte-lipstick,,"<p><meta charset=""utf-8""><span style=""font-size: 11.0pt; line-height: 107%; font-family: 'Calibri',sans-serif; mso-fareast-font-family: Calibri; mso-ansi-language: EN-US; mso-fareast-language: EN-US; mso-bidi-language: AR-SA;"">A buttery, pigment-rich, soft matte lipstick that hugs lips in pure comfort all day. Available in the same 11 made-to-match shades as Kind Words Matte Lip Liner<span style=""color: black; mso-themecolor: text1;""> —including NEW shade Devoted. </span></span><br></p>",Rare Beauty,,Lipstick,"Finish: Matte, non-returnable, Shop Sephora",TRUE,Shade,Strong,,,,,FGPKWL0010F1,0,,0,deny,manual,20.00,,TRUE,TRUE,840122905117,,,,,,,,g,,,,,active
kind-words-matte-lipstick,,"<p><meta charset=""utf-8""><span style=""font-size: 11.0pt; line-height: 107%; font-family: 'Calibri',sans-serif; mso-fareast-font-family: Calibri; mso-ansi-language: EN-US; mso-fareast-language: EN-US; mso-bidi-language: AR-SA;"">A buttery, pigment-rich, soft matte lipstick that hugs lips in pure comfort all day. Available in the same 11 made-to-match shades as Kind Words Matte Lip Liner<span style=""color: black; mso-themecolor: text1;""> —including NEW shade Devoted. </span></span><br></p>",Rare Beauty,,Lipstick,"Finish: Matte, non-returnable, Shop Sephora",TRUE,Shade,Devoted,,,,,FGPKWL0012F1,0,,0,deny,manual,20.00,,TRUE,TRUE,840122906343,,,,,,,,g,,,,,active
kind-words-matte-lip-liner,Kind Words Matte Lip Liner,"<p><meta charset=""utf-8""><span class=""TextRun SCXW6048695 BCX0"" lang=""EN-US"" data-contrast=""auto""><span class=""NormalTextRun SCXW6048695 BCX0"">A super creamy, waterproof lip liner that<span> </span></span><span class=""NormalTextRun ContextualSpellingAndGrammarErrorV2Themed SCXW6048695 BCX0"">glides on smooth</span><span class=""NormalTextRun SCXW6048695 BCX0""><span> </span>to define, shape, and contour lips with one-swipe color that’s smudge- and transfer-proof. Now available in 16 shades.</span></span></p>",Rare Beauty,,Lip Liner,"Badge: New Shades, Finish: Matte, non-returnable, Shop Sephora",TRUE,Shade,Sweet,,,,,FGPKWL016LF1,0,,0,deny,manual,18.00,,TRUE,TRUE,840122909955,https://cdn.shopify.com/s/files/1/0314/1143/7703/products/kind-words-matte-lip-liner-talented-open.jpg?v=1762280695,1,,,,,,g,,,,,active
kind-words-matte-lip-liner,,,,,,,,,,,,,,,,,,,,,,,,,https://cdn.shopify.com/s/files/1/0314/1143/7703/products/macro-lip-talented-1440x1952.jpg?v=1718158010,2,,,,,,,,,,,
kind-words-matte-lip-liner,,,,,,,,,,,,,,,,,,,,,,,,,https://cdn.shopify.com/s/files/1/0314/1143/7703/products/kind-words-matte-lip-liner-creative-open.jpg?v=1655865447,3,,,,,,,,,,,
kind-words-matte-lip-liner,,,,,,,,,,,,,,,,,,,,,,,,,https://cdn.shopify.com/s/files/1/0314/1143/7703/products/macro-lip-creative-1440x1952.jpg?v=1718158010,4,,,,,,,,,,,
kind-words-matte-lip-liner,,,,,,,,,,,,,,,,,,,,,,,,,https://cdn.shopify.com/s/files/1/0314/1143/7703/products/kind-words-matte-lip-liner-lively-open.jpg?v=1655865459,5,,,,,,,,,,,
kind-words-matte-lip-liner,,,,,,,,,,,,,,,,,,,,,,,,,https://cdn.shopify.com/s/files/1/0314/1143/7703/products/macro-lip-lively-1440x1952.jpg?v=1718158010,6,,,,,,,,,,,
kind-words-matte-lip-liner,,,,,,,,,,,,,,,,,,,,,,,,,https://cdn.shopify.com/s/files/1/0314/1143/7703/products/kind-words-matte-lip-liner-worthy-open.jpg?v=1655865505,7,,,,,,,,,,,
kind-words-matte-lip-liner,,,,,,,,,,,,,,,,,,,,,,,,,https://cdn.shopify.com/s/files/1/0314/1143/7703/products/macro-lip-worthy-1440x1952.jpg?v=1718158010,8,,,,,,,,,,,
kind-words-matte-lip-liner,,,,,,,,,,,,,,,,,,,,,,,,,https://cdn.shopify.com/s/files/1/0314/1143/7703/products/kind-words-matte-lip-liner-humble-open.jpg?v=1655865516,9,,,,,,,,,,,
kind-words-matte-lip-liner,,,,,,,,,,,,,,,,,,,,,,,,,https://cdn.shopify.com/s/files/1/0314/1143/7703/products/macro-lip-humble-1440x1952.jpg?v=1718158010,10,,,,,,,,,,,
kind-words-matte-lip-liner,,,,,,,,,,,,,,,,,,,,,,,,,https://cdn.shopify.com/s/files/1/0314/1143/7703/products/kind-words-matte-lip-liner-fun-open.jpg?v=1655865530,11,,,,,,,,,,,
kind-words-matte-lip-liner,,,,,,,,,,,,,,,,,,,,,,,,,https://cdn.shopify.com/s/files/1/0314/1143/7703/products/macro-lip-fun-1440x1952.jpg?v=1718158010,12,,,,,,,,,,,
kind-words-matte-lip-liner,,,,,,,,,,,,,,,,,,,,,,,,,https://cdn.shopify.com/s/files/1/0314/1143/7703/products/kind-words-matte-lip-liner-wise-open.jpg?v=1655865571,13,,,,,,,,,,,
kind-words-matte-lip-liner,,,,,,,,,,,,,,,,,,,,,,,,,https://cdn.shopify.com/s/files/1/0314/1143/7703/products/macro-lip-wise-1440x1952.jpg?v=1718158010,14,,,,,,,,,,,
kind-words-matte-lip-liner,,,,,,,,,,,,,,,,,,,,,,,,,https://cdn.shopify.com/s/files/1/0314/1143/7703/products/kind-words-matte-lip-liner-bold-open.jpg?v=1655865577,15,,,,,,,,,,,
kind-words-matte-lip-liner,,,,,,,,,,,,,,,,,,,,,,,,,https://cdn.shopify.com/s/files/1/0314/1143/7703/products/macro-lip-bold-1440x1952.jpg?v=1718158010,16,,,,,,,,,,,
kind-words-matte-lip-liner,,,,,,,,,,,,,,,,,,,,,,,,,https://cdn.shopify.com/s/files/1/0314/1143/7703/products/kind-words-matte-lip-liner-gifted-open.jpg?v=1655865582,17,,,,,,,,,,,
kind-words-matte-lip-liner,,,,,,,,,,,,,,,,,,,,,,,,,https://cdn.shopify.com/s/files/1/0314/1143/7703/products/macro-lip-gifted-1440x1952.jpg?v=1718158010,18,,,,,,,,,,,
kind-words-matte-lip-liner,,,,,,,,,,,,,,,,,,,,,,,,,https://cdn.shopify.com/s/files/1/0314/1143/7703/products/kind-words-matte-lip-liner-strong-open.jpg?v=1655865595,19,,,,,,,,,,,
kind-words-matte-lip-liner,,,,,,,,,,,,,,,,,,,,,,,,,https://cdn.shopify.com/s/files/1/0314/1143/7703/products/macro-lip-strong-1440x1952.jpg?v=1718158010,20,,,,,,,,,,,
kind-words-matte-lip-liner,,,,,,,,,,,,,,,,,,,,,,,,,https://cdn.shopify.com/s/files/1/0314/1143/7703/files/ECOMM-KW-MATTE-LIP-LINER-DEVOTED.jpg?v=1718157788,21,,,,,,,,,,,
kind-words-matte-lip-liner,,,,,,,,,,,,,,,,,,,,,,,,,https://cdn.shopify.com/s/files/1/0314/1143/7703/files/MACRO-LIPS-KW-MATTE-LIP-LINER-LIPSTICK-DEVOTED_50abb831-ea30-4858-a05a-a46a9df2fa5b.jpg?v=1718157789,22,,,,,,,,,,,
kind-words-matte-lip-liner,,,,,,,,,,,,,,,,,,,,,,,,,https://cdn.shopify.com/s/files/1/0314/1143/7703/products/kind-words-matte-lip-liner-talented.png?v=1718158010,23,,,,,,,,,,,
kind-words-matte-lip-liner,,,,,,,,,,,,,,,,,,,,,,,,,https://cdn.shopify.com/s/files/1/0314/1143/7703/products/kind-words-matte-lip-liner-creative.png?v=1718158010,24,,,,,,,,,,,
kind-words-matte-lip-liner,,,,,,,,,,,,,,,,,,,,,,,,,https://cdn.shopify.com/s/files/1/0314/1143/7703/products/kind-words-matte-lip-liner-lively.png?v=1718158010,25,,,,,,,,,,,
kind-words-matte-lip-liner,,,,,,,,,,,,,,,,,,,,,,,,,https://cdn.shopify.com/s/files/1/0314/1143/7703/products/kind-words-matte-lip-liner-worthy.png?v=1718158010,26,,,,,,,,,,,
kind-words-matte-lip-liner,,,,,,,,,,,,,,,,,,,,,,,,,https://cdn.shopify.com/s/files/1/0314/1143/7703/products/kind-words-matte-lip-liner-humble.png?v=1718158010,27,,,,,,,,,,,
kind-words-matte-lip-liner,,,,,,,,,,,,,,,,,,,,,,,,,https://cdn.shopify.com/s/files/1/0314/1143/7703/products/kind-words-matte-lip-liner-fun.png?v=1718158010,28,,,,,,,,,,,
kind-words-matte-lip-liner,,,,,,,,,,,,,,,,,,,,,,,,,https://cdn.shopify.com/s/files/1/0314/1143/7703/products/kind-words-matte-lip-liner-wise.png?v=1718158010,29,,,,,,,,,,,
kind-words-matte-lip-liner,,,,,,,,,,,,,,,,,,,,,,,,,https://cdn.shopify.com/s/files/1/0314/1143/7703/products/kind-words-matte-lip-liner-bold.png?v=1718158010,30,,,,,,,,,,,
kind-words-matte-lip-liner,,,,,,,,,,,,,,,,,,,,,,,,,https://cdn.shopify.com/s/files/1/0314/1143/7703/products/kind-words-matte-lip-liner-gifted.png?v=1718158010,31,,,,,,,,,,,
kind-words-matte-lip-liner,,,,,,,,,,,,,,,,,,,,,,,,,https://cdn.shopify.com/s/files/1/0314/1143/7703/files/SWATCH-KW-MATTE-LIP-LINER-DEVOTED.png?v=1718157788,32,,,,,,,,,,,
kind-words-matte-lip-liner,,,,,,,,,,,,,,,,,,,,,,,,,https://cdn.shopify.com/s/files/1/0314/1143/7703/products/kind-words-matte-lip-liner-strong.png?v=1718158010,33,,,,,,,,,,,
kind-words-matte-lip-liner,,,,,,,,,,,,,,,,,,,,,,,,,https://cdn.shopify.com/s/files/1/0314/1143/7703/products/kind-words-creative-1440x1952.jpg?v=1718158010,34,,,,,,,,,,,
kind-words-matte-lip-liner,,,,,,,,,,,,,,,,,,,,,,,,,https://cdn.shopify.com/s/files/1/0314/1143/7703/products/kind-words-humble-02-1440x1952.jpg?v=1718158010,35,,,,,,,,,,,
kind-words-matte-lip-liner,,,,,,,,,,,,,,,,,,,,,,,,,https://cdn.shopify.com/s/files/1/0314/1143/7703/products/kind-words-fun-02-1440x1952.jpg?v=1718158010,36,,,,,,,,,,,
kind-words-matte-lip-liner,,,,,,,,,,,,,,,,,,,,,,,,,https://cdn.shopify.com/s/files/1/0314/1143/7703/products/kind-words-matte-lip-liner-gifted-01-1440x1952.jpg?v=1718158010,37,,,,,,,,,,,
kind-words-matte-lip-liner,,,,,,,,,,,,,,,,,,,,,,,,,https://cdn.shopify.com/s/files/1/0314/1143/7703/products/kind-words-gifted-02-1440x1952.jpg?v=1718158010,38,,,,,,,,,,,
kind-words-matte-lip-liner,,,,,,,,,,,,,,,,,,,,,,,,,https://cdn.shopify.com/s/files/1/0314/1143/7703/products/kind-words-strong-01-1440x1952.jpg?v=1718158010,39,,,,,,,,,,,
kind-words-matte-lip-liner,,,,,,,,,,,,,,,,,,,,,,,,,https://cdn.shopify.com/s/files/1/0314/1143/7703/products/kind-words-wise-02-1440x1952.jpg?v=1718226315,40,,,,,,,,,,,
kind-words-matte-lip-liner,,,,,,,,,,,,,,,,,,,,,,,,,https://cdn.shopify.com/s/files/1/0314/1143/7703/files/ON-FIGURE-KW-MATTE-LIP-LINER-LIPSTICK-DEVOTED-04_d0efc65b-dee4-4b7d-baf5-31708049c1bb.jpg?v=1718157789,41,,,,,,,,,,,
kind-words-matte-lip-liner,,,,,,,,,,,,,,,,,,,,,,,,,https://cdn.shopify.com/s/files/1/0314/1143/7703/files/ON-FIGURE-KW-MATTE-LIP-LINER-LIPSTICK-DEVOTED-05_7929d9b1-aecd-4888-9887-398f13e7687f.jpg?v=1718157789,42,,,,,,,,,,,
kind-words-matte-lip-liner,,,,,,,,,,,,,,,,,,,,,,,,,https://cdn.shopify.com/s/files/1/0314/1143/7703/files/ON-FIGURE-KW-MATTE-LIP-LINER-LIPSTICK-DEVOTED-01_56e7d405-c1dd-4810-ba46-2ac231fe260d.jpg?v=1718157789,43,,,,,,,,,,,
kind-words-matte-lip-liner,,,,,,,,,,,,,,,,,,,,,,,,,https://cdn.shopify.com/s/files/1/0314/1143/7703/files/CAMPAIGN-SELENA-KW-MATTE-LIP-LINER-LIPSTICK-DEVOTED-01_6c9418f8-e7bd-4bd1-a6fc-33037895fd5e.jpg?v=1718157789,44,,,,,,,,,,,
kind-words-matte-lip-liner,,,,,,,,,,,,,,,,,,,,,,,,,https://cdn.shopify.com/s/files/1/0314/1143/7703/files/ON-FIGURE-KW-MATTE-LIP-LINER-LIPSTICK-DEVOTED-02_0b63181e-0262-4eef-9742-00a9d1c595f6.jpg?v=1718157790,45,,,,,,,,,,,
kind-words-matte-lip-liner,,,,,,,,,,,,,,,,,,,,,,,,,https://cdn.shopify.com/s/files/1/0314/1143/7703/files/ON-FIGURE-KW-MATTE-LIP-LINER-LIPSTICK-DEVOTED-03_55b3cb03-eee1-4bc1-85d3-e9c6e691f454.jpg?v=1718157790,46,,,,,,,,,,,
kind-words-matte-lip-liner,,,,,,,,,,,,,,,,,,,,,,,,,https://cdn.shopify.com/s/files/1/0314/1143/7703/files/ECOMM-KW-MATTE-LIP-LINER-SWEET.jpg?v=1783229298,47,,,,,,,,,,,
kind-words-matte-lip-liner,,,,,,,,,,,,,,,,,,,,,,,,,https://cdn.shopify.com/s/files/1/0314/1143/7703/files/BA-KW-MATTE-LIP-LINER-SWEET-2.jpg?v=1783229299,48,,,,,,,,,,,
kind-words-matte-lip-liner,,,,,,,,,,,,,,,,,,,,,,,,,https://cdn.shopify.com/s/files/1/0314/1143/7703/files/BA-KW-MATTE-LIP-LINER-SWEET-1.jpg?v=1783229299,49,,,,,,,,,,,
kind-words-matte-lip-liner,,,,,,,,,,,,,,,,,,,,,,,,,https://cdn.shopify.com/s/files/1/0314/1143/7703/files/SHADE-GRID-KW-MATTE-LIP-LINER-SWEET.jpg?v=1783229299,50,,,,,,,,,,,
kind-words-matte-lip-liner,,,,,,,,,,,,,,,,,,,,,,,,,https://cdn.shopify.com/s/files/1/0314/1143/7703/files/SWATCH-KW-MATTE-LIP-LINER-SWEET-SCRIBBLE.png?v=1783229297,51,,,,,,,,,,,
kind-words-matte-lip-liner,,,,,,,,,,,,,,,,,,,,,,,,,https://cdn.shopify.com/s/files/1/0314/1143/7703/files/ECOMM-KIND-WORDS-MATTE-LIP-LINER-CLOSED-SWEET.jpg?v=1783229298,52,,,,,,,,,,,
kind-words-matte-lip-liner,,,,,,,,,,,,,,,,,,,,,,,,,https://cdn.shopify.com/s/files/1/0314/1143/7703/files/ECOMM-KW-MATTE-LIP-LINER-LOVELY.jpg?v=1783229498,53,,,,,,,,,,,
kind-words-matte-lip-liner,,,,,,,,,,,,,,,,,,,,,,,,,https://cdn.shopify.com/s/files/1/0314/1143/7703/files/BA-KW-MATTE-LIP-LINER-LOVELY-1.jpg?v=1783229499,54,,,,,,,,,,,
kind-words-matte-lip-liner,,,,,,,,,,,,,,,,,,,,,,,,,https://cdn.shopify.com/s/files/1/0314/1143/7703/files/BA-KW-MATTE-LIP-LINER-LOVELY-2.jpg?v=1783229499,55,,,,,,,,,,,
kind-words-matte-lip-liner,,,,,,,,,,,,,,,,,,,,,,,,,https://cdn.shopify.com/s/files/1/0314/1143/7703/files/BA-KW-MATTE-LIP-LINER-LOVELY-3.jpg?v=1783229499,56,,,,,,,,,,,
kind-words-matte-lip-liner,,,,,,,,,,,,,,,,,,,,,,,,,https://cdn.shopify.com/s/files/1/0314/1143/7703/files/SHADE-GRID-KW-MATTE-LIP-LINER-LOVELY.jpg?v=1783229499,57,,,,,,,,,,,
kind-words-matte-lip-liner,,,,,,,,,,,,,,,,,,,,,,,,,https://cdn.shopify.com/s/files/1/0314/1143/7703/files/SWATCH-KW-MATTE-LIP-LINER-LOVELY-SCRIBBLE.png?v=1783229494,58,,,,,,,,,,,
kind-words-matte-lip-liner,,,,,,,,,,,,,,,,,,,,,,,,,https://cdn.shopify.com/s/files/1/0314/1143/7703/files/ECOMM-KIND-WORDS-MATTE-LIP-LINER-CLOSED-LOVELY.jpg?v=1783229498,59,,,,,,,,,,,
kind-words-matte-lip-liner,,,,,,,,,,,,,,,,,,,,,,,,,https://cdn.shopify.com/s/files/1/0314/1143/7703/files/ECOMM-KW-MATTE-LIP-LINER-INTUITIVE.jpg?v=1783229811,60,,,,,,,,,,,
kind-words-matte-lip-liner,,,,,,,,,,,,,,,,,,,,,,,,,https://cdn.shopify.com/s/files/1/0314/1143/7703/files/BA-KW-MATTE-LIP-LINER-INTUITIVE-1.jpg?v=1783229812,61,,,,,,,,,,,
kind-words-matte-lip-liner,,,,,,,,,,,,,,,,,,,,,,,,,https://cdn.shopify.com/s/files/1/0314/1143/7703/files/BA-KW-MATTE-LIP-LINER-INTUITIVE-2.jpg?v=1783229812,62,,,,,,,,,,,
kind-words-matte-lip-liner,,,,,,,,,,,,,,,,,,,,,,,,,https://cdn.shopify.com/s/files/1/0314/1143/7703/files/SHADE-GRID-KW-MATTE-LIP-LINER-INTUITIVE.jpg?v=1783229812,63,,,,,,,,,,,
kind-words-matte-lip-liner,,,,,,,,,,,,,,,,,,,,,,,,,https://cdn.shopify.com/s/files/1/0314/1143/7703/files/SWATCH-KW-MATTE-LIP-LINER-INTUITIVE-SCRIBBLE.png?v=1783229811,64,,,,,,,,,,,
kind-words-matte-lip-liner,,,,,,,,,,,,,,,,,,,,,,,,,https://cdn.shopify.com/s/files/1/0314/1143/7703/files/ECOMM-KIND-WORDS-MATTE-LIP-LINER-CLOSED-INTUITIVE.jpg?v=1783229811,65,,,,,,,,,,,
kind-words-matte-lip-liner,,,,,,,,,,,,,,,,,,,,,,,,,https://cdn.shopify.com/s/files/1/0314/1143/7703/files/ECOMM-KW-MATTE-LIP-LINER-PROUD.jpg?v=1783230730,66,,,,,,,,,,,
kind-words-matte-lip-liner,,,,,,,,,,,,,,,,,,,,,,,,,https://cdn.shopify.com/s/files/1/0314/1143/7703/files/BA-KW-MATTE-LIP-LINER-PROUD-1.jpg?v=1783230730,67,,,,,,,,,,,
kind-words-matte-lip-liner,,,,,,,,,,,,,,,,,,,,,,,,,https://cdn.shopify.com/s/files/1/0314/1143/7703/files/BA-KW-MATTE-LIP-LINER-PROUD-2.jpg?v=1783230731,68,,,,,,,,,,,
kind-words-matte-lip-liner,,,,,,,,,,,,,,,,,,,,,,,,,https://cdn.shopify.com/s/files/1/0314/1143/7703/files/BA-KW-MATTE-LIP-LINER-PROUD-3.jpg?v=1783230730,69,,,,,,,,,,,
kind-words-matte-lip-liner,,,,,,,,,,,,,,,,,,,,,,,,,https://cdn.shopify.com/s/files/1/0314/1143/7703/files/SHADE-GRID-KW-MATTE-LIP-LINER-PROUD.jpg?v=1783230731,70,,,,,,,,,,,
kind-words-matte-lip-liner,,,,,,,,,,,,,,,,,,,,,,,,,https://cdn.shopify.com/s/files/1/0314/1143/7703/files/SWATCH-KW-MATTE-LIP-LINER-PROUD-SCRIBBLE.png?v=1783230728,71,,,,,,,,,,,
kind-words-matte-lip-liner,,,,,,,,,,,,,,,,,,,,,,,,,https://cdn.shopify.com/s/files/1/0314/1143/7703/files/ECOMM-KIND-WORDS-MATTE-LIP-LINER-CLOSED-PROUD.jpg?v=1783230730,72,,,,,,,,,,,
kind-words-matte-lip-liner,,,,,,,,,,,,,,,,,,,,,,,,,https://cdn.shopify.com/s/files/1/0314/1143/7703/files/ECOMM-KW-MATTE-LIP-LINER-ALLURING.jpg?v=1783230886,73,,,,,,,,,,,
kind-words-matte-lip-liner,,,,,,,,,,,,,,,,,,,,,,,,,https://cdn.shopify.com/s/files/1/0314/1143/7703/files/BA-KW-MATTE-LIP-LINER-ALLURING-1.jpg?v=1783230887,74,,,,,,,,,,,
kind-words-matte-lip-liner,,,,,,,,,,,,,,,,,,,,,,,,,https://cdn.shopify.com/s/files/1/0314/1143/7703/files/BA-KW-MATTE-LIP-LINER-ALLURING-2.jpg?v=1783230887,75,,,,,,,,,,,
kind-words-matte-lip-liner,,,,,,,,,,,,,,,,,,,,,,,,,https://cdn.shopify.com/s/files/1/0314/1143/7703/files/SHADE-GRID-KW-MATTE-LIP-LINER-ALLURING.jpg?v=1783230887,76,,,,,,,,,,,
kind-words-matte-lip-liner,,,,,,,,,,,,,,,,,,,,,,,,,https://cdn.shopify.com/s/files/1/0314/1143/7703/files/ECOMM-KIND-WORDS-MATTE-LIP-LINER-CLOSED-ALLURING.jpg?v=1783230886,77,,,,,,,,,,,
kind-words-matte-lip-liner,,,,,,,,,,,,,,,,,,,,,,,,,https://cdn.shopify.com/s/files/1/0314/1143/7703/files/SWATCH-KW-MATTE-LIP-LINER-ALLURING-SCRIBBLE.png?v=1783230886,78,,,,,,,,,,,
kind-words-matte-lip-liner,,,,,,,,,,,,,,,,,,,,,,,,,https://cdn.shopify.com/s/files/1/0314/1143/7703/files/ARM-SWATCHES-KW-MATTE-LIP-LINER-EXT.jpg?v=1783625493,79,,,,,,,,,,,
kind-words-matte-lip-liner,,,,,,,,,,,,,,,,,,,,,,,,,https://cdn.shopify.com/s/files/1/0314/1143/7703/products/kind-words-matte-lip-liner-talented-closed.jpg?v=1718158010,80,,,,,,,,,,,
kind-words-matte-lip-liner,,,,,,,,,,,,,,,,,,,,,,,,,https://cdn.shopify.com/s/files/1/0314/1143/7703/products/kind-words-matte-lip-liner-creative-closed.jpg?v=1718158010,81,,,,,,,,,,,
kind-words-matte-lip-liner,,,,,,,,,,,,,,,,,,,,,,,,,https://cdn.shopify.com/s/files/1/0314/1143/7703/products/kind-words-matte-lip-liner-lively-closed.jpg?v=1718158010,82,,,,,,,,,,,
kind-words-matte-lip-liner,,,,,,,,,,,,,,,,,,,,,,,,,https://cdn.shopify.com/s/files/1/0314/1143/7703/products/kind-words-matte-lip-liner-worthy-closed.jpg?v=1718158010,83,,,,,,,,,,,
kind-words-matte-lip-liner,,,,,,,,,,,,,,,,,,,,,,,,,https://cdn.shopify.com/s/files/1/0314/1143/7703/products/kind-words-matte-lip-liner-humble-closed.jpg?v=1718158010,84,,,,,,,,,,,
kind-words-matte-lip-liner,,,,,,,,,,,,,,,,,,,,,,,,,https://cdn.shopify.com/s/files/1/0314/1143/7703/products/kind-words-matte-lip-liner-fun-closed.jpg?v=1718158010,85,,,,,,,,,,,
kind-words-matte-lip-liner,,,,,,,,,,,,,,,,,,,,,,,,,https://cdn.shopify.com/s/files/1/0314/1143/7703/products/kind-words-matte-lip-liner-wise-closed.jpg?v=1718158010,86,,,,,,,,,,,
kind-words-matte-lip-liner,,,,,,,,,,,,,,,,,,,,,,,,,https://cdn.shopify.com/s/files/1/0314/1143/7703/products/kind-words-matte-lip-liner-bold-closed.jpg?v=1718158010,87,,,,,,,,,,,
kind-words-matte-lip-liner,,,,,,,,,,,,,,,,,,,,,,,,,https://cdn.shopify.com/s/files/1/0314/1143/7703/products/kind-words-matte-lip-liner-gifted-closed.jpg?v=1718158010,88,,,,,,,,,,,
kind-words-matte-lip-liner,,,,,,,,,,,,,,,,,,,,,,,,,https://cdn.shopify.com/s/files/1/0314/1143/7703/products/kind-words-matte-lip-liner-strong-closed.jpg?v=1718158010,89,,,,,,,,,,,
kind-words-matte-lip-liner,,,,,,,,,,,,,,,,,,,,,,,,,https://cdn.shopify.com/s/files/1/0314/1143/7703/files/ECOMM-KW-MATTE-LIP-LINER-DEVOTED-CLOSED.jpg?v=1718157789,90,,,,,,,,,,,
kind-words-matte-lip-liner,,,,,,,,,,,,,,,,,,,,,,,,,https://cdn.shopify.com/s/files/1/0314/1143/7703/files/ON-FIGURE-KW-MATTE-LIP-LINER-BENEFITS.jpg?v=1783623786,91,,,,,,,,,,,
kind-words-matte-lip-liner,,,,,,,,,,,,,,,,,,,,,,,,,https://cdn.shopify.com/s/files/1/0314/1143/7703/files/ON-FIGURE-KW-MATTE-LIP-LINER-PERCEPTION.jpg?v=1783623786,92,,,,,,,,,,,
kind-words-matte-lip-liner,,,,,,,,,,,,,,,,,,,,,,,,,https://cdn.shopify.com/s/files/1/0314/1143/7703/files/STYLIZED-KW-MATTE-LIP-LINER-INGREDIENTS.jpg?v=1783623786,93,,,,,,,,,,,
kind-words-matte-lip-liner,,,,,,,,,,,,,,,,,,,,,,,,,https://cdn.shopify.com/s/files/1/0314/1143/7703/files/STYLIZED-KW-MATTE-LIP-LINER-SHADE-RANGE-2.jpg?v=1783623785,94,,,,,,,,,,,
kind-words-matte-lip-liner,,,,,,,,,,,,,,,,,,,,,,,,,https://cdn.shopify.com/s/files/1/0314/1143/7703/files/STYLIZED-KW-MATTE-LIP-LINER-SP-LIP-OIL-STICK-CROSS-SELL.jpg?v=1783623785,95,,,,,,,,,,,
kind-words-matte-lip-liner,,,,,,,,,,,,,,,,,,,,,,,,,https://cdn.shopify.com/s/files/1/0314/1143/7703/files/STYLIZED-KW-MATTE-LIP-LINER-SHADE-RANGE-1.jpg?v=1783623785,96,,,,,,,,,,,
kind-words-matte-lip-liner,,,,,,,,,,,,,,,,,,,,,,,,,https://cdn.shopify.com/s/files/1/0314/1143/7703/products/kind-words-evergreen-02-1440x1952.jpg?v=1718158010,97,,,,,,,,,,,
kind-words-matte-lip-liner,,"<p><meta charset=""utf-8""><span class=""TextRun SCXW6048695 BCX0"" lang=""EN-US"" data-contrast=""auto""><span class=""NormalTextRun SCXW6048695 BCX0"">A super creamy, waterproof lip liner that<span> </span></span><span class=""NormalTextRun ContextualSpellingAndGrammarErrorV2Themed SCXW6048695 BCX0"">glides on smooth</span><span class=""NormalTextRun SCXW6048695 BCX0""><span> </span>to define, shape, and contour lips with one-swipe color that’s smudge- and transfer-proof. Now available in 16 shades.</span></span></p>",Rare Beauty,,Lip Liner,"Badge: New Shades, Finish: Matte, non-returnable, Shop Sephora",TRUE,Shade,Lovely,,,,,FGPKWL017LF1,0,,0,deny,manual,18.00,,TRUE,TRUE,840122909962,,,,,,,,g,,,,,active
kind-words-matte-lip-liner,,"<p><meta charset=""utf-8""><span class=""TextRun SCXW6048695 BCX0"" lang=""EN-US"" data-contrast=""auto""><span class=""NormalTextRun SCXW6048695 BCX0"">A super creamy, waterproof lip liner that<span> </span></span><span class=""NormalTextRun ContextualSpellingAndGrammarErrorV2Themed SCXW6048695 BCX0"">glides on smooth</span><span class=""NormalTextRun SCXW6048695 BCX0""><span> </span>to define, shape, and contour lips with one-swipe color that’s smudge- and transfer-proof. Now available in 16 shades.</span></span></p>",Rare Beauty,,Lip Liner,"Badge: New Shades, Finish: Matte, non-returnable, Shop Sephora",TRUE,Shade,Intuitive,,,,,FGPKWL018LF1,0,,0,deny,manual,18.00,,TRUE,TRUE,840122909979,,,,,,,,g,,,,,active
kind-words-matte-lip-liner,,"<p><meta charset=""utf-8""><span class=""TextRun SCXW6048695 BCX0"" lang=""EN-US"" data-contrast=""auto""><span class=""NormalTextRun SCXW6048695 BCX0"">A super creamy, waterproof lip liner that<span> </span></span><span class=""NormalTextRun ContextualSpellingAndGrammarErrorV2Themed SCXW6048695 BCX0"">glides on smooth</span><span class=""NormalTextRun SCXW6048695 BCX0""><span> </span>to define, shape, and contour lips with one-swipe color that’s smudge- and transfer-proof. Now available in 16 shades.</span></span></p>",Rare Beauty,,Lip Liner,"Badge: New Shades, Finish: Matte, non-returnable, Shop Sephora",TRUE,Shade,Proud,,,,,FGPKWL019LF1,0,,0,deny,manual,18.00,,TRUE,TRUE,840122909986,,,,,,,,g,,,,,active
kind-words-matte-lip-liner,,"<p><meta charset=""utf-8""><span class=""TextRun SCXW6048695 BCX0"" lang=""EN-US"" data-contrast=""auto""><span class=""NormalTextRun SCXW6048695 BCX0"">A super creamy, waterproof lip liner that<span> </span></span><span class=""NormalTextRun ContextualSpellingAndGrammarErrorV2Themed SCXW6048695 BCX0"">glides on smooth</span><span class=""NormalTextRun SCXW6048695 BCX0""><span> </span>to define, shape, and contour lips with one-swipe color that’s smudge- and transfer-proof. Now available in 16 shades.</span></span></p>",Rare Beauty,,Lip Liner,"Badge: New Shades, Finish: Matte, non-returnable, Shop Sephora",TRUE,Shade,Alluring,,,,,FGPKWL020LF1,0,,0,deny,manual,18.00,,TRUE,TRUE,840122909993,,,,,,,,g,,,,,active
kind-words-matte-lip-liner,,"<p><meta charset=""utf-8""><span class=""TextRun SCXW6048695 BCX0"" lang=""EN-US"" data-contrast=""auto""><span class=""NormalTextRun SCXW6048695 BCX0"">A super creamy, waterproof lip liner that<span> </span></span><span class=""NormalTextRun ContextualSpellingAndGrammarErrorV2Themed SCXW6048695 BCX0"">glides on smooth</span><span class=""NormalTextRun SCXW6048695 BCX0""><span> </span>to define, shape, and contour lips with one-swipe color that’s smudge- and transfer-proof. Now available in 16 shades.</span></span></p>",Rare Beauty,,Lip Liner,"Badge: New Shades, Finish: Matte, non-returnable, Shop Sephora",TRUE,Shade,Talented,,,,,FGPKWL001LF1,0,,0,deny,manual,18.00,,TRUE,TRUE,840122905179,,,,,,,,g,,,,,active
kind-words-matte-lip-liner,,"<p><meta charset=""utf-8""><span class=""TextRun SCXW6048695 BCX0"" lang=""EN-US"" data-contrast=""auto""><span class=""NormalTextRun SCXW6048695 BCX0"">A super creamy, waterproof lip liner that<span> </span></span><span class=""NormalTextRun ContextualSpellingAndGrammarErrorV2Themed SCXW6048695 BCX0"">glides on smooth</span><span class=""NormalTextRun SCXW6048695 BCX0""><span> </span>to define, shape, and contour lips with one-swipe color that’s smudge- and transfer-proof. Now available in 16 shades.</span></span></p>",Rare Beauty,,Lip Liner,"Badge: New Shades, Finish: Matte, non-returnable, Shop Sephora",TRUE,Shade,Creative,,,,,FGPKWL002LF1,0,,0,deny,manual,18.00,,TRUE,TRUE,840122905186,,,,,,,,g,,,,,active
kind-words-matte-lip-liner,,"<p><meta charset=""utf-8""><span class=""TextRun SCXW6048695 BCX0"" lang=""EN-US"" data-contrast=""auto""><span class=""NormalTextRun SCXW6048695 BCX0"">A super creamy, waterproof lip liner that<span> </span></span><span class=""NormalTextRun ContextualSpellingAndGrammarErrorV2Themed SCXW6048695 BCX0"">glides on smooth</span><span class=""NormalTextRun SCXW6048695 BCX0""><span> </span>to define, shape, and contour lips with one-swipe color that’s smudge- and transfer-proof. Now available in 16 shades.</span></span></p>",Rare Beauty,,Lip Liner,"Badge: New Shades, Finish: Matte, non-returnable, Shop Sephora",TRUE,Shade,Lively,,,,,FGPKWL003LF1,0,,0,deny,manual,18.00,,TRUE,TRUE,840122905193,,,,,,,,g,,,,,active
kind-words-matte-lip-liner,,"<p><meta charset=""utf-8""><span class=""TextRun SCXW6048695 BCX0"" lang=""EN-US"" data-contrast=""auto""><span class=""NormalTextRun SCXW6048695 BCX0"">A super creamy, waterproof lip liner that<span> </span></span><span class=""NormalTextRun ContextualSpellingAndGrammarErrorV2Themed SCXW6048695 BCX0"">glides on smooth</span><span class=""NormalTextRun SCXW6048695 BCX0""><span> </span>to define, shape, and contour lips with one-swipe color that’s smudge- and transfer-proof. Now available in 16 shades.</span></span></p>",Rare Beauty,,Lip Liner,"Badge: New Shades, Finish: Matte, non-returnable, Shop Sephora",TRUE,Shade,Worthy,,,,,FGPKWL004LF1,0,,0,deny,manual,18.00,,TRUE,TRUE,840122905209,,,,,,,,g,,,,,active
kind-words-matte-lip-liner,,"<p><meta charset=""utf-8""><span class=""TextRun SCXW6048695 BCX0"" lang=""EN-US"" data-contrast=""auto""><span class=""NormalTextRun SCXW6048695 BCX0"">A super creamy, waterproof lip liner that<span> </span></span><span class=""NormalTextRun ContextualSpellingAndGrammarErrorV2Themed SCXW6048695 BCX0"">glides on smooth</span><span class=""NormalTextRun SCXW6048695 BCX0""><span> </span>to define, shape, and contour lips with one-swipe color that’s smudge- and transfer-proof. Now available in 16 shades.</span></span></p>",Rare Beauty,,Lip Liner,"Badge: New Shades, Finish: Matte, non-returnable, Shop Sephora",TRUE,Shade,Humble,,,,,FGPKWL005LF1,0,,0,deny,manual,18.00,,TRUE,TRUE,840122905216,,,,,,,,g,,,,,active
kind-words-matte-lip-liner,,"<p><meta charset=""utf-8""><span class=""TextRun SCXW6048695 BCX0"" lang=""EN-US"" data-contrast=""auto""><span class=""NormalTextRun SCXW6048695 BCX0"">A super creamy, waterproof lip liner that<span> </span></span><span class=""NormalTextRun ContextualSpellingAndGrammarErrorV2Themed SCXW6048695 BCX0"">glides on smooth</span><span class=""NormalTextRun SCXW6048695 BCX0""><span> </span>to define, shape, and contour lips with one-swipe color that’s smudge- and transfer-proof. Now available in 16 shades.</span></span></p>",Rare Beauty,,Lip Liner,"Badge: New Shades, Finish: Matte, non-returnable, Shop Sephora",TRUE,Shade,Fun,,,,,FGPKWL006LF1,0,,0,deny,manual,18.00,,TRUE,TRUE,840122905223,,,,,,,,g,,,,,active
kind-words-matte-lip-liner,,"<p><meta charset=""utf-8""><span class=""TextRun SCXW6048695 BCX0"" lang=""EN-US"" data-contrast=""auto""><span class=""NormalTextRun SCXW6048695 BCX0"">A super creamy, waterproof lip liner that<span> </span></span><span class=""NormalTextRun ContextualSpellingAndGrammarErrorV2Themed SCXW6048695 BCX0"">glides on smooth</span><span class=""NormalTextRun SCXW6048695 BCX0""><span> </span>to define, shape, and contour lips with one-swipe color that’s smudge- and transfer-proof. Now available in 16 shades.</span></span></p>",Rare Beauty,,Lip Liner,"Badge: New Shades, Finish: Matte, non-returnable, Shop Sephora",TRUE,Shade,Wise,,,,,FGPKWL007LF1,0,,0,deny,manual,18.00,,TRUE,TRUE,840122905230,,,,,,,,g,,,,,active
kind-words-matte-lip-liner,,"<p><meta charset=""utf-8""><span class=""TextRun SCXW6048695 BCX0"" lang=""EN-US"" data-contrast=""auto""><span class=""NormalTextRun SCXW6048695 BCX0"">A super creamy, waterproof lip liner that<span> </span></span><span class=""NormalTextRun ContextualSpellingAndGrammarErrorV2Themed SCXW6048695 BCX0"">glides on smooth</span><span class=""NormalTextRun SCXW6048695 BCX0""><span> </span>to define, shape, and contour lips with one-swipe color that’s smudge- and transfer-proof. Now available in 16 shades.</span></span></p>",Rare Beauty,,Lip Liner,"Badge: New Shades, Finish: Matte, non-returnable, Shop Sephora",TRUE,Shade,Bold,,,,,FGPKWL008LF1,0,,0,deny,manual,18.00,,TRUE,TRUE,840122905247,,,,,,,,g,,,,,active
kind-words-matte-lip-liner,,"<p><meta charset=""utf-8""><span class=""TextRun SCXW6048695 BCX0"" lang=""EN-US"" data-contrast=""auto""><span class=""NormalTextRun SCXW6048695 BCX0"">A super creamy, waterproof lip liner that<span> </span></span><span class=""NormalTextRun ContextualSpellingAndGrammarErrorV2Themed SCXW6048695 BCX0"">glides on smooth</span><span class=""NormalTextRun SCXW6048695 BCX0""><span> </span>to define, shape, and contour lips with one-swipe color that’s smudge- and transfer-proof. Now available in 16 shades.</span></span></p>",Rare Beauty,,Lip Liner,"Badge: New Shades, Finish: Matte, non-returnable, Shop Sephora",TRUE,Shade,Gifted,,,,,FGPKWL009LF1,0,,0,deny,manual,18.00,,TRUE,TRUE,840122905254,,,,,,,,g,,,,,active
kind-words-matte-lip-liner,,"<p><meta charset=""utf-8""><span class=""TextRun SCXW6048695 BCX0"" lang=""EN-US"" data-contrast=""auto""><span class=""NormalTextRun SCXW6048695 BCX0"">A super creamy, waterproof lip liner that<span> </span></span><span class=""NormalTextRun ContextualSpellingAndGrammarErrorV2Themed SCXW6048695 BCX0"">glides on smooth</span><span class=""NormalTextRun SCXW6048695 BCX0""><span> </span>to define, shape, and contour lips with one-swipe color that’s smudge- and transfer-proof. Now available in 16 shades.</span></span></p>",Rare Beauty,,Lip Liner,"Badge: New Shades, Finish: Matte, non-returnable, Shop Sephora",TRUE,Shade,Strong,,,,,FGPKWL010LF1,0,,0,deny,manual,18.00,,TRUE,TRUE,840122905261,,,,,,,,g,,,,,active
kind-words-matte-lip-liner,,"<p><meta charset=""utf-8""><span class=""TextRun SCXW6048695 BCX0"" lang=""EN-US"" data-contrast=""auto""><span class=""NormalTextRun SCXW6048695 BCX0"">A super creamy, waterproof lip liner that<span> </span></span><span class=""NormalTextRun ContextualSpellingAndGrammarErrorV2Themed SCXW6048695 BCX0"">glides on smooth</span><span class=""NormalTextRun SCXW6048695 BCX0""><span> </span>to define, shape, and contour lips with one-swipe color that’s smudge- and transfer-proof. Now available in 16 shades.</span></span></p>",Rare Beauty,,Lip Liner,"Badge: New Shades, Finish: Matte, non-returnable, Shop Sephora",TRUE,Shade,Devoted,,,,,FGPKWL012LF1,0,,0,deny,manual,18.00,,TRUE,TRUE,840122906473,,,,,,,,g,,,,,active
always-an-optimist-4-in-1-mist-mini,Always an Optimist 4-In-1 Mist Mini,"<meta charset=""utf-8""><span data-contrast=""none"" lang=""EN-US"" class=""TextRun Highlight SCXW68139050 BCX0"" data-mce-fragment=""1"" xml:lang=""EN-US""><span class=""NormalTextRun SCXW68139050 BCX0"" data-mce-fragment=""1"">An ultra-fine, glow-boosting mist in a portable mini size so you can hydrate, prime, set, and refresh skin wherever you go.</span></span>",Rare Beauty,,Setting Spray,"non-returnable, Shop Sephora",TRUE,Title,Default Title,,,,,FGPAOM0001M1,68,,0,deny,manual,17.00,,TRUE,TRUE,840122905162,https://cdn.shopify.com/s/files/1/0314/1143/7703/products/always-an-optimist-4-in-1-mist-1440x1952-01.jpg?v=1762280697,1,,,,,,g,,,,,active
always-an-optimist-4-in-1-mist-mini,,,,,,,,,,,,,,,,,,,,,,,,,https://cdn.shopify.com/s/files/1/0314/1143/7703/products/always-an-optimist-4-in-1-mist-1440x1952-02.jpg?v=1658266797,2,,,,,,,,,,,
positive-light-liquid-luminizer-1,Positive Light Liquid Luminizer,"<p><meta charset=""utf-8""><meta charset=""utf-8""><span data-scheme-color=""@000000,,"" data-usefontface=""true"" data-contrast=""none"" class=""TextRun SCXP220488905 BCX0"" lang=""EN-US""><span class=""NormalTextRun SCXP220488905 BCX0"">Good news—our fan-</span></span><span data-scheme-color=""@000000,,"" data-usefontface=""true"" data-contrast=""none"" class=""TextRun SpellingErrorZoomed SCXP220488905 BCX0"" lang=""EN-US""><span class=""SCXP220488905 BCX0"">fave</span></span><span data-scheme-color=""@000000,,"" data-usefontface=""true"" data-contrast=""none"" class=""TextRun SCXP220488905 BCX0"" lang=""EN-US""><span class=""NormalTextRun SCXP220488905 BCX0""> liquid highlighter fam is growing, with two NEW shades: </span></span><span data-scheme-color=""@000000,,"" data-usefontface=""true"" data-contrast=""none"" class=""TextRun MacChromeBold SCXP220488905 BCX0"" lang=""EN-US""><span class=""NormalTextRun SCXP220488905 BCX0"">Exhilarate</span></span><span data-scheme-color=""@000000,,"" data-usefontface=""true"" data-contrast=""none"" class=""TextRun SCXP220488905 BCX0"" lang=""EN-US""><span class=""NormalTextRun SCXP220488905 BCX0""> </span></span><span data-scheme-color=""@000000,,"" data-usefontface=""true"" data-contrast=""none"" class=""TextRun SCXP220488905 BCX0"" lang=""EN-US""><span class=""NormalTextRun SCXP220488905 BCX0"">(champagne gold) and </span></span><span data-scheme-color=""@000000,,"" data-usefontface=""true"" data-contrast=""none"" class=""TextRun MacChromeBold SCXP220488905 BCX0"" lang=""EN-US""><span class=""NormalTextRun SCXP220488905 BCX0"">Reveal </span></span><span data-scheme-color=""@000000,,"" data-usefontface=""true"" data-contrast=""none"" class=""TextRun SCXP220488905 BCX0"" lang=""EN-US""><span class=""NormalTextRun SCXP220488905 BCX0"">(copper).  Create an instantly dewy, buildable glow while </span></span><span data-scheme-color=""@000000,,"" data-usefontface=""true"" data-contrast=""none"" class=""TextRun SCXP220488905 BCX0"" lang=""EN-US""><span class=""NormalTextRun SCXP220488905 BCX0"">nourishing skin so it looks on the bright side all day. </span></span><br></p>",Rare Beauty,,Luminizer,"Finish: Radiant, Hazmat, non-returnable, Shop Sephora",TRUE,Shade,Enlighten,,,,,FGPPLL0001F2,0,,0,deny,manual,28.00,,TRUE,TRUE,840122900082,https://cdn.shopify.com/s/files/1/0314/1143/7703/files/ECOMM-PL-LIQUID-LUMINIZER-ENLIGHTEN-1440x1952.jpg?v=1762283296,1,,,,,,g,,,,,active
positive-light-liquid-luminizer-1,,,,,,,,,,,,,,,,,,,,,,,,,https://cdn.shopify.com/s/files/1/0314/1143/7703/files/US-SHADE-GRIDS-PL-LIQUID-LUMINIZER-ENLIGHTEN-1440x1952.jpg?v=1739911666,2,,,,,,,,,,,
positive-light-liquid-luminizer-1,,,,,,,,,,,,,,,,,,,,,,,,,https://cdn.shopify.com/s/files/1/0314/1143/7703/files/SWATCHES-PL-LIQUID-LUMINIZER-ENLIGHTEN-1440x1952.png?v=1739911666,3,,,,,,,,,,,
positive-light-liquid-luminizer-1,,,,,,,,,,,,,,,,,,,,,,,,,https://cdn.shopify.com/s/files/1/0314/1143/7703/files/ECOMM-PL-LIQUID-LUMINIZER-ENCHANT-1440x1952.jpg?v=1724695557,4,,,,,,,,,,,
positive-light-liquid-luminizer-1,,,,,,,,,,,,,,,,,,,,,,,,,https://cdn.shopify.com/s/files/1/0314/1143/7703/files/US-SHADE-GRIDS-PL-LIQUID-LUMINIZER-ENCHANT-1440x1952.jpg?v=1739911666,5,,,,,,,,,,,
positive-light-liquid-luminizer-1,,,,,,,,,,,,,,,,,,,,,,,,,https://cdn.shopify.com/s/files/1/0314/1143/7703/files/SWATCHES-PL-LIQUID-LUMINIZER-ENCHANT-1440x1952.png?v=1739911666,6,,,,,,,,,,,
positive-light-liquid-luminizer-1,,,,,,,,,,,,,,,,,,,,,,,,,https://cdn.shopify.com/s/files/1/0314/1143/7703/files/ECOMM-PL-LIQUID-LUMINIZER-MESMERIZE-1440x1952.jpg?v=1724695607,7,,,,,,,,,,,
positive-light-liquid-luminizer-1,,,,,,,,,,,,,,,,,,,,,,,,,https://cdn.shopify.com/s/files/1/0314/1143/7703/files/US-SHADE-GRIDS-PL-LIQUID-LUMINIZER-MESMERIZE-1440x1952.jpg?v=1739911666,8,,,,,,,,,,,
positive-light-liquid-luminizer-1,,,,,,,,,,,,,,,,,,,,,,,,,https://cdn.shopify.com/s/files/1/0314/1143/7703/files/SWATCHES-PL-LIQUID-LUMINIZER-MESMERIZE-1440x1952.png?v=1739911666,9,,,,,,,,,,,
positive-light-liquid-luminizer-1,,,,,,,,,,,,,,,,,,,,,,,,,https://cdn.shopify.com/s/files/1/0314/1143/7703/files/ECOMM-PL-LIQUID-LUMINIZER-OUTSHINE-1440x1952.jpg?v=1724695652,10,,,,,,,,,,,
positive-light-liquid-luminizer-1,,,,,,,,,,,,,,,,,,,,,,,,,https://cdn.shopify.com/s/files/1/0314/1143/7703/files/US-SHADE-GRIDS-PL-LIQUID-LUMINIZER-OUTSHINE-1440x1952.jpg?v=1739911666,11,,,,,,,,,,,
positive-light-liquid-luminizer-1,,,,,,,,,,,,,,,,,,,,,,,,,https://cdn.shopify.com/s/files/1/0314/1143/7703/files/SWATCHES-PL-LIQUID-LUMINIZER-OUTSHINE-1440x1952.png?v=1739911666,12,,,,,,,,,,,
positive-light-liquid-luminizer-1,,,,,,,,,,,,,,,,,,,,,,,,,https://cdn.shopify.com/s/files/1/0314/1143/7703/files/ECOMM-PL-LIQUID-LUMINIZER-TRANSCEND-1440x1952.jpg?v=1724695697,13,,,,,,,,,,,
positive-light-liquid-luminizer-1,,,,,,,,,,,,,,,,,,,,,,,,,https://cdn.shopify.com/s/files/1/0314/1143/7703/files/US-SHADE-GRIDS-PL-LIQUID-LUMINIZER-TRANSCEND-1440x1952.jpg?v=1739911666,14,,,,,,,,,,,
positive-light-liquid-luminizer-1,,,,,,,,,,,,,,,,,,,,,,,,,https://cdn.shopify.com/s/files/1/0314/1143/7703/files/SWATCHES-PL-LIQUID-LUMINIZER-TRANSCEND-1440x1952.png?v=1739911666,15,,,,,,,,,,,
positive-light-liquid-luminizer-1,,,,,,,,,,,,,,,,,,,,,,,,,https://cdn.shopify.com/s/files/1/0314/1143/7703/files/ECOMM-PL-LIQUID-LUMINIZER-FLAUNT-1440x1952.jpg?v=1724695747,16,,,,,,,,,,,
positive-light-liquid-luminizer-1,,,,,,,,,,,,,,,,,,,,,,,,,https://cdn.shopify.com/s/files/1/0314/1143/7703/files/US-SHADE-GRIDS-PL-LIQUID-LUMINIZER-FLAUNT-1440x1952.jpg?v=1739911666,17,,,,,,,,,,,
positive-light-liquid-luminizer-1,,,,,,,,,,,,,,,,,,,,,,,,,https://cdn.shopify.com/s/files/1/0314/1143/7703/files/SWATCHES-PL-LIQUID-LUMINIZER-FLAUNT-1440x1952.png?v=1739911666,18,,,,,,,,,,,
positive-light-liquid-luminizer-1,,,,,,,,,,,,,,,,,,,,,,,,,https://cdn.shopify.com/s/files/1/0314/1143/7703/files/ECOMM-PL-LIQUID-LUMINIZER-CAPTIVATE-1440x1952.jpg?v=1724695798,19,,,,,,,,,,,
positive-light-liquid-luminizer-1,,,,,,,,,,,,,,,,,,,,,,,,,https://cdn.shopify.com/s/files/1/0314/1143/7703/files/US-SHADE-GRIDS-PL-LIQUID-LUMINIZER-CAPTIVATE-1440x1952.jpg?v=1739911666,20,,,,,,,,,,,
positive-light-liquid-luminizer-1,,,,,,,,,,,,,,,,,,,,,,,,,https://cdn.shopify.com/s/files/1/0314/1143/7703/files/SWATCHES-PL-LIQUID-LUMINIZER-CAPTIVATE-1440x1952.png?v=1739911666,21,,,,,,,,,,,
positive-light-liquid-luminizer-1,,,,,,,,,,,,,,,,,,,,,,,,,https://cdn.shopify.com/s/files/1/0314/1143/7703/files/ECOMM-PL-LIQUID-LUMINIZER-REFLECT-1440x1952.jpg?v=1724695808,22,,,,,,,,,,,
positive-light-liquid-luminizer-1,,,,,,,,,,,,,,,,,,,,,,,,,https://cdn.shopify.com/s/files/1/0314/1143/7703/files/US-SHADE-GRIDS-PL-LIQUID-LUMINIZER-REFLECT-1440x1952.jpg?v=1739911666,23,,,,,,,,,,,
positive-light-liquid-luminizer-1,,,,,,,,,,,,,,,,,,,,,,,,,https://cdn.shopify.com/s/files/1/0314/1143/7703/files/SWATCHES-PL-LIQUID-LUMINIZER-REFLECT-1440x1952.png?v=1739911666,24,,,,,,,,,,,
positive-light-liquid-luminizer-1,,,,,,,,,,,,,,,,,,,,,,,,,https://cdn.shopify.com/s/files/1/0314/1143/7703/files/ECOMM-PL-LIQUID-LUMINIZER-EXHILARATE-1440x1952.jpg?v=1739911666,25,,,,,,,,,,,
positive-light-liquid-luminizer-1,,,,,,,,,,,,,,,,,,,,,,,,,https://cdn.shopify.com/s/files/1/0314/1143/7703/files/US-SHADE-GRIDS-PL-LIQUID-LUMINIZER-EXHILARATE-1440x1952.jpg?v=1739911666,26,,,,,,,,,,,
positive-light-liquid-luminizer-1,,,,,,,,,,,,,,,,,,,,,,,,,https://cdn.shopify.com/s/files/1/0314/1143/7703/files/SWATCHES-PL-LIQUID-LUMINIZER-EXHILARATE-1440x1952.png?v=1739911666,27,,,,,,,,,,,
positive-light-liquid-luminizer-1,,,,,,,,,,,,,,,,,,,,,,,,,https://cdn.shopify.com/s/files/1/0314/1143/7703/files/ECOMM-PL-LIQUID-LUMINIZER-REVEAL-1440x1952.jpg?v=1739911666,28,,,,,,,,,,,
positive-light-liquid-luminizer-1,,,,,,,,,,,,,,,,,,,,,,,,,https://cdn.shopify.com/s/files/1/0314/1143/7703/files/US-SHADE-GRIDS-PL-LIQUID-LUMINIZER-REVEAL-1440x1952.jpg?v=1739911666,29,,,,,,,,,,,
positive-light-liquid-luminizer-1,,,,,,,,,,,,,,,,,,,,,,,,,https://cdn.shopify.com/s/files/1/0314/1143/7703/files/SWATCHES-PL-LIQUID-LUMINIZER-REVEAL-1440x1952.png?v=1739911666,30,,,,,,,,,,,
positive-light-liquid-luminizer-1,,,,,,,,,,,,,,,,,,,,,,,,,https://cdn.shopify.com/s/files/1/0314/1143/7703/files/SU25-ARM-SWATCHES-PL-LIQUID-LUMINIZER-1440x1952.jpg?v=1768350496,31,,,,,,,,,,,
positive-light-liquid-luminizer-1,,,,,,,,,,,,,,,,,,,,,,,,,https://cdn.shopify.com/s/files/1/0314/1143/7703/products/LUMINIZER_DOE_FOOT_SKU_906e9b87-0177-4c20-ad26-f0cc9b82d0dc.jpg?v=1740070764,32,,,,,,,,,,,
positive-light-liquid-luminizer-1,,,,,,,,,,,,,,,,,,,,,,,,,https://cdn.shopify.com/s/files/1/0314/1143/7703/files/PL-LIQUID-LUMINIZER-STYLIZED-V02.jpg?v=1740070764,33,,,,,,,,,,,
positive-light-liquid-luminizer-1,,"<p><meta charset=""utf-8""><meta charset=""utf-8""><span data-scheme-color=""@000000,,"" data-usefontface=""true"" data-contrast=""none"" class=""TextRun SCXP220488905 BCX0"" lang=""EN-US""><span class=""NormalTextRun SCXP220488905 BCX0"">Good news—our fan-</span></span><span data-scheme-color=""@000000,,"" data-usefontface=""true"" data-contrast=""none"" class=""TextRun SpellingErrorZoomed SCXP220488905 BCX0"" lang=""EN-US""><span class=""SCXP220488905 BCX0"">fave</span></span><span data-scheme-color=""@000000,,"" data-usefontface=""true"" data-contrast=""none"" class=""TextRun SCXP220488905 BCX0"" lang=""EN-US""><span class=""NormalTextRun SCXP220488905 BCX0""> liquid highlighter fam is growing, with two NEW shades: </span></span><span data-scheme-color=""@000000,,"" data-usefontface=""true"" data-contrast=""none"" class=""TextRun MacChromeBold SCXP220488905 BCX0"" lang=""EN-US""><span class=""NormalTextRun SCXP220488905 BCX0"">Exhilarate</span></span><span data-scheme-color=""@000000,,"" data-usefontface=""true"" data-contrast=""none"" class=""TextRun SCXP220488905 BCX0"" lang=""EN-US""><span class=""NormalTextRun SCXP220488905 BCX0""> </span></span><span data-scheme-color=""@000000,,"" data-usefontface=""true"" data-contrast=""none"" class=""TextRun SCXP220488905 BCX0"" lang=""EN-US""><span class=""NormalTextRun SCXP220488905 BCX0"">(champagne gold) and </span></span><span data-scheme-color=""@000000,,"" data-usefontface=""true"" data-contrast=""none"" class=""TextRun MacChromeBold SCXP220488905 BCX0"" lang=""EN-US""><span class=""NormalTextRun SCXP220488905 BCX0"">Reveal </span></span><span data-scheme-color=""@000000,,"" data-usefontface=""true"" data-contrast=""none"" class=""TextRun SCXP220488905 BCX0"" lang=""EN-US""><span class=""NormalTextRun SCXP220488905 BCX0"">(copper).  Create an instantly dewy, buildable glow while </span></span><span data-scheme-color=""@000000,,"" data-usefontface=""true"" data-contrast=""none"" class=""TextRun SCXP220488905 BCX0"" lang=""EN-US""><span class=""NormalTextRun SCXP220488905 BCX0"">nourishing skin so it looks on the bright side all day. </span></span><br></p>",Rare Beauty,,Luminizer,"Finish: Radiant, Hazmat, non-returnable, Shop Sephora",TRUE,Shade,Enchant,,,,,FGPPLL0002F2,0,,0,deny,manual,28.00,,TRUE,TRUE,840122900099,,,,,,,,g,,,,,active
positive-light-liquid-luminizer-1,,"<p><meta charset=""utf-8""><meta charset=""utf-8""><span data-scheme-color=""@000000,,"" data-usefontface=""true"" data-contrast=""none"" class=""TextRun SCXP220488905 BCX0"" lang=""EN-US""><span class=""NormalTextRun SCXP220488905 BCX0"">Good news—our fan-</span></span><span data-scheme-color=""@000000,,"" data-usefontface=""true"" data-contrast=""none"" class=""TextRun SpellingErrorZoomed SCXP220488905 BCX0"" lang=""EN-US""><span class=""SCXP220488905 BCX0"">fave</span></span><span data-scheme-color=""@000000,,"" data-usefontface=""true"" data-contrast=""none"" class=""TextRun SCXP220488905 BCX0"" lang=""EN-US""><span class=""NormalTextRun SCXP220488905 BCX0""> liquid highlighter fam is growing, with two NEW shades: </span></span><span data-scheme-color=""@000000,,"" data-usefontface=""true"" data-contrast=""none"" class=""TextRun MacChromeBold SCXP220488905 BCX0"" lang=""EN-US""><span class=""NormalTextRun SCXP220488905 BCX0"">Exhilarate</span></span><span data-scheme-color=""@000000,,"" data-usefontface=""true"" data-contrast=""none"" class=""TextRun SCXP220488905 BCX0"" lang=""EN-US""><span class=""NormalTextRun SCXP220488905 BCX0""> </span></span><span data-scheme-color=""@000000,,"" data-usefontface=""true"" data-contrast=""none"" class=""TextRun SCXP220488905 BCX0"" lang=""EN-US""><span class=""NormalTextRun SCXP220488905 BCX0"">(champagne gold) and </span></span><span data-scheme-color=""@000000,,"" data-usefontface=""true"" data-contrast=""none"" class=""TextRun MacChromeBold SCXP220488905 BCX0"" lang=""EN-US""><span class=""NormalTextRun SCXP220488905 BCX0"">Reveal </span></span><span data-scheme-color=""@000000,,"" data-usefontface=""true"" data-contrast=""none"" class=""TextRun SCXP220488905 BCX0"" lang=""EN-US""><span class=""NormalTextRun SCXP220488905 BCX0"">(copper).  Create an instantly dewy, buildable glow while </span></span><span data-scheme-color=""@000000,,"" data-usefontface=""true"" data-contrast=""none"" class=""TextRun SCXP220488905 BCX0"" lang=""EN-US""><span class=""NormalTextRun SCXP220488905 BCX0"">nourishing skin so it looks on the bright side all day. </span></span><br></p>",Rare Beauty,,Luminizer,"Finish: Radiant, Hazmat, non-returnable, Shop Sephora",TRUE,Shade,Exhilarate,,,,,FGPPLL0010F1,0,,0,deny,manual,28.00,,TRUE,TRUE,840122907029,,,,,,,,g,,,,,active
positive-light-liquid-luminizer-1,,"<p><meta charset=""utf-8""><meta charset=""utf-8""><span data-scheme-color=""@000000,,"" data-usefontface=""true"" data-contrast=""none"" class=""TextRun SCXP220488905 BCX0"" lang=""EN-US""><span class=""NormalTextRun SCXP220488905 BCX0"">Good news—our fan-</span></span><span data-scheme-color=""@000000,,"" data-usefontface=""true"" data-contrast=""none"" class=""TextRun SpellingErrorZoomed SCXP220488905 BCX0"" lang=""EN-US""><span class=""SCXP220488905 BCX0"">fave</span></span><span data-scheme-color=""@000000,,"" data-usefontface=""true"" data-contrast=""none"" class=""TextRun SCXP220488905 BCX0"" lang=""EN-US""><span class=""NormalTextRun SCXP220488905 BCX0""> liquid highlighter fam is growing, with two NEW shades: </span></span><span data-scheme-color=""@000000,,"" data-usefontface=""true"" data-contrast=""none"" class=""TextRun MacChromeBold SCXP220488905 BCX0"" lang=""EN-US""><span class=""NormalTextRun SCXP220488905 BCX0"">Exhilarate</span></span><span data-scheme-color=""@000000,,"" data-usefontface=""true"" data-contrast=""none"" class=""TextRun SCXP220488905 BCX0"" lang=""EN-US""><span class=""NormalTextRun SCXP220488905 BCX0""> </span></span><span data-scheme-color=""@000000,,"" data-usefontface=""true"" data-contrast=""none"" class=""TextRun SCXP220488905 BCX0"" lang=""EN-US""><span class=""NormalTextRun SCXP220488905 BCX0"">(champagne gold) and </span></span><span data-scheme-color=""@000000,,"" data-usefontface=""true"" data-contrast=""none"" class=""TextRun MacChromeBold SCXP220488905 BCX0"" lang=""EN-US""><span class=""NormalTextRun SCXP220488905 BCX0"">Reveal </span></span><span data-scheme-color=""@000000,,"" data-usefontface=""true"" data-contrast=""none"" class=""TextRun SCXP220488905 BCX0"" lang=""EN-US""><span class=""NormalTextRun SCXP220488905 BCX0"">(copper).  Create an instantly dewy, buildable glow while </span></span><span data-scheme-color=""@000000,,"" data-usefontface=""true"" data-contrast=""none"" class=""TextRun SCXP220488905 BCX0"" lang=""EN-US""><span class=""NormalTextRun SCXP220488905 BCX0"">nourishing skin so it looks on the bright side all day. </span></span><br></p>",Rare Beauty,,Luminizer,"Finish: Radiant, Hazmat, non-returnable, Shop Sephora",TRUE,Shade,Outshine,,,,,FGPPLL0004F2,0,,0,deny,manual,28.00,,TRUE,TRUE,840122900112,,,,,,,,g,,,,,active
positive-light-liquid-luminizer-1,,"<p><meta charset=""utf-8""><meta charset=""utf-8""><span data-scheme-color=""@000000,,"" data-usefontface=""true"" data-contrast=""none"" class=""TextRun SCXP220488905 BCX0"" lang=""EN-US""><span class=""NormalTextRun SCXP220488905 BCX0"">Good news—our fan-</span></span><span data-scheme-color=""@000000,,"" data-usefontface=""true"" data-contrast=""none"" class=""TextRun SpellingErrorZoomed SCXP220488905 BCX0"" lang=""EN-US""><span class=""SCXP220488905 BCX0"">fave</span></span><span data-scheme-color=""@000000,,"" data-usefontface=""true"" data-contrast=""none"" class=""TextRun SCXP220488905 BCX0"" lang=""EN-US""><span class=""NormalTextRun SCXP220488905 BCX0""> liquid highlighter fam is growing, with two NEW shades: </span></span><span data-scheme-color=""@000000,,"" data-usefontface=""true"" data-contrast=""none"" class=""TextRun MacChromeBold SCXP220488905 BCX0"" lang=""EN-US""><span class=""NormalTextRun SCXP220488905 BCX0"">Exhilarate</span></span><span data-scheme-color=""@000000,,"" data-usefontface=""true"" data-contrast=""none"" class=""TextRun SCXP220488905 BCX0"" lang=""EN-US""><span class=""NormalTextRun SCXP220488905 BCX0""> </span></span><span data-scheme-color=""@000000,,"" data-usefontface=""true"" data-contrast=""none"" class=""TextRun SCXP220488905 BCX0"" lang=""EN-US""><span class=""NormalTextRun SCXP220488905 BCX0"">(champagne gold) and </span></span><span data-scheme-color=""@000000,,"" data-usefontface=""true"" data-contrast=""none"" class=""TextRun MacChromeBold SCXP220488905 BCX0"" lang=""EN-US""><span class=""NormalTextRun SCXP220488905 BCX0"">Reveal </span></span><span data-scheme-color=""@000000,,"" data-usefontface=""true"" data-contrast=""none"" class=""TextRun SCXP220488905 BCX0"" lang=""EN-US""><span class=""NormalTextRun SCXP220488905 BCX0"">(copper).  Create an instantly dewy, buildable glow while </span></span><span data-scheme-color=""@000000,,"" data-usefontface=""true"" data-contrast=""none"" class=""TextRun SCXP220488905 BCX0"" lang=""EN-US""><span class=""NormalTextRun SCXP220488905 BCX0"">nourishing skin so it looks on the bright side all day. </span></span><br></p>",Rare Beauty,,Luminizer,"Finish: Radiant, Hazmat, non-returnable, Shop Sephora",TRUE,Shade,Transcend,,,,,FGPPLL0005F2,0,,0,deny,manual,28.00,,TRUE,TRUE,840122900129,,,,,,,,g,,,,,active
positive-light-liquid-luminizer-1,,"<p><meta charset=""utf-8""><meta charset=""utf-8""><span data-scheme-color=""@000000,,"" data-usefontface=""true"" data-contrast=""none"" class=""TextRun SCXP220488905 BCX0"" lang=""EN-US""><span class=""NormalTextRun SCXP220488905 BCX0"">Good news—our fan-</span></span><span data-scheme-color=""@000000,,"" data-usefontface=""true"" data-contrast=""none"" class=""TextRun SpellingErrorZoomed SCXP220488905 BCX0"" lang=""EN-US""><span class=""SCXP220488905 BCX0"">fave</span></span><span data-scheme-color=""@000000,,"" data-usefontface=""true"" data-contrast=""none"" class=""TextRun SCXP220488905 BCX0"" lang=""EN-US""><span class=""NormalTextRun SCXP220488905 BCX0""> liquid highlighter fam is growing, with two NEW shades: </span></span><span data-scheme-color=""@000000,,"" data-usefontface=""true"" data-contrast=""none"" class=""TextRun MacChromeBold SCXP220488905 BCX0"" lang=""EN-US""><span class=""NormalTextRun SCXP220488905 BCX0"">Exhilarate</span></span><span data-scheme-color=""@000000,,"" data-usefontface=""true"" data-contrast=""none"" class=""TextRun SCXP220488905 BCX0"" lang=""EN-US""><span class=""NormalTextRun SCXP220488905 BCX0""> </span></span><span data-scheme-color=""@000000,,"" data-usefontface=""true"" data-contrast=""none"" class=""TextRun SCXP220488905 BCX0"" lang=""EN-US""><span class=""NormalTextRun SCXP220488905 BCX0"">(champagne gold) and </span></span><span data-scheme-color=""@000000,,"" data-usefontface=""true"" data-contrast=""none"" class=""TextRun MacChromeBold SCXP220488905 BCX0"" lang=""EN-US""><span class=""NormalTextRun SCXP220488905 BCX0"">Reveal </span></span><span data-scheme-color=""@000000,,"" data-usefontface=""true"" data-contrast=""none"" class=""TextRun SCXP220488905 BCX0"" lang=""EN-US""><span class=""NormalTextRun SCXP220488905 BCX0"">(copper).  Create an instantly dewy, buildable glow while </span></span><span data-scheme-color=""@000000,,"" data-usefontface=""true"" data-contrast=""none"" class=""TextRun SCXP220488905 BCX0"" lang=""EN-US""><span class=""NormalTextRun SCXP220488905 BCX0"">nourishing skin so it looks on the bright side all day. </span></span><br></p>",Rare Beauty,,Luminizer,"Finish: Radiant, Hazmat, non-returnable, Shop Sephora",TRUE,Shade,Mesmerize,,,,,FGPPLL0003F2,0,,0,deny,manual,28.00,,TRUE,TRUE,840122900105,,,,,,,,g,,,,,active
positive-light-liquid-luminizer-1,,"<p><meta charset=""utf-8""><meta charset=""utf-8""><span data-scheme-color=""@000000,,"" data-usefontface=""true"" data-contrast=""none"" class=""TextRun SCXP220488905 BCX0"" lang=""EN-US""><span class=""NormalTextRun SCXP220488905 BCX0"">Good news—our fan-</span></span><span data-scheme-color=""@000000,,"" data-usefontface=""true"" data-contrast=""none"" class=""TextRun SpellingErrorZoomed SCXP220488905 BCX0"" lang=""EN-US""><span class=""SCXP220488905 BCX0"">fave</span></span><span data-scheme-color=""@000000,,"" data-usefontface=""true"" data-contrast=""none"" class=""TextRun SCXP220488905 BCX0"" lang=""EN-US""><span class=""NormalTextRun SCXP220488905 BCX0""> liquid highlighter fam is growing, with two NEW shades: </span></span><span data-scheme-color=""@000000,,"" data-usefontface=""true"" data-contrast=""none"" class=""TextRun MacChromeBold SCXP220488905 BCX0"" lang=""EN-US""><span class=""NormalTextRun SCXP220488905 BCX0"">Exhilarate</span></span><span data-scheme-color=""@000000,,"" data-usefontface=""true"" data-contrast=""none"" class=""TextRun SCXP220488905 BCX0"" lang=""EN-US""><span class=""NormalTextRun SCXP220488905 BCX0""> </span></span><span data-scheme-color=""@000000,,"" data-usefontface=""true"" data-contrast=""none"" class=""TextRun SCXP220488905 BCX0"" lang=""EN-US""><span class=""NormalTextRun SCXP220488905 BCX0"">(champagne gold) and </span></span><span data-scheme-color=""@000000,,"" data-usefontface=""true"" data-contrast=""none"" class=""TextRun MacChromeBold SCXP220488905 BCX0"" lang=""EN-US""><span class=""NormalTextRun SCXP220488905 BCX0"">Reveal </span></span><span data-scheme-color=""@000000,,"" data-usefontface=""true"" data-contrast=""none"" class=""TextRun SCXP220488905 BCX0"" lang=""EN-US""><span class=""NormalTextRun SCXP220488905 BCX0"">(copper).  Create an instantly dewy, buildable glow while </span></span><span data-scheme-color=""@000000,,"" data-usefontface=""true"" data-contrast=""none"" class=""TextRun SCXP220488905 BCX0"" lang=""EN-US""><span class=""NormalTextRun SCXP220488905 BCX0"">nourishing skin so it looks on the bright side all day. </span></span><br></p>",Rare Beauty,,Luminizer,"Finish: Radiant, Hazmat, non-returnable, Shop Sephora",TRUE,Shade,Flaunt,,,,,FGPPLL0006F2,0,,0,deny,manual,28.00,,TRUE,TRUE,840122900136,,,,,,,,g,,,,,active
positive-light-liquid-luminizer-1,,"<p><meta charset=""utf-8""><meta charset=""utf-8""><span data-scheme-color=""@000000,,"" data-usefontface=""true"" data-contrast=""none"" class=""TextRun SCXP220488905 BCX0"" lang=""EN-US""><span class=""NormalTextRun SCXP220488905 BCX0"">Good news—our fan-</span></span><span data-scheme-color=""@000000,,"" data-usefontface=""true"" data-contrast=""none"" class=""TextRun SpellingErrorZoomed SCXP220488905 BCX0"" lang=""EN-US""><span class=""SCXP220488905 BCX0"">fave</span></span><span data-scheme-color=""@000000,,"" data-usefontface=""true"" data-contrast=""none"" class=""TextRun SCXP220488905 BCX0"" lang=""EN-US""><span class=""NormalTextRun SCXP220488905 BCX0""> liquid highlighter fam is growing, with two NEW shades: </span></span><span data-scheme-color=""@000000,,"" data-usefontface=""true"" data-contrast=""none"" class=""TextRun MacChromeBold SCXP220488905 BCX0"" lang=""EN-US""><span class=""NormalTextRun SCXP220488905 BCX0"">Exhilarate</span></span><span data-scheme-color=""@000000,,"" data-usefontface=""true"" data-contrast=""none"" class=""TextRun SCXP220488905 BCX0"" lang=""EN-US""><span class=""NormalTextRun SCXP220488905 BCX0""> </span></span><span data-scheme-color=""@000000,,"" data-usefontface=""true"" data-contrast=""none"" class=""TextRun SCXP220488905 BCX0"" lang=""EN-US""><span class=""NormalTextRun SCXP220488905 BCX0"">(champagne gold) and </span></span><span data-scheme-color=""@000000,,"" data-usefontface=""true"" data-contrast=""none"" class=""TextRun MacChromeBold SCXP220488905 BCX0"" lang=""EN-US""><span class=""NormalTextRun SCXP220488905 BCX0"">Reveal </span></span><span data-scheme-color=""@000000,,"" data-usefontface=""true"" data-contrast=""none"" class=""TextRun SCXP220488905 BCX0"" lang=""EN-US""><span class=""NormalTextRun SCXP220488905 BCX0"">(copper).  Create an instantly dewy, buildable glow while </span></span><span data-scheme-color=""@000000,,"" data-usefontface=""true"" data-contrast=""none"" class=""TextRun SCXP220488905 BCX0"" lang=""EN-US""><span class=""NormalTextRun SCXP220488905 BCX0"">nourishing skin so it looks on the bright side all day. </span></span><br></p>",Rare Beauty,,Luminizer,"Finish: Radiant, Hazmat, non-returnable, Shop Sephora",TRUE,Shade,Captivate,,,,,FGPPLL0007F2,68,,0,deny,manual,28.00,,TRUE,TRUE,840122900143,,,,,,,,g,,,,,active
positive-light-liquid-luminizer-1,,"<p><meta charset=""utf-8""><meta charset=""utf-8""><span data-scheme-color=""@000000,,"" data-usefontface=""true"" data-contrast=""none"" class=""TextRun SCXP220488905 BCX0"" lang=""EN-US""><span class=""NormalTextRun SCXP220488905 BCX0"">Good news—our fan-</span></span><span data-scheme-color=""@000000,,"" data-usefontface=""true"" data-contrast=""none"" class=""TextRun SpellingErrorZoomed SCXP220488905 BCX0"" lang=""EN-US""><span class=""SCXP220488905 BCX0"">fave</span></span><span data-scheme-color=""@000000,,"" data-usefontface=""true"" data-contrast=""none"" class=""TextRun SCXP220488905 BCX0"" lang=""EN-US""><span class=""NormalTextRun SCXP220488905 BCX0""> liquid highlighter fam is growing, with two NEW shades: </span></span><span data-scheme-color=""@000000,,"" data-usefontface=""true"" data-contrast=""none"" class=""TextRun MacChromeBold SCXP220488905 BCX0"" lang=""EN-US""><span class=""NormalTextRun SCXP220488905 BCX0"">Exhilarate</span></span><span data-scheme-color=""@000000,,"" data-usefontface=""true"" data-contrast=""none"" class=""TextRun SCXP220488905 BCX0"" lang=""EN-US""><span class=""NormalTextRun SCXP220488905 BCX0""> </span></span><span data-scheme-color=""@000000,,"" data-usefontface=""true"" data-contrast=""none"" class=""TextRun SCXP220488905 BCX0"" lang=""EN-US""><span class=""NormalTextRun SCXP220488905 BCX0"">(champagne gold) and </span></span><span data-scheme-color=""@000000,,"" data-usefontface=""true"" data-contrast=""none"" class=""TextRun MacChromeBold SCXP220488905 BCX0"" lang=""EN-US""><span class=""NormalTextRun SCXP220488905 BCX0"">Reveal </span></span><span data-scheme-color=""@000000,,"" data-usefontface=""true"" data-contrast=""none"" class=""TextRun SCXP220488905 BCX0"" lang=""EN-US""><span class=""NormalTextRun SCXP220488905 BCX0"">(copper).  Create an instantly dewy, buildable glow while </span></span><span data-scheme-color=""@000000,,"" data-usefontface=""true"" data-contrast=""none"" class=""TextRun SCXP220488905 BCX0"" lang=""EN-US""><span class=""NormalTextRun SCXP220488905 BCX0"">nourishing skin so it looks on the bright side all day. </span></span><br></p>",Rare Beauty,,Luminizer,"Finish: Radiant, Hazmat, non-returnable, Shop Sephora",TRUE,Shade,Reveal,,,,,FGPPLL0013F1,0,,0,deny,manual,28.00,,TRUE,TRUE,840122907036,,,,,,,,g,,,,,active
positive-light-liquid-luminizer-1,,"<p><meta charset=""utf-8""><meta charset=""utf-8""><span data-scheme-color=""@000000,,"" data-usefontface=""true"" data-contrast=""none"" class=""TextRun SCXP220488905 BCX0"" lang=""EN-US""><span class=""NormalTextRun SCXP220488905 BCX0"">Good news—our fan-</span></span><span data-scheme-color=""@000000,,"" data-usefontface=""true"" data-contrast=""none"" class=""TextRun SpellingErrorZoomed SCXP220488905 BCX0"" lang=""EN-US""><span class=""SCXP220488905 BCX0"">fave</span></span><span data-scheme-color=""@000000,,"" data-usefontface=""true"" data-contrast=""none"" class=""TextRun SCXP220488905 BCX0"" lang=""EN-US""><span class=""NormalTextRun SCXP220488905 BCX0""> liquid highlighter fam is growing, with two NEW shades: </span></span><span data-scheme-color=""@000000,,"" data-usefontface=""true"" data-contrast=""none"" class=""TextRun MacChromeBold SCXP220488905 BCX0"" lang=""EN-US""><span class=""NormalTextRun SCXP220488905 BCX0"">Exhilarate</span></span><span data-scheme-color=""@000000,,"" data-usefontface=""true"" data-contrast=""none"" class=""TextRun SCXP220488905 BCX0"" lang=""EN-US""><span class=""NormalTextRun SCXP220488905 BCX0""> </span></span><span data-scheme-color=""@000000,,"" data-usefontface=""true"" data-contrast=""none"" class=""TextRun SCXP220488905 BCX0"" lang=""EN-US""><span class=""NormalTextRun SCXP220488905 BCX0"">(champagne gold) and </span></span><span data-scheme-color=""@000000,,"" data-usefontface=""true"" data-contrast=""none"" class=""TextRun MacChromeBold SCXP220488905 BCX0"" lang=""EN-US""><span class=""NormalTextRun SCXP220488905 BCX0"">Reveal </span></span><span data-scheme-color=""@000000,,"" data-usefontface=""true"" data-contrast=""none"" class=""TextRun SCXP220488905 BCX0"" lang=""EN-US""><span class=""NormalTextRun SCXP220488905 BCX0"">(copper).  Create an instantly dewy, buildable glow while </span></span><span data-scheme-color=""@000000,,"" data-usefontface=""true"" data-contrast=""none"" class=""TextRun SCXP220488905 BCX0"" lang=""EN-US""><span class=""NormalTextRun SCXP220488905 BCX0"">nourishing skin so it looks on the bright side all day. </span></span><br></p>",Rare Beauty,,Luminizer,"Finish: Radiant, Hazmat, non-returnable, Shop Sephora",TRUE,Shade,Reflect,,,,,FGPPLL0008F2,0,,0,deny,manual,28.00,,TRUE,TRUE,840122900150,,,,,,,,g,,,,,active
liquid-touch-weightless-foundation-1,Liquid Touch Weightless Foundation,"<p><span style=""font-weight: 400;""></span><meta charset=""utf-8""><span data-mce-fragment=""1"">An innovative long-lasting foundation that combines the weightless feel of a serum with buildable medium coverage for truly breathable, layerable wear.</span></p>",Rare Beauty,,Foundation,"Coverage: Medium, Finish: Natural, non-returnable, Shop Sephora, variant-disabled:40242054299783, variant-disabled:43735166419079, variant-disabled:43735166451847, variant-disabled:43735166484615, variant-disabled:43735166517383, variant-disabled:43735166550151, variant-disabled:43735166582919, variant-disabled:43735166615687, variant-disabled:43735166648455, variant-disabled:43735166681223, variant-disabled:43735166713991, variant-disabled:43735166746759, variant-disabled:43735166779527, variant-disabled:43735166812295, variant-disabled:43735166845063, variant-disabled:43735166877831, variant-disabled:43735166910599, variant-disabled:43735166943367, variant-disabled:43735166976135, variant-disabled:43735167008903, variant-disabled:43735167041671, variant-disabled:43735167139975, variant-disabled:43735167172743, variant-disabled:43735167205511, variant-disabled:43735167238279, variant-disabled:43735167271047, variant-disabled:43735167303815, variant-disabled:43735167434887, variant-disabled:43735167500423, variant-disabled:43735167565959, variant-disabled:43735167598727, variant-disabled:43735167631495, variant-disabled:43735167664263, variant-disabled:43735167860871, variant-disabled:43735268032647",TRUE,Shade,100W,,,,,FGPLTF100WF2,0,,0,deny,manual,30.00,,TRUE,TRUE,840122902727,https://cdn.shopify.com/s/files/1/0314/1143/7703/products/Foundation-100W-SKU_dc8e5700-8cf9-4357-9ccb-57e0c580a3e1.jpg?v=1762283296,1,,,,,,g,,,,,active
liquid-touch-weightless-foundation-1,,,,,,,,,,,,,,,,,,,,,,,,,https://cdn.shopify.com/s/files/1/0314/1143/7703/products/Foundation-110N-SKU_dccdf351-fa03-48da-9462-11b9cc7798a5.jpg?v=1666325564,2,,,,,,,,,,,
liquid-touch-weightless-foundation-1,,,,,,,,,,,,,,,,,,,,,,,,,https://cdn.shopify.com/s/files/1/0314/1143/7703/products/Foundation-120C-SKU_e8e94e9c-44e7-4f5d-9d08-73d3c02a1d8b.jpg?v=1666325564,3,,,,,,,,,,,
liquid-touch-weightless-foundation-1,,,,,,,,,,,,,,,,,,,,,,,,,https://cdn.shopify.com/s/files/1/0314/1143/7703/products/Foundation-130N-SKU_e30039e0-a8ca-4f2a-9917-898cfcfe0ffc.jpg?v=1666325564,4,,,,,,,,,,,
liquid-touch-weightless-foundation-1,,,,,,,,,,,,,,,,,,,,,,,,,https://cdn.shopify.com/s/files/1/0314/1143/7703/products/Foundation-140C-SKU_0a5b505e-301b-4ce9-94a6-851b21f4d4df.jpg?v=1666325564,5,,,,,,,,,,,
liquid-touch-weightless-foundation-1,,,,,,,,,,,,,,,,,,,,,,,,,https://cdn.shopify.com/s/files/1/0314/1143/7703/products/Foundation-150C-SKU_1e2691f9-fa08-4dc0-9946-627800e78e98.jpg?v=1666325564,6,,,,,,,,,,,
liquid-touch-weightless-foundation-1,,,,,,,,,,,,,,,,,,,,,,,,,https://cdn.shopify.com/s/files/1/0314/1143/7703/products/Foundation-160C-SKU_6c79b1ff-719e-48b1-a005-7dde2069fee4.jpg?v=1666325564,7,,,,,,,,,,,
liquid-touch-weightless-foundation-1,,,,,,,,,,,,,,,,,,,,,,,,,https://cdn.shopify.com/s/files/1/0314/1143/7703/products/Foundation-170W-SKU_fcae6e03-5fdc-4e5a-b84a-49909a8b4431.jpg?v=1666325564,8,,,,,,,,,,,
liquid-touch-weightless-foundation-1,,,,,,,,,,,,,,,,,,,,,,,,,https://cdn.shopify.com/s/files/1/0314/1143/7703/products/Foundation-180W-SKU_dea7f012-138c-447a-9978-6fa44778076e.jpg?v=1666325564,9,,,,,,,,,,,
liquid-touch-weightless-foundation-1,,,,,,,,,,,,,,,,,,,,,,,,,https://cdn.shopify.com/s/files/1/0314/1143/7703/products/Foundation-190W-SKU_2e0f2fa4-57a3-41e0-be26-087400ba3865.jpg?v=1666325564,10,,,,,,,,,,,
liquid-touch-weightless-foundation-1,,,,,,,,,,,,,,,,,,,,,,,,,https://cdn.shopify.com/s/files/1/0314/1143/7703/products/Foundation-200C-SKU_5851be9c-d9ad-4a29-b4cf-aba765180622.jpg?v=1666325564,11,,,,,,,,,,,
liquid-touch-weightless-foundation-1,,,,,,,,,,,,,,,,,,,,,,,,,https://cdn.shopify.com/s/files/1/0314/1143/7703/products/Foundation-210N-SKU_61fa06a1-9b5e-4a0a-9c5e-7375b7b915b4.jpg?v=1666325564,12,,,,,,,,,,,
liquid-touch-weightless-foundation-1,,,,,,,,,,,,,,,,,,,,,,,,,https://cdn.shopify.com/s/files/1/0314/1143/7703/products/Foundation-220C-SKU_70f0665e-2337-4127-ace8-4a920bb2c8b0.jpg?v=1666325564,13,,,,,,,,,,,
liquid-touch-weightless-foundation-1,,,,,,,,,,,,,,,,,,,,,,,,,https://cdn.shopify.com/s/files/1/0314/1143/7703/products/Foundation-230N-SKU_69c2a817-201a-4ab2-8e3b-680c98550015.jpg?v=1666325564,14,,,,,,,,,,,
liquid-touch-weightless-foundation-1,,,,,,,,,,,,,,,,,,,,,,,,,https://cdn.shopify.com/s/files/1/0314/1143/7703/products/Foundation-240W-SKU_0e0976a3-3403-46a2-af39-e32e62027b15.jpg?v=1666325564,15,,,,,,,,,,,
liquid-touch-weightless-foundation-1,,,,,,,,,,,,,,,,,,,,,,,,,https://cdn.shopify.com/s/files/1/0314/1143/7703/products/Foundation-250W-SKU_dfcf819e-0d3e-4567-a17e-97d5c2517fc4.jpg?v=1666325564,16,,,,,,,,,,,
liquid-touch-weightless-foundation-1,,,,,,,,,,,,,,,,,,,,,,,,,https://cdn.shopify.com/s/files/1/0314/1143/7703/products/Foundation-260N-SKU_94849aa5-05fa-403e-a3dd-d6d348abd145.jpg?v=1666325564,17,,,,,,,,,,,
liquid-touch-weightless-foundation-1,,,,,,,,,,,,,,,,,,,,,,,,,https://cdn.shopify.com/s/files/1/0314/1143/7703/products/Foundation-270N-SKU_222d0d6c-5fac-4542-94a8-15e6285392f1.jpg?v=1666325564,18,,,,,,,,,,,
liquid-touch-weightless-foundation-1,,,,,,,,,,,,,,,,,,,,,,,,,https://cdn.shopify.com/s/files/1/0314/1143/7703/products/Foundation-280N-SKU_86f421a3-0109-4570-9c63-ed3b54dc6a99.jpg?v=1666325564,19,,,,,,,,,,,
liquid-touch-weightless-foundation-1,,,,,,,,,,,,,,,,,,,,,,,,,https://cdn.shopify.com/s/files/1/0314/1143/7703/products/Foundation-290N-SKU_18b10f94-09a6-43fc-b150-da3b62fb9164.jpg?v=1666325564,20,,,,,,,,,,,
liquid-touch-weightless-foundation-1,,,,,,,,,,,,,,,,,,,,,,,,,https://cdn.shopify.com/s/files/1/0314/1143/7703/products/Foundation-300C-SKU_fc2cd25f-ea1f-4983-919d-a1739ee2d0f4.jpg?v=1666325564,21,,,,,,,,,,,
liquid-touch-weightless-foundation-1,,,,,,,,,,,,,,,,,,,,,,,,,https://cdn.shopify.com/s/files/1/0314/1143/7703/products/Foundation-310W-SKU_dec0e8bb-9fbb-4d31-9298-88ff92f835d3.jpg?v=1666325564,22,,,,,,,,,,,
liquid-touch-weightless-foundation-1,,,,,,,,,,,,,,,,,,,,,,,,,https://cdn.shopify.com/s/files/1/0314/1143/7703/products/Foundation-320W-SKU_cfcdbf44-86c4-4c15-9568-cf9a8ac38929.jpg?v=1666325564,23,,,,,,,,,,,
liquid-touch-weightless-foundation-1,,,,,,,,,,,,,,,,,,,,,,,,,https://cdn.shopify.com/s/files/1/0314/1143/7703/products/Foundation-330N-SKU_16d1e63d-eebd-4e3d-b848-53ec1804a00d.jpg?v=1666325564,24,,,,,,,,,,,
liquid-touch-weightless-foundation-1,,,,,,,,,,,,,,,,,,,,,,,,,https://cdn.shopify.com/s/files/1/0314/1143/7703/products/Foundation-340C-SKU_92346b0c-8e5f-4da0-9a1e-770c8dbb4d22.jpg?v=1666325564,25,,,,,,,,,,,
liquid-touch-weightless-foundation-1,,,,,,,,,,,,,,,,,,,,,,,,,https://cdn.shopify.com/s/files/1/0314/1143/7703/products/Foundation-350C-SKU_f6d511eb-caf5-46e1-a46e-0a990167204d.jpg?v=1666325564,26,,,,,,,,,,,
liquid-touch-weightless-foundation-1,,,,,,,,,,,,,,,,,,,,,,,,,https://cdn.shopify.com/s/files/1/0314/1143/7703/products/Foundation-360W-SKU_79cf724d-c0c4-47d8-920b-5ae7dba45d52.jpg?v=1666325564,27,,,,,,,,,,,
liquid-touch-weightless-foundation-1,,,,,,,,,,,,,,,,,,,,,,,,,https://cdn.shopify.com/s/files/1/0314/1143/7703/products/Foundation-370N-SKU_43e61295-0d3a-4359-a201-c794ea66b073.jpg?v=1666325564,28,,,,,,,,,,,
liquid-touch-weightless-foundation-1,,,,,,,,,,,,,,,,,,,,,,,,,https://cdn.shopify.com/s/files/1/0314/1143/7703/products/Foundation-380W-SKU_77721c58-1153-4316-a7ce-a63da1f5ed62.jpg?v=1666325564,29,,,,,,,,,,,
liquid-touch-weightless-foundation-1,,,,,,,,,,,,,,,,,,,,,,,,,https://cdn.shopify.com/s/files/1/0314/1143/7703/products/Foundation-390C-SKU_0cecc38d-4180-48ae-8c4d-5790aed1ab9a.jpg?v=1666325564,30,,,,,,,,,,,
liquid-touch-weightless-foundation-1,,,,,,,,,,,,,,,,,,,,,,,,,https://cdn.shopify.com/s/files/1/0314/1143/7703/products/Foundation-400W-SKU.jpg?v=1666327732,31,,,,,,,,,,,
liquid-touch-weightless-foundation-1,,,,,,,,,,,,,,,,,,,,,,,,,https://cdn.shopify.com/s/files/1/0314/1143/7703/products/Foundation-410N-SKU_f25ceb2a-d587-4a5f-9f04-ac3342e5b271.jpg?v=1666327732,32,,,,,,,,,,,
liquid-touch-weightless-foundation-1,,,,,,,,,,,,,,,,,,,,,,,,,https://cdn.shopify.com/s/files/1/0314/1143/7703/products/Foundation-420N-SKU_3483f7b5-0197-4452-9c42-b42d8319327f.jpg?v=1666327732,33,,,,,,,,,,,
liquid-touch-weightless-foundation-1,,,,,,,,,,,,,,,,,,,,,,,,,https://cdn.shopify.com/s/files/1/0314/1143/7703/products/Foundation-430W-SKU_8d1120f1-d91f-42db-84d7-b75720332bac.jpg?v=1666327732,34,,,,,,,,,,,
liquid-touch-weightless-foundation-1,,,,,,,,,,,,,,,,,,,,,,,,,https://cdn.shopify.com/s/files/1/0314/1143/7703/products/Foundation-440C-SKU_945f8941-821c-4ea5-b2a4-0b4c6b5de4ad.jpg?v=1666327732,35,,,,,,,,,,,
liquid-touch-weightless-foundation-1,,,,,,,,,,,,,,,,,,,,,,,,,https://cdn.shopify.com/s/files/1/0314/1143/7703/products/Foundation-450N-SKU_433f0519-af1a-4c01-8a51-99b3575e0256.jpg?v=1666327732,36,,,,,,,,,,,
liquid-touch-weightless-foundation-1,,,,,,,,,,,,,,,,,,,,,,,,,https://cdn.shopify.com/s/files/1/0314/1143/7703/products/Foundation-460W-SKU_2e7a9581-c726-4f76-bbea-3f234ba4a523.jpg?v=1666327732,37,,,,,,,,,,,
liquid-touch-weightless-foundation-1,,,,,,,,,,,,,,,,,,,,,,,,,https://cdn.shopify.com/s/files/1/0314/1143/7703/products/Foundation-470C-SKU_ebce355d-047b-4a1c-975d-13ab30508474.jpg?v=1666327732,38,,,,,,,,,,,
liquid-touch-weightless-foundation-1,,,,,,,,,,,,,,,,,,,,,,,,,https://cdn.shopify.com/s/files/1/0314/1143/7703/products/Foundation-480W-SKU_839b158d-b193-400b-9a70-e8863b4aa14f.jpg?v=1666327732,39,,,,,,,,,,,
liquid-touch-weightless-foundation-1,,,,,,,,,,,,,,,,,,,,,,,,,https://cdn.shopify.com/s/files/1/0314/1143/7703/products/Foundation-490C-SKU_41132c60-570f-4d0f-bff4-063fe13c1b5f.jpg?v=1666327732,40,,,,,,,,,,,
liquid-touch-weightless-foundation-1,,,,,,,,,,,,,,,,,,,,,,,,,https://cdn.shopify.com/s/files/1/0314/1143/7703/products/Foundation-500N-SKU_836e2d87-0db4-40cd-96c1-f4073135e6a0.jpg?v=1666327732,41,,,,,,,,,,,
liquid-touch-weightless-foundation-1,,,,,,,,,,,,,,,,,,,,,,,,,https://cdn.shopify.com/s/files/1/0314/1143/7703/products/Foundation-510W-SKU_28073d43-d7ed-47d4-8bce-a7656918ca0c.jpg?v=1666327732,42,,,,,,,,,,,
liquid-touch-weightless-foundation-1,,,,,,,,,,,,,,,,,,,,,,,,,https://cdn.shopify.com/s/files/1/0314/1143/7703/products/Foundation-520W-SKU_2c58ad86-215c-4574-8e0e-2e6631e270f1.jpg?v=1666327732,43,,,,,,,,,,,
liquid-touch-weightless-foundation-1,,,,,,,,,,,,,,,,,,,,,,,,,https://cdn.shopify.com/s/files/1/0314/1143/7703/products/Foundation-530N-SKU_b34ac15f-b3d6-4ccc-9147-7f82531c4343.jpg?v=1666327732,44,,,,,,,,,,,
liquid-touch-weightless-foundation-1,,,,,,,,,,,,,,,,,,,,,,,,,https://cdn.shopify.com/s/files/1/0314/1143/7703/products/Foundation-540C-SKU_381e0a45-6c15-4a2b-a3af-fca0051cfd70.jpg?v=1666327732,45,,,,,,,,,,,
liquid-touch-weightless-foundation-1,,,,,,,,,,,,,,,,,,,,,,,,,https://cdn.shopify.com/s/files/1/0314/1143/7703/products/Foundation-550C-SKU_e995e9cd-fdf7-4c04-bc8a-d00ff1ad61d3.jpg?v=1666327732,46,,,,,,,,,,,
liquid-touch-weightless-foundation-1,,,,,,,,,,,,,,,,,,,,,,,,,https://cdn.shopify.com/s/files/1/0314/1143/7703/products/Foundation-560W-SKU_9408c583-2d47-4cf4-9e0f-d033f23a6968.jpg?v=1666327732,47,,,,,,,,,,,
liquid-touch-weightless-foundation-1,,,,,,,,,,,,,,,,,,,,,,,,,https://cdn.shopify.com/s/files/1/0314/1143/7703/products/Foundation-570N-SKU_52732c5c-9cc5-41b9-a294-b1e9a87a9e4f.jpg?v=1666327732,48,,,,,,,,,,,
liquid-touch-weightless-foundation-1,,,,,,,,,,,,,,,,,,,,,,,,,https://cdn.shopify.com/s/files/1/0314/1143/7703/products/Liquid-Touch-Weightless-Foundation-Arm-Swatch-Fair-Light_905f4208-2d1c-40a0-8ab3-8309afd58ab7.jpg?v=1666327732,49,,,,,,,,,,,
liquid-touch-weightless-foundation-1,,,,,,,,,,,,,,,,,,,,,,,,,https://cdn.shopify.com/s/files/1/0314/1143/7703/products/Liquid-Touch-Weightless-Foundation-Arm-Swatch-Med-Deep_742e4df0-14f8-4ba6-9b47-83d7d9b16a05.jpg?v=1666327732,50,,,,,,,,,,,
liquid-touch-weightless-foundation-1,,,,,,,,,,,,,,,,,,,,,,,,,https://cdn.shopify.com/s/files/1/0314/1143/7703/products/FOUNDATION-DOEFOOT-SKU.jpg?v=1666327732,51,,,,,,,,,,,
liquid-touch-weightless-foundation-1,,"<p><span style=""font-weight: 400;""></span><meta charset=""utf-8""><span data-mce-fragment=""1"">An innovative long-lasting foundation that combines the weightless feel of a serum with buildable medium coverage for truly breathable, layerable wear.</span></p>",Rare Beauty,,Foundation,"Coverage: Medium, Finish: Natural, non-returnable, Shop Sephora, variant-disabled:40242054299783, variant-disabled:43735166419079, variant-disabled:43735166451847, variant-disabled:43735166484615, variant-disabled:43735166517383, variant-disabled:43735166550151, variant-disabled:43735166582919, variant-disabled:43735166615687, variant-disabled:43735166648455, variant-disabled:43735166681223, variant-disabled:43735166713991, variant-disabled:43735166746759, variant-disabled:43735166779527, variant-disabled:43735166812295, variant-disabled:43735166845063, variant-disabled:43735166877831, variant-disabled:43735166910599, variant-disabled:43735166943367, variant-disabled:43735166976135, variant-disabled:43735167008903, variant-disabled:43735167041671, variant-disabled:43735167139975, variant-disabled:43735167172743, variant-disabled:43735167205511, variant-disabled:43735167238279, variant-disabled:43735167271047, variant-disabled:43735167303815, variant-disabled:43735167434887, variant-disabled:43735167500423, variant-disabled:43735167565959, variant-disabled:43735167598727, variant-disabled:43735167631495, variant-disabled:43735167664263, variant-disabled:43735167860871, variant-disabled:43735268032647",TRUE,Shade,110N,,,,,FGPLTF110NF2,0,,0,deny,manual,30.00,,TRUE,TRUE,840122902734,,,,,,,,g,,,,,active
liquid-touch-weightless-foundation-1,,"<p><span style=""font-weight: 400;""></span><meta charset=""utf-8""><span data-mce-fragment=""1"">An innovative long-lasting foundation that combines the weightless feel of a serum with buildable medium coverage for truly breathable, layerable wear.</span></p>",Rare Beauty,,Foundation,"Coverage: Medium, Finish: Natural, non-returnable, Shop Sephora, variant-disabled:40242054299783, variant-disabled:43735166419079, variant-disabled:43735166451847, variant-disabled:43735166484615, variant-disabled:43735166517383, variant-disabled:43735166550151, variant-disabled:43735166582919, variant-disabled:43735166615687, variant-disabled:43735166648455, variant-disabled:43735166681223, variant-disabled:43735166713991, variant-disabled:43735166746759, variant-disabled:43735166779527, variant-disabled:43735166812295, variant-disabled:43735166845063, variant-disabled:43735166877831, variant-disabled:43735166910599, variant-disabled:43735166943367, variant-disabled:43735166976135, variant-disabled:43735167008903, variant-disabled:43735167041671, variant-disabled:43735167139975, variant-disabled:43735167172743, variant-disabled:43735167205511, variant-disabled:43735167238279, variant-disabled:43735167271047, variant-disabled:43735167303815, variant-disabled:43735167434887, variant-disabled:43735167500423, variant-disabled:43735167565959, variant-disabled:43735167598727, variant-disabled:43735167631495, variant-disabled:43735167664263, variant-disabled:43735167860871, variant-disabled:43735268032647",TRUE,Shade,120C,,,,,FGPLTF120CF2,0,,0,deny,manual,30.00,,TRUE,TRUE,840122902741,,,,,,,,g,,,,,active
liquid-touch-weightless-foundation-1,,"<p><span style=""font-weight: 400;""></span><meta charset=""utf-8""><span data-mce-fragment=""1"">An innovative long-lasting foundation that combines the weightless feel of a serum with buildable medium coverage for truly breathable, layerable wear.</span></p>",Rare Beauty,,Foundation,"Coverage: Medium, Finish: Natural, non-returnable, Shop Sephora, variant-disabled:40242054299783, variant-disabled:43735166419079, variant-disabled:43735166451847, variant-disabled:43735166484615, variant-disabled:43735166517383, variant-disabled:43735166550151, variant-disabled:43735166582919, variant-disabled:43735166615687, variant-disabled:43735166648455, variant-disabled:43735166681223, variant-disabled:43735166713991, variant-disabled:43735166746759, variant-disabled:43735166779527, variant-disabled:43735166812295, variant-disabled:43735166845063, variant-disabled:43735166877831, variant-disabled:43735166910599, variant-disabled:43735166943367, variant-disabled:43735166976135, variant-disabled:43735167008903, variant-disabled:43735167041671, variant-disabled:43735167139975, variant-disabled:43735167172743, variant-disabled:43735167205511, variant-disabled:43735167238279, variant-disabled:43735167271047, variant-disabled:43735167303815, variant-disabled:43735167434887, variant-disabled:43735167500423, variant-disabled:43735167565959, variant-disabled:43735167598727, variant-disabled:43735167631495, variant-disabled:43735167664263, variant-disabled:43735167860871, variant-disabled:43735268032647",TRUE,Shade,130N,,,,,FGPLTF130NF2,0,,0,deny,manual,30.00,,TRUE,TRUE,840122902758,,,,,,,,g,,,,,active
liquid-touch-weightless-foundation-1,,"<p><span style=""font-weight: 400;""></span><meta charset=""utf-8""><span data-mce-fragment=""1"">An innovative long-lasting foundation that combines the weightless feel of a serum with buildable medium coverage for truly breathable, layerable wear.</span></p>",Rare Beauty,,Foundation,"Coverage: Medium, Finish: Natural, non-returnable, Shop Sephora, variant-disabled:40242054299783, variant-disabled:43735166419079, variant-disabled:43735166451847, variant-disabled:43735166484615, variant-disabled:43735166517383, variant-disabled:43735166550151, variant-disabled:43735166582919, variant-disabled:43735166615687, variant-disabled:43735166648455, variant-disabled:43735166681223, variant-disabled:43735166713991, variant-disabled:43735166746759, variant-disabled:43735166779527, variant-disabled:43735166812295, variant-disabled:43735166845063, variant-disabled:43735166877831, variant-disabled:43735166910599, variant-disabled:43735166943367, variant-disabled:43735166976135, variant-disabled:43735167008903, variant-disabled:43735167041671, variant-disabled:43735167139975, variant-disabled:43735167172743, variant-disabled:43735167205511, variant-disabled:43735167238279, variant-disabled:43735167271047, variant-disabled:43735167303815, variant-disabled:43735167434887, variant-disabled:43735167500423, variant-disabled:43735167565959, variant-disabled:43735167598727, variant-disabled:43735167631495, variant-disabled:43735167664263, variant-disabled:43735167860871, variant-disabled:43735268032647",TRUE,Shade,140C,,,,,FGPLTF140CF2,0,,0,deny,manual,30.00,,TRUE,TRUE,840122902765,,,,,,,,g,,,,,active
liquid-touch-weightless-foundation-1,,"<p><span style=""font-weight: 400;""></span><meta charset=""utf-8""><span data-mce-fragment=""1"">An innovative long-lasting foundation that combines the weightless feel of a serum with buildable medium coverage for truly breathable, layerable wear.</span></p>",Rare Beauty,,Foundation,"Coverage: Medium, Finish: Natural, non-returnable, Shop Sephora, variant-disabled:40242054299783, variant-disabled:43735166419079, variant-disabled:43735166451847, variant-disabled:43735166484615, variant-disabled:43735166517383, variant-disabled:43735166550151, variant-disabled:43735166582919, variant-disabled:43735166615687, variant-disabled:43735166648455, variant-disabled:43735166681223, variant-disabled:43735166713991, variant-disabled:43735166746759, variant-disabled:43735166779527, variant-disabled:43735166812295, variant-disabled:43735166845063, variant-disabled:43735166877831, variant-disabled:43735166910599, variant-disabled:43735166943367, variant-disabled:43735166976135, variant-disabled:43735167008903, variant-disabled:43735167041671, variant-disabled:43735167139975, variant-disabled:43735167172743, variant-disabled:43735167205511, variant-disabled:43735167238279, variant-disabled:43735167271047, variant-disabled:43735167303815, variant-disabled:43735167434887, variant-disabled:43735167500423, variant-disabled:43735167565959, variant-disabled:43735167598727, variant-disabled:43735167631495, variant-disabled:43735167664263, variant-disabled:43735167860871, variant-disabled:43735268032647",TRUE,Shade,150C,,,,,FGPLTF150CF2,0,,0,deny,manual,30.00,,TRUE,TRUE,840122902772,,,,,,,,g,,,,,active
liquid-touch-weightless-foundation-1,,"<p><span style=""font-weight: 400;""></span><meta charset=""utf-8""><span data-mce-fragment=""1"">An innovative long-lasting foundation that combines the weightless feel of a serum with buildable medium coverage for truly breathable, layerable wear.</span></p>",Rare Beauty,,Foundation,"Coverage: Medium, Finish: Natural, non-returnable, Shop Sephora, variant-disabled:40242054299783, variant-disabled:43735166419079, variant-disabled:43735166451847, variant-disabled:43735166484615, variant-disabled:43735166517383, variant-disabled:43735166550151, variant-disabled:43735166582919, variant-disabled:43735166615687, variant-disabled:43735166648455, variant-disabled:43735166681223, variant-disabled:43735166713991, variant-disabled:43735166746759, variant-disabled:43735166779527, variant-disabled:43735166812295, variant-disabled:43735166845063, variant-disabled:43735166877831, variant-disabled:43735166910599, variant-disabled:43735166943367, variant-disabled:43735166976135, variant-disabled:43735167008903, variant-disabled:43735167041671, variant-disabled:43735167139975, variant-disabled:43735167172743, variant-disabled:43735167205511, variant-disabled:43735167238279, variant-disabled:43735167271047, variant-disabled:43735167303815, variant-disabled:43735167434887, variant-disabled:43735167500423, variant-disabled:43735167565959, variant-disabled:43735167598727, variant-disabled:43735167631495, variant-disabled:43735167664263, variant-disabled:43735167860871, variant-disabled:43735268032647",TRUE,Shade,190W,,,,,FGPLTF190WF2,0,,0,deny,manual,30.00,,TRUE,TRUE,840122902819,,,,,,,,g,,,,,active
liquid-touch-weightless-foundation-1,,"<p><span style=""font-weight: 400;""></span><meta charset=""utf-8""><span data-mce-fragment=""1"">An innovative long-lasting foundation that combines the weightless feel of a serum with buildable medium coverage for truly breathable, layerable wear.</span></p>",Rare Beauty,,Foundation,"Coverage: Medium, Finish: Natural, non-returnable, Shop Sephora, variant-disabled:40242054299783, variant-disabled:43735166419079, variant-disabled:43735166451847, variant-disabled:43735166484615, variant-disabled:43735166517383, variant-disabled:43735166550151, variant-disabled:43735166582919, variant-disabled:43735166615687, variant-disabled:43735166648455, variant-disabled:43735166681223, variant-disabled:43735166713991, variant-disabled:43735166746759, variant-disabled:43735166779527, variant-disabled:43735166812295, variant-disabled:43735166845063, variant-disabled:43735166877831, variant-disabled:43735166910599, variant-disabled:43735166943367, variant-disabled:43735166976135, variant-disabled:43735167008903, variant-disabled:43735167041671, variant-disabled:43735167139975, variant-disabled:43735167172743, variant-disabled:43735167205511, variant-disabled:43735167238279, variant-disabled:43735167271047, variant-disabled:43735167303815, variant-disabled:43735167434887, variant-disabled:43735167500423, variant-disabled:43735167565959, variant-disabled:43735167598727, variant-disabled:43735167631495, variant-disabled:43735167664263, variant-disabled:43735167860871, variant-disabled:43735268032647",TRUE,Shade,160C,,,,,FGPLTF160CF3,0,,0,deny,manual,30.00,,TRUE,TRUE,840122902789,,,,,,,,g,,,,,active
liquid-touch-weightless-foundation-1,,"<p><span style=""font-weight: 400;""></span><meta charset=""utf-8""><span data-mce-fragment=""1"">An innovative long-lasting foundation that combines the weightless feel of a serum with buildable medium coverage for truly breathable, layerable wear.</span></p>",Rare Beauty,,Foundation,"Coverage: Medium, Finish: Natural, non-returnable, Shop Sephora, variant-disabled:40242054299783, variant-disabled:43735166419079, variant-disabled:43735166451847, variant-disabled:43735166484615, variant-disabled:43735166517383, variant-disabled:43735166550151, variant-disabled:43735166582919, variant-disabled:43735166615687, variant-disabled:43735166648455, variant-disabled:43735166681223, variant-disabled:43735166713991, variant-disabled:43735166746759, variant-disabled:43735166779527, variant-disabled:43735166812295, variant-disabled:43735166845063, variant-disabled:43735166877831, variant-disabled:43735166910599, variant-disabled:43735166943367, variant-disabled:43735166976135, variant-disabled:43735167008903, variant-disabled:43735167041671, variant-disabled:43735167139975, variant-disabled:43735167172743, variant-disabled:43735167205511, variant-disabled:43735167238279, variant-disabled:43735167271047, variant-disabled:43735167303815, variant-disabled:43735167434887, variant-disabled:43735167500423, variant-disabled:43735167565959, variant-disabled:43735167598727, variant-disabled:43735167631495, variant-disabled:43735167664263, variant-disabled:43735167860871, variant-disabled:43735268032647",TRUE,Shade,170W,,,,,FGPLTF170WF2,0,,0,deny,manual,30.00,,TRUE,TRUE,840122902796,,,,,,,,g,,,,,active
liquid-touch-weightless-foundation-1,,"<p><span style=""font-weight: 400;""></span><meta charset=""utf-8""><span data-mce-fragment=""1"">An innovative long-lasting foundation that combines the weightless feel of a serum with buildable medium coverage for truly breathable, layerable wear.</span></p>",Rare Beauty,,Foundation,"Coverage: Medium, Finish: Natural, non-returnable, Shop Sephora, variant-disabled:40242054299783, variant-disabled:43735166419079, variant-disabled:43735166451847, variant-disabled:43735166484615, variant-disabled:43735166517383, variant-disabled:43735166550151, variant-disabled:43735166582919, variant-disabled:43735166615687, variant-disabled:43735166648455, variant-disabled:43735166681223, variant-disabled:43735166713991, variant-disabled:43735166746759, variant-disabled:43735166779527, variant-disabled:43735166812295, variant-disabled:43735166845063, variant-disabled:43735166877831, variant-disabled:43735166910599, variant-disabled:43735166943367, variant-disabled:43735166976135, variant-disabled:43735167008903, variant-disabled:43735167041671, variant-disabled:43735167139975, variant-disabled:43735167172743, variant-disabled:43735167205511, variant-disabled:43735167238279, variant-disabled:43735167271047, variant-disabled:43735167303815, variant-disabled:43735167434887, variant-disabled:43735167500423, variant-disabled:43735167565959, variant-disabled:43735167598727, variant-disabled:43735167631495, variant-disabled:43735167664263, variant-disabled:43735167860871, variant-disabled:43735268032647",TRUE,Shade,180W,,,,,FGPLTF180WF2,0,,0,deny,manual,30.00,,TRUE,TRUE,840122902802,,,,,,,,g,,,,,active
liquid-touch-weightless-foundation-1,,"<p><span style=""font-weight: 400;""></span><meta charset=""utf-8""><span data-mce-fragment=""1"">An innovative long-lasting foundation that combines the weightless feel of a serum with buildable medium coverage for truly breathable, layerable wear.</span></p>",Rare Beauty,,Foundation,"Coverage: Medium, Finish: Natural, non-returnable, Shop Sephora, variant-disabled:40242054299783, variant-disabled:43735166419079, variant-disabled:43735166451847, variant-disabled:43735166484615, variant-disabled:43735166517383, variant-disabled:43735166550151, variant-disabled:43735166582919, variant-disabled:43735166615687, variant-disabled:43735166648455, variant-disabled:43735166681223, variant-disabled:43735166713991, variant-disabled:43735166746759, variant-disabled:43735166779527, variant-disabled:43735166812295, variant-disabled:43735166845063, variant-disabled:43735166877831, variant-disabled:43735166910599, variant-disabled:43735166943367, variant-disabled:43735166976135, variant-disabled:43735167008903, variant-disabled:43735167041671, variant-disabled:43735167139975, variant-disabled:43735167172743, variant-disabled:43735167205511, variant-disabled:43735167238279, variant-disabled:43735167271047, variant-disabled:43735167303815, variant-disabled:43735167434887, variant-disabled:43735167500423, variant-disabled:43735167565959, variant-disabled:43735167598727, variant-disabled:43735167631495, variant-disabled:43735167664263, variant-disabled:43735167860871, variant-disabled:43735268032647",TRUE,Shade,200C,,,,,FGPLTF200CF2,0,,0,deny,manual,30.00,,TRUE,TRUE,840122902826,,,,,,,,g,,,,,active
liquid-touch-weightless-foundation-1,,"<p><span style=""font-weight: 400;""></span><meta charset=""utf-8""><span data-mce-fragment=""1"">An innovative long-lasting foundation that combines the weightless feel of a serum with buildable medium coverage for truly breathable, layerable wear.</span></p>",Rare Beauty,,Foundation,"Coverage: Medium, Finish: Natural, non-returnable, Shop Sephora, variant-disabled:40242054299783, variant-disabled:43735166419079, variant-disabled:43735166451847, variant-disabled:43735166484615, variant-disabled:43735166517383, variant-disabled:43735166550151, variant-disabled:43735166582919, variant-disabled:43735166615687, variant-disabled:43735166648455, variant-disabled:43735166681223, variant-disabled:43735166713991, variant-disabled:43735166746759, variant-disabled:43735166779527, variant-disabled:43735166812295, variant-disabled:43735166845063, variant-disabled:43735166877831, variant-disabled:43735166910599, variant-disabled:43735166943367, variant-disabled:43735166976135, variant-disabled:43735167008903, variant-disabled:43735167041671, variant-disabled:43735167139975, variant-disabled:43735167172743, variant-disabled:43735167205511, variant-disabled:43735167238279, variant-disabled:43735167271047, variant-disabled:43735167303815, variant-disabled:43735167434887, variant-disabled:43735167500423, variant-disabled:43735167565959, variant-disabled:43735167598727, variant-disabled:43735167631495, variant-disabled:43735167664263, variant-disabled:43735167860871, variant-disabled:43735268032647",TRUE,Shade,210N,,,,,FGPLTF210NF2,0,,0,deny,manual,30.00,,TRUE,TRUE,840122902833,,,,,,,,g,,,,,active
liquid-touch-weightless-foundation-1,,"<p><span style=""font-weight: 400;""></span><meta charset=""utf-8""><span data-mce-fragment=""1"">An innovative long-lasting foundation that combines the weightless feel of a serum with buildable medium coverage for truly breathable, layerable wear.</span></p>",Rare Beauty,,Foundation,"Coverage: Medium, Finish: Natural, non-returnable, Shop Sephora, variant-disabled:40242054299783, variant-disabled:43735166419079, variant-disabled:43735166451847, variant-disabled:43735166484615, variant-disabled:43735166517383, variant-disabled:43735166550151, variant-disabled:43735166582919, variant-disabled:43735166615687, variant-disabled:43735166648455, variant-disabled:43735166681223, variant-disabled:43735166713991, variant-disabled:43735166746759, variant-disabled:43735166779527, variant-disabled:43735166812295, variant-disabled:43735166845063, variant-disabled:43735166877831, variant-disabled:43735166910599, variant-disabled:43735166943367, variant-disabled:43735166976135, variant-disabled:43735167008903, variant-disabled:43735167041671, variant-disabled:43735167139975, variant-disabled:43735167172743, variant-disabled:43735167205511, variant-disabled:43735167238279, variant-disabled:43735167271047, variant-disabled:43735167303815, variant-disabled:43735167434887, variant-disabled:43735167500423, variant-disabled:43735167565959, variant-disabled:43735167598727, variant-disabled:43735167631495, variant-disabled:43735167664263, variant-disabled:43735167860871, variant-disabled:43735268032647",TRUE,Shade,220C,,,,,FGPLTF220CF1,0,,0,deny,manual,30.00,,TRUE,TRUE,840122900563,,,,,,,,g,,,,,active
liquid-touch-weightless-foundation-1,,"<p><span style=""font-weight: 400;""></span><meta charset=""utf-8""><span data-mce-fragment=""1"">An innovative long-lasting foundation that combines the weightless feel of a serum with buildable medium coverage for truly breathable, layerable wear.</span></p>",Rare Beauty,,Foundation,"Coverage: Medium, Finish: Natural, non-returnable, Shop Sephora, variant-disabled:40242054299783, variant-disabled:43735166419079, variant-disabled:43735166451847, variant-disabled:43735166484615, variant-disabled:43735166517383, variant-disabled:43735166550151, variant-disabled:43735166582919, variant-disabled:43735166615687, variant-disabled:43735166648455, variant-disabled:43735166681223, variant-disabled:43735166713991, variant-disabled:43735166746759, variant-disabled:43735166779527, variant-disabled:43735166812295, variant-disabled:43735166845063, variant-disabled:43735166877831, variant-disabled:43735166910599, variant-disabled:43735166943367, variant-disabled:43735166976135, variant-disabled:43735167008903, variant-disabled:43735167041671, variant-disabled:43735167139975, variant-disabled:43735167172743, variant-disabled:43735167205511, variant-disabled:43735167238279, variant-disabled:43735167271047, variant-disabled:43735167303815, variant-disabled:43735167434887, variant-disabled:43735167500423, variant-disabled:43735167565959, variant-disabled:43735167598727, variant-disabled:43735167631495, variant-disabled:43735167664263, variant-disabled:43735167860871, variant-disabled:43735268032647",TRUE,Shade,230N,,,,,FGPLTF230NF2,0,,0,deny,manual,30.00,,TRUE,TRUE,840122902857,,,,,,,,g,,,,,active
liquid-touch-weightless-foundation-1,,"<p><span style=""font-weight: 400;""></span><meta charset=""utf-8""><span data-mce-fragment=""1"">An innovative long-lasting foundation that combines the weightless feel of a serum with buildable medium coverage for truly breathable, layerable wear.</span></p>",Rare Beauty,,Foundation,"Coverage: Medium, Finish: Natural, non-returnable, Shop Sephora, variant-disabled:40242054299783, variant-disabled:43735166419079, variant-disabled:43735166451847, variant-disabled:43735166484615, variant-disabled:43735166517383, variant-disabled:43735166550151, variant-disabled:43735166582919, variant-disabled:43735166615687, variant-disabled:43735166648455, variant-disabled:43735166681223, variant-disabled:43735166713991, variant-disabled:43735166746759, variant-disabled:43735166779527, variant-disabled:43735166812295, variant-disabled:43735166845063, variant-disabled:43735166877831, variant-disabled:43735166910599, variant-disabled:43735166943367, variant-disabled:43735166976135, variant-disabled:43735167008903, variant-disabled:43735167041671, variant-disabled:43735167139975, variant-disabled:43735167172743, variant-disabled:43735167205511, variant-disabled:43735167238279, variant-disabled:43735167271047, variant-disabled:43735167303815, variant-disabled:43735167434887, variant-disabled:43735167500423, variant-disabled:43735167565959, variant-disabled:43735167598727, variant-disabled:43735167631495, variant-disabled:43735167664263, variant-disabled:43735167860871, variant-disabled:43735268032647",TRUE,Shade,240W,,,,,FGPLTF240WF2,0,,0,deny,manual,30.00,,TRUE,TRUE,840122902864,,,,,,,,g,,,,,active
liquid-touch-weightless-foundation-1,,"<p><span style=""font-weight: 400;""></span><meta charset=""utf-8""><span data-mce-fragment=""1"">An innovative long-lasting foundation that combines the weightless feel of a serum with buildable medium coverage for truly breathable, layerable wear.</span></p>",Rare Beauty,,Foundation,"Coverage: Medium, Finish: Natural, non-returnable, Shop Sephora, variant-disabled:40242054299783, variant-disabled:43735166419079, variant-disabled:43735166451847, variant-disabled:43735166484615, variant-disabled:43735166517383, variant-disabled:43735166550151, variant-disabled:43735166582919, variant-disabled:43735166615687, variant-disabled:43735166648455, variant-disabled:43735166681223, variant-disabled:43735166713991, variant-disabled:43735166746759, variant-disabled:43735166779527, variant-disabled:43735166812295, variant-disabled:43735166845063, variant-disabled:43735166877831, variant-disabled:43735166910599, variant-disabled:43735166943367, variant-disabled:43735166976135, variant-disabled:43735167008903, variant-disabled:43735167041671, variant-disabled:43735167139975, variant-disabled:43735167172743, variant-disabled:43735167205511, variant-disabled:43735167238279, variant-disabled:43735167271047, variant-disabled:43735167303815, variant-disabled:43735167434887, variant-disabled:43735167500423, variant-disabled:43735167565959, variant-disabled:43735167598727, variant-disabled:43735167631495, variant-disabled:43735167664263, variant-disabled:43735167860871, variant-disabled:43735268032647",TRUE,Shade,250W,,,,,FGPLTF250WF2,0,,0,deny,manual,30.00,,TRUE,TRUE,840122902871,,,,,,,,g,,,,,active
liquid-touch-weightless-foundation-1,,"<p><span style=""font-weight: 400;""></span><meta charset=""utf-8""><span data-mce-fragment=""1"">An innovative long-lasting foundation that combines the weightless feel of a serum with buildable medium coverage for truly breathable, layerable wear.</span></p>",Rare Beauty,,Foundation,"Coverage: Medium, Finish: Natural, non-returnable, Shop Sephora, variant-disabled:40242054299783, variant-disabled:43735166419079, variant-disabled:43735166451847, variant-disabled:43735166484615, variant-disabled:43735166517383, variant-disabled:43735166550151, variant-disabled:43735166582919, variant-disabled:43735166615687, variant-disabled:43735166648455, variant-disabled:43735166681223, variant-disabled:43735166713991, variant-disabled:43735166746759, variant-disabled:43735166779527, variant-disabled:43735166812295, variant-disabled:43735166845063, variant-disabled:43735166877831, variant-disabled:43735166910599, variant-disabled:43735166943367, variant-disabled:43735166976135, variant-disabled:43735167008903, variant-disabled:43735167041671, variant-disabled:43735167139975, variant-disabled:43735167172743, variant-disabled:43735167205511, variant-disabled:43735167238279, variant-disabled:43735167271047, variant-disabled:43735167303815, variant-disabled:43735167434887, variant-disabled:43735167500423, variant-disabled:43735167565959, variant-disabled:43735167598727, variant-disabled:43735167631495, variant-disabled:43735167664263, variant-disabled:43735167860871, variant-disabled:43735268032647",TRUE,Shade,260N,,,,,FGPLTF260NF1,0,,0,deny,manual,30.00,,TRUE,TRUE,840122900600,,,,,,,,g,,,,,active
liquid-touch-weightless-foundation-1,,"<p><span style=""font-weight: 400;""></span><meta charset=""utf-8""><span data-mce-fragment=""1"">An innovative long-lasting foundation that combines the weightless feel of a serum with buildable medium coverage for truly breathable, layerable wear.</span></p>",Rare Beauty,,Foundation,"Coverage: Medium, Finish: Natural, non-returnable, Shop Sephora, variant-disabled:40242054299783, variant-disabled:43735166419079, variant-disabled:43735166451847, variant-disabled:43735166484615, variant-disabled:43735166517383, variant-disabled:43735166550151, variant-disabled:43735166582919, variant-disabled:43735166615687, variant-disabled:43735166648455, variant-disabled:43735166681223, variant-disabled:43735166713991, variant-disabled:43735166746759, variant-disabled:43735166779527, variant-disabled:43735166812295, variant-disabled:43735166845063, variant-disabled:43735166877831, variant-disabled:43735166910599, variant-disabled:43735166943367, variant-disabled:43735166976135, variant-disabled:43735167008903, variant-disabled:43735167041671, variant-disabled:43735167139975, variant-disabled:43735167172743, variant-disabled:43735167205511, variant-disabled:43735167238279, variant-disabled:43735167271047, variant-disabled:43735167303815, variant-disabled:43735167434887, variant-disabled:43735167500423, variant-disabled:43735167565959, variant-disabled:43735167598727, variant-disabled:43735167631495, variant-disabled:43735167664263, variant-disabled:43735167860871, variant-disabled:43735268032647",TRUE,Shade,270N,,,,,FGPLTF270NF3,0,,0,deny,manual,30.00,,TRUE,TRUE,840122902895,,,,,,,,g,,,,,active
liquid-touch-weightless-foundation-1,,"<p><span style=""font-weight: 400;""></span><meta charset=""utf-8""><span data-mce-fragment=""1"">An innovative long-lasting foundation that combines the weightless feel of a serum with buildable medium coverage for truly breathable, layerable wear.</span></p>",Rare Beauty,,Foundation,"Coverage: Medium, Finish: Natural, non-returnable, Shop Sephora, variant-disabled:40242054299783, variant-disabled:43735166419079, variant-disabled:43735166451847, variant-disabled:43735166484615, variant-disabled:43735166517383, variant-disabled:43735166550151, variant-disabled:43735166582919, variant-disabled:43735166615687, variant-disabled:43735166648455, variant-disabled:43735166681223, variant-disabled:43735166713991, variant-disabled:43735166746759, variant-disabled:43735166779527, variant-disabled:43735166812295, variant-disabled:43735166845063, variant-disabled:43735166877831, variant-disabled:43735166910599, variant-disabled:43735166943367, variant-disabled:43735166976135, variant-disabled:43735167008903, variant-disabled:43735167041671, variant-disabled:43735167139975, variant-disabled:43735167172743, variant-disabled:43735167205511, variant-disabled:43735167238279, variant-disabled:43735167271047, variant-disabled:43735167303815, variant-disabled:43735167434887, variant-disabled:43735167500423, variant-disabled:43735167565959, variant-disabled:43735167598727, variant-disabled:43735167631495, variant-disabled:43735167664263, variant-disabled:43735167860871, variant-disabled:43735268032647",TRUE,Shade,280N,,,,,FGPLTF280NF2,0,,0,deny,manual,30.00,,TRUE,TRUE,840122902901,,,,,,,,g,,,,,active
liquid-touch-weightless-foundation-1,,"<p><span style=""font-weight: 400;""></span><meta charset=""utf-8""><span data-mce-fragment=""1"">An innovative long-lasting foundation that combines the weightless feel of a serum with buildable medium coverage for truly breathable, layerable wear.</span></p>",Rare Beauty,,Foundation,"Coverage: Medium, Finish: Natural, non-returnable, Shop Sephora, variant-disabled:40242054299783, variant-disabled:43735166419079, variant-disabled:43735166451847, variant-disabled:43735166484615, variant-disabled:43735166517383, variant-disabled:43735166550151, variant-disabled:43735166582919, variant-disabled:43735166615687, variant-disabled:43735166648455, variant-disabled:43735166681223, variant-disabled:43735166713991, variant-disabled:43735166746759, variant-disabled:43735166779527, variant-disabled:43735166812295, variant-disabled:43735166845063, variant-disabled:43735166877831, variant-disabled:43735166910599, variant-disabled:43735166943367, variant-disabled:43735166976135, variant-disabled:43735167008903, variant-disabled:43735167041671, variant-disabled:43735167139975, variant-disabled:43735167172743, variant-disabled:43735167205511, variant-disabled:43735167238279, variant-disabled:43735167271047, variant-disabled:43735167303815, variant-disabled:43735167434887, variant-disabled:43735167500423, variant-disabled:43735167565959, variant-disabled:43735167598727, variant-disabled:43735167631495, variant-disabled:43735167664263, variant-disabled:43735167860871, variant-disabled:43735268032647",TRUE,Shade,290N,,,,,FGPLTF290NF3,0,,0,deny,manual,30.00,,TRUE,TRUE,840122902918,,,,,,,,g,,,,,active
liquid-touch-weightless-foundation-1,,"<p><span style=""font-weight: 400;""></span><meta charset=""utf-8""><span data-mce-fragment=""1"">An innovative long-lasting foundation that combines the weightless feel of a serum with buildable medium coverage for truly breathable, layerable wear.</span></p>",Rare Beauty,,Foundation,"Coverage: Medium, Finish: Natural, non-returnable, Shop Sephora, variant-disabled:40242054299783, variant-disabled:43735166419079, variant-disabled:43735166451847, variant-disabled:43735166484615, variant-disabled:43735166517383, variant-disabled:43735166550151, variant-disabled:43735166582919, variant-disabled:43735166615687, variant-disabled:43735166648455, variant-disabled:43735166681223, variant-disabled:43735166713991, variant-disabled:43735166746759, variant-disabled:43735166779527, variant-disabled:43735166812295, variant-disabled:43735166845063, variant-disabled:43735166877831, variant-disabled:43735166910599, variant-disabled:43735166943367, variant-disabled:43735166976135, variant-disabled:43735167008903, variant-disabled:43735167041671, variant-disabled:43735167139975, variant-disabled:43735167172743, variant-disabled:43735167205511, variant-disabled:43735167238279, variant-disabled:43735167271047, variant-disabled:43735167303815, variant-disabled:43735167434887, variant-disabled:43735167500423, variant-disabled:43735167565959, variant-disabled:43735167598727, variant-disabled:43735167631495, variant-disabled:43735167664263, variant-disabled:43735167860871, variant-disabled:43735268032647",TRUE,Shade,300C,,,,,FGPLTF300CF3,0,,0,deny,manual,30.00,,TRUE,TRUE,840122902925,,,,,,,,g,,,,,active
liquid-touch-weightless-foundation-1,,"<p><span style=""font-weight: 400;""></span><meta charset=""utf-8""><span data-mce-fragment=""1"">An innovative long-lasting foundation that combines the weightless feel of a serum with buildable medium coverage for truly breathable, layerable wear.</span></p>",Rare Beauty,,Foundation,"Coverage: Medium, Finish: Natural, non-returnable, Shop Sephora, variant-disabled:40242054299783, variant-disabled:43735166419079, variant-disabled:43735166451847, variant-disabled:43735166484615, variant-disabled:43735166517383, variant-disabled:43735166550151, variant-disabled:43735166582919, variant-disabled:43735166615687, variant-disabled:43735166648455, variant-disabled:43735166681223, variant-disabled:43735166713991, variant-disabled:43735166746759, variant-disabled:43735166779527, variant-disabled:43735166812295, variant-disabled:43735166845063, variant-disabled:43735166877831, variant-disabled:43735166910599, variant-disabled:43735166943367, variant-disabled:43735166976135, variant-disabled:43735167008903, variant-disabled:43735167041671, variant-disabled:43735167139975, variant-disabled:43735167172743, variant-disabled:43735167205511, variant-disabled:43735167238279, variant-disabled:43735167271047, variant-disabled:43735167303815, variant-disabled:43735167434887, variant-disabled:43735167500423, variant-disabled:43735167565959, variant-disabled:43735167598727, variant-disabled:43735167631495, variant-disabled:43735167664263, variant-disabled:43735167860871, variant-disabled:43735268032647",TRUE,Shade,310W,,,,,FGPLTF310WF3,0,,0,deny,manual,30.00,,TRUE,TRUE,840122902932,,,,,,,,g,,,,,active
liquid-touch-weightless-foundation-1,,"<p><span style=""font-weight: 400;""></span><meta charset=""utf-8""><span data-mce-fragment=""1"">An innovative long-lasting foundation that combines the weightless feel of a serum with buildable medium coverage for truly breathable, layerable wear.</span></p>",Rare Beauty,,Foundation,"Coverage: Medium, Finish: Natural, non-returnable, Shop Sephora, variant-disabled:40242054299783, variant-disabled:43735166419079, variant-disabled:43735166451847, variant-disabled:43735166484615, variant-disabled:43735166517383, variant-disabled:43735166550151, variant-disabled:43735166582919, variant-disabled:43735166615687, variant-disabled:43735166648455, variant-disabled:43735166681223, variant-disabled:43735166713991, variant-disabled:43735166746759, variant-disabled:43735166779527, variant-disabled:43735166812295, variant-disabled:43735166845063, variant-disabled:43735166877831, variant-disabled:43735166910599, variant-disabled:43735166943367, variant-disabled:43735166976135, variant-disabled:43735167008903, variant-disabled:43735167041671, variant-disabled:43735167139975, variant-disabled:43735167172743, variant-disabled:43735167205511, variant-disabled:43735167238279, variant-disabled:43735167271047, variant-disabled:43735167303815, variant-disabled:43735167434887, variant-disabled:43735167500423, variant-disabled:43735167565959, variant-disabled:43735167598727, variant-disabled:43735167631495, variant-disabled:43735167664263, variant-disabled:43735167860871, variant-disabled:43735268032647",TRUE,Shade,320W,,,,,FGPLTF320WF3,0,,0,deny,manual,30.00,,TRUE,TRUE,840122902949,,,,,,,,g,,,,,active
liquid-touch-weightless-foundation-1,,"<p><span style=""font-weight: 400;""></span><meta charset=""utf-8""><span data-mce-fragment=""1"">An innovative long-lasting foundation that combines the weightless feel of a serum with buildable medium coverage for truly breathable, layerable wear.</span></p>",Rare Beauty,,Foundation,"Coverage: Medium, Finish: Natural, non-returnable, Shop Sephora, variant-disabled:40242054299783, variant-disabled:43735166419079, variant-disabled:43735166451847, variant-disabled:43735166484615, variant-disabled:43735166517383, variant-disabled:43735166550151, variant-disabled:43735166582919, variant-disabled:43735166615687, variant-disabled:43735166648455, variant-disabled:43735166681223, variant-disabled:43735166713991, variant-disabled:43735166746759, variant-disabled:43735166779527, variant-disabled:43735166812295, variant-disabled:43735166845063, variant-disabled:43735166877831, variant-disabled:43735166910599, variant-disabled:43735166943367, variant-disabled:43735166976135, variant-disabled:43735167008903, variant-disabled:43735167041671, variant-disabled:43735167139975, variant-disabled:43735167172743, variant-disabled:43735167205511, variant-disabled:43735167238279, variant-disabled:43735167271047, variant-disabled:43735167303815, variant-disabled:43735167434887, variant-disabled:43735167500423, variant-disabled:43735167565959, variant-disabled:43735167598727, variant-disabled:43735167631495, variant-disabled:43735167664263, variant-disabled:43735167860871, variant-disabled:43735268032647",TRUE,Shade,330N,,,,,FGPLTF330NF1,0,,0,deny,manual,30.00,,TRUE,TRUE,840122900679,,,,,,,,g,,,,,active
liquid-touch-weightless-foundation-1,,"<p><span style=""font-weight: 400;""></span><meta charset=""utf-8""><span data-mce-fragment=""1"">An innovative long-lasting foundation that combines the weightless feel of a serum with buildable medium coverage for truly breathable, layerable wear.</span></p>",Rare Beauty,,Foundation,"Coverage: Medium, Finish: Natural, non-returnable, Shop Sephora, variant-disabled:40242054299783, variant-disabled:43735166419079, variant-disabled:43735166451847, variant-disabled:43735166484615, variant-disabled:43735166517383, variant-disabled:43735166550151, variant-disabled:43735166582919, variant-disabled:43735166615687, variant-disabled:43735166648455, variant-disabled:43735166681223, variant-disabled:43735166713991, variant-disabled:43735166746759, variant-disabled:43735166779527, variant-disabled:43735166812295, variant-disabled:43735166845063, variant-disabled:43735166877831, variant-disabled:43735166910599, variant-disabled:43735166943367, variant-disabled:43735166976135, variant-disabled:43735167008903, variant-disabled:43735167041671, variant-disabled:43735167139975, variant-disabled:43735167172743, variant-disabled:43735167205511, variant-disabled:43735167238279, variant-disabled:43735167271047, variant-disabled:43735167303815, variant-disabled:43735167434887, variant-disabled:43735167500423, variant-disabled:43735167565959, variant-disabled:43735167598727, variant-disabled:43735167631495, variant-disabled:43735167664263, variant-disabled:43735167860871, variant-disabled:43735268032647",TRUE,Shade,340C,,,,,FGPLTF340CF1,0,,0,deny,manual,30.00,,TRUE,TRUE,840122900686,,,,,,,,g,,,,,active
liquid-touch-weightless-foundation-1,,"<p><span style=""font-weight: 400;""></span><meta charset=""utf-8""><span data-mce-fragment=""1"">An innovative long-lasting foundation that combines the weightless feel of a serum with buildable medium coverage for truly breathable, layerable wear.</span></p>",Rare Beauty,,Foundation,"Coverage: Medium, Finish: Natural, non-returnable, Shop Sephora, variant-disabled:40242054299783, variant-disabled:43735166419079, variant-disabled:43735166451847, variant-disabled:43735166484615, variant-disabled:43735166517383, variant-disabled:43735166550151, variant-disabled:43735166582919, variant-disabled:43735166615687, variant-disabled:43735166648455, variant-disabled:43735166681223, variant-disabled:43735166713991, variant-disabled:43735166746759, variant-disabled:43735166779527, variant-disabled:43735166812295, variant-disabled:43735166845063, variant-disabled:43735166877831, variant-disabled:43735166910599, variant-disabled:43735166943367, variant-disabled:43735166976135, variant-disabled:43735167008903, variant-disabled:43735167041671, variant-disabled:43735167139975, variant-disabled:43735167172743, variant-disabled:43735167205511, variant-disabled:43735167238279, variant-disabled:43735167271047, variant-disabled:43735167303815, variant-disabled:43735167434887, variant-disabled:43735167500423, variant-disabled:43735167565959, variant-disabled:43735167598727, variant-disabled:43735167631495, variant-disabled:43735167664263, variant-disabled:43735167860871, variant-disabled:43735268032647",TRUE,Shade,350C,,,,,FGPLTF350CF1,0,,0,deny,manual,30.00,,TRUE,TRUE,840122900693,,,,,,,,g,,,,,active
liquid-touch-weightless-foundation-1,,"<p><span style=""font-weight: 400;""></span><meta charset=""utf-8""><span data-mce-fragment=""1"">An innovative long-lasting foundation that combines the weightless feel of a serum with buildable medium coverage for truly breathable, layerable wear.</span></p>",Rare Beauty,,Foundation,"Coverage: Medium, Finish: Natural, non-returnable, Shop Sephora, variant-disabled:40242054299783, variant-disabled:43735166419079, variant-disabled:43735166451847, variant-disabled:43735166484615, variant-disabled:43735166517383, variant-disabled:43735166550151, variant-disabled:43735166582919, variant-disabled:43735166615687, variant-disabled:43735166648455, variant-disabled:43735166681223, variant-disabled:43735166713991, variant-disabled:43735166746759, variant-disabled:43735166779527, variant-disabled:43735166812295, variant-disabled:43735166845063, variant-disabled:43735166877831, variant-disabled:43735166910599, variant-disabled:43735166943367, variant-disabled:43735166976135, variant-disabled:43735167008903, variant-disabled:43735167041671, variant-disabled:43735167139975, variant-disabled:43735167172743, variant-disabled:43735167205511, variant-disabled:43735167238279, variant-disabled:43735167271047, variant-disabled:43735167303815, variant-disabled:43735167434887, variant-disabled:43735167500423, variant-disabled:43735167565959, variant-disabled:43735167598727, variant-disabled:43735167631495, variant-disabled:43735167664263, variant-disabled:43735167860871, variant-disabled:43735268032647",TRUE,Shade,360W,,,,,FGPLTF360WF1,0,,0,deny,manual,30.00,,TRUE,TRUE,840122900709,,,,,,,,g,,,,,active
liquid-touch-weightless-foundation-1,,"<p><span style=""font-weight: 400;""></span><meta charset=""utf-8""><span data-mce-fragment=""1"">An innovative long-lasting foundation that combines the weightless feel of a serum with buildable medium coverage for truly breathable, layerable wear.</span></p>",Rare Beauty,,Foundation,"Coverage: Medium, Finish: Natural, non-returnable, Shop Sephora, variant-disabled:40242054299783, variant-disabled:43735166419079, variant-disabled:43735166451847, variant-disabled:43735166484615, variant-disabled:43735166517383, variant-disabled:43735166550151, variant-disabled:43735166582919, variant-disabled:43735166615687, variant-disabled:43735166648455, variant-disabled:43735166681223, variant-disabled:43735166713991, variant-disabled:43735166746759, variant-disabled:43735166779527, variant-disabled:43735166812295, variant-disabled:43735166845063, variant-disabled:43735166877831, variant-disabled:43735166910599, variant-disabled:43735166943367, variant-disabled:43735166976135, variant-disabled:43735167008903, variant-disabled:43735167041671, variant-disabled:43735167139975, variant-disabled:43735167172743, variant-disabled:43735167205511, variant-disabled:43735167238279, variant-disabled:43735167271047, variant-disabled:43735167303815, variant-disabled:43735167434887, variant-disabled:43735167500423, variant-disabled:43735167565959, variant-disabled:43735167598727, variant-disabled:43735167631495, variant-disabled:43735167664263, variant-disabled:43735167860871, variant-disabled:43735268032647",TRUE,Shade,370N,,,,,FGPLTF370NF1,0,,0,deny,manual,30.00,,TRUE,TRUE,840122900716,,,,,,,,g,,,,,active
liquid-touch-weightless-foundation-1,,"<p><span style=""font-weight: 400;""></span><meta charset=""utf-8""><span data-mce-fragment=""1"">An innovative long-lasting foundation that combines the weightless feel of a serum with buildable medium coverage for truly breathable, layerable wear.</span></p>",Rare Beauty,,Foundation,"Coverage: Medium, Finish: Natural, non-returnable, Shop Sephora, variant-disabled:40242054299783, variant-disabled:43735166419079, variant-disabled:43735166451847, variant-disabled:43735166484615, variant-disabled:43735166517383, variant-disabled:43735166550151, variant-disabled:43735166582919, variant-disabled:43735166615687, variant-disabled:43735166648455, variant-disabled:43735166681223, variant-disabled:43735166713991, variant-disabled:43735166746759, variant-disabled:43735166779527, variant-disabled:43735166812295, variant-disabled:43735166845063, variant-disabled:43735166877831, variant-disabled:43735166910599, variant-disabled:43735166943367, variant-disabled:43735166976135, variant-disabled:43735167008903, variant-disabled:43735167041671, variant-disabled:43735167139975, variant-disabled:43735167172743, variant-disabled:43735167205511, variant-disabled:43735167238279, variant-disabled:43735167271047, variant-disabled:43735167303815, variant-disabled:43735167434887, variant-disabled:43735167500423, variant-disabled:43735167565959, variant-disabled:43735167598727, variant-disabled:43735167631495, variant-disabled:43735167664263, variant-disabled:43735167860871, variant-disabled:43735268032647",TRUE,Shade,380W,,,,,FGPLTF380WF3,0,,0,deny,manual,30.00,,TRUE,TRUE,840122903007,,,,,,,,g,,,,,active
liquid-touch-weightless-foundation-1,,"<p><span style=""font-weight: 400;""></span><meta charset=""utf-8""><span data-mce-fragment=""1"">An innovative long-lasting foundation that combines the weightless feel of a serum with buildable medium coverage for truly breathable, layerable wear.</span></p>",Rare Beauty,,Foundation,"Coverage: Medium, Finish: Natural, non-returnable, Shop Sephora, variant-disabled:40242054299783, variant-disabled:43735166419079, variant-disabled:43735166451847, variant-disabled:43735166484615, variant-disabled:43735166517383, variant-disabled:43735166550151, variant-disabled:43735166582919, variant-disabled:43735166615687, variant-disabled:43735166648455, variant-disabled:43735166681223, variant-disabled:43735166713991, variant-disabled:43735166746759, variant-disabled:43735166779527, variant-disabled:43735166812295, variant-disabled:43735166845063, variant-disabled:43735166877831, variant-disabled:43735166910599, variant-disabled:43735166943367, variant-disabled:43735166976135, variant-disabled:43735167008903, variant-disabled:43735167041671, variant-disabled:43735167139975, variant-disabled:43735167172743, variant-disabled:43735167205511, variant-disabled:43735167238279, variant-disabled:43735167271047, variant-disabled:43735167303815, variant-disabled:43735167434887, variant-disabled:43735167500423, variant-disabled:43735167565959, variant-disabled:43735167598727, variant-disabled:43735167631495, variant-disabled:43735167664263, variant-disabled:43735167860871, variant-disabled:43735268032647",TRUE,Shade,390C,,,,,FGPLTF390CF3,0,,0,deny,manual,30.00,,TRUE,TRUE,840122903014,,,,,,,,g,,,,,active
liquid-touch-weightless-foundation-1,,"<p><span style=""font-weight: 400;""></span><meta charset=""utf-8""><span data-mce-fragment=""1"">An innovative long-lasting foundation that combines the weightless feel of a serum with buildable medium coverage for truly breathable, layerable wear.</span></p>",Rare Beauty,,Foundation,"Coverage: Medium, Finish: Natural, non-returnable, Shop Sephora, variant-disabled:40242054299783, variant-disabled:43735166419079, variant-disabled:43735166451847, variant-disabled:43735166484615, variant-disabled:43735166517383, variant-disabled:43735166550151, variant-disabled:43735166582919, variant-disabled:43735166615687, variant-disabled:43735166648455, variant-disabled:43735166681223, variant-disabled:43735166713991, variant-disabled:43735166746759, variant-disabled:43735166779527, variant-disabled:43735166812295, variant-disabled:43735166845063, variant-disabled:43735166877831, variant-disabled:43735166910599, variant-disabled:43735166943367, variant-disabled:43735166976135, variant-disabled:43735167008903, variant-disabled:43735167041671, variant-disabled:43735167139975, variant-disabled:43735167172743, variant-disabled:43735167205511, variant-disabled:43735167238279, variant-disabled:43735167271047, variant-disabled:43735167303815, variant-disabled:43735167434887, variant-disabled:43735167500423, variant-disabled:43735167565959, variant-disabled:43735167598727, variant-disabled:43735167631495, variant-disabled:43735167664263, variant-disabled:43735167860871, variant-disabled:43735268032647",TRUE,Shade,400W,,,,,FGPLTF400WF1,0,,0,deny,manual,30.00,,TRUE,TRUE,840122900747,,,,,,,,g,,,,,active
liquid-touch-weightless-foundation-1,,"<p><span style=""font-weight: 400;""></span><meta charset=""utf-8""><span data-mce-fragment=""1"">An innovative long-lasting foundation that combines the weightless feel of a serum with buildable medium coverage for truly breathable, layerable wear.</span></p>",Rare Beauty,,Foundation,"Coverage: Medium, Finish: Natural, non-returnable, Shop Sephora, variant-disabled:40242054299783, variant-disabled:43735166419079, variant-disabled:43735166451847, variant-disabled:43735166484615, variant-disabled:43735166517383, variant-disabled:43735166550151, variant-disabled:43735166582919, variant-disabled:43735166615687, variant-disabled:43735166648455, variant-disabled:43735166681223, variant-disabled:43735166713991, variant-disabled:43735166746759, variant-disabled:43735166779527, variant-disabled:43735166812295, variant-disabled:43735166845063, variant-disabled:43735166877831, variant-disabled:43735166910599, variant-disabled:43735166943367, variant-disabled:43735166976135, variant-disabled:43735167008903, variant-disabled:43735167041671, variant-disabled:43735167139975, variant-disabled:43735167172743, variant-disabled:43735167205511, variant-disabled:43735167238279, variant-disabled:43735167271047, variant-disabled:43735167303815, variant-disabled:43735167434887, variant-disabled:43735167500423, variant-disabled:43735167565959, variant-disabled:43735167598727, variant-disabled:43735167631495, variant-disabled:43735167664263, variant-disabled:43735167860871, variant-disabled:43735268032647",TRUE,Shade,410N,,,,,FGPLTF410NF1,0,,0,deny,manual,30.00,,TRUE,TRUE,840122900754,,,,,,,,g,,,,,active
liquid-touch-weightless-foundation-1,,"<p><span style=""font-weight: 400;""></span><meta charset=""utf-8""><span data-mce-fragment=""1"">An innovative long-lasting foundation that combines the weightless feel of a serum with buildable medium coverage for truly breathable, layerable wear.</span></p>",Rare Beauty,,Foundation,"Coverage: Medium, Finish: Natural, non-returnable, Shop Sephora, variant-disabled:40242054299783, variant-disabled:43735166419079, variant-disabled:43735166451847, variant-disabled:43735166484615, variant-disabled:43735166517383, variant-disabled:43735166550151, variant-disabled:43735166582919, variant-disabled:43735166615687, variant-disabled:43735166648455, variant-disabled:43735166681223, variant-disabled:43735166713991, variant-disabled:43735166746759, variant-disabled:43735166779527, variant-disabled:43735166812295, variant-disabled:43735166845063, variant-disabled:43735166877831, variant-disabled:43735166910599, variant-disabled:43735166943367, variant-disabled:43735166976135, variant-disabled:43735167008903, variant-disabled:43735167041671, variant-disabled:43735167139975, variant-disabled:43735167172743, variant-disabled:43735167205511, variant-disabled:43735167238279, variant-disabled:43735167271047, variant-disabled:43735167303815, variant-disabled:43735167434887, variant-disabled:43735167500423, variant-disabled:43735167565959, variant-disabled:43735167598727, variant-disabled:43735167631495, variant-disabled:43735167664263, variant-disabled:43735167860871, variant-disabled:43735268032647",TRUE,Shade,420N,,,,,FGPLTF420NF1,0,,0,deny,manual,30.00,,TRUE,TRUE,840122900761,,,,,,,,g,,,,,active
liquid-touch-weightless-foundation-1,,"<p><span style=""font-weight: 400;""></span><meta charset=""utf-8""><span data-mce-fragment=""1"">An innovative long-lasting foundation that combines the weightless feel of a serum with buildable medium coverage for truly breathable, layerable wear.</span></p>",Rare Beauty,,Foundation,"Coverage: Medium, Finish: Natural, non-returnable, Shop Sephora, variant-disabled:40242054299783, variant-disabled:43735166419079, variant-disabled:43735166451847, variant-disabled:43735166484615, variant-disabled:43735166517383, variant-disabled:43735166550151, variant-disabled:43735166582919, variant-disabled:43735166615687, variant-disabled:43735166648455, variant-disabled:43735166681223, variant-disabled:43735166713991, variant-disabled:43735166746759, variant-disabled:43735166779527, variant-disabled:43735166812295, variant-disabled:43735166845063, variant-disabled:43735166877831, variant-disabled:43735166910599, variant-disabled:43735166943367, variant-disabled:43735166976135, variant-disabled:43735167008903, variant-disabled:43735167041671, variant-disabled:43735167139975, variant-disabled:43735167172743, variant-disabled:43735167205511, variant-disabled:43735167238279, variant-disabled:43735167271047, variant-disabled:43735167303815, variant-disabled:43735167434887, variant-disabled:43735167500423, variant-disabled:43735167565959, variant-disabled:43735167598727, variant-disabled:43735167631495, variant-disabled:43735167664263, variant-disabled:43735167860871, variant-disabled:43735268032647",TRUE,Shade,430W,,,,,FGPLTF430WF1,0,,0,deny,manual,30.00,,TRUE,TRUE,840122900778,,,,,,,,g,,,,,active
liquid-touch-weightless-foundation-1,,"<p><span style=""font-weight: 400;""></span><meta charset=""utf-8""><span data-mce-fragment=""1"">An innovative long-lasting foundation that combines the weightless feel of a serum with buildable medium coverage for truly breathable, layerable wear.</span></p>",Rare Beauty,,Foundation,"Coverage: Medium, Finish: Natural, non-returnable, Shop Sephora, variant-disabled:40242054299783, variant-disabled:43735166419079, variant-disabled:43735166451847, variant-disabled:43735166484615, variant-disabled:43735166517383, variant-disabled:43735166550151, variant-disabled:43735166582919, variant-disabled:43735166615687, variant-disabled:43735166648455, variant-disabled:43735166681223, variant-disabled:43735166713991, variant-disabled:43735166746759, variant-disabled:43735166779527, variant-disabled:43735166812295, variant-disabled:43735166845063, variant-disabled:43735166877831, variant-disabled:43735166910599, variant-disabled:43735166943367, variant-disabled:43735166976135, variant-disabled:43735167008903, variant-disabled:43735167041671, variant-disabled:43735167139975, variant-disabled:43735167172743, variant-disabled:43735167205511, variant-disabled:43735167238279, variant-disabled:43735167271047, variant-disabled:43735167303815, variant-disabled:43735167434887, variant-disabled:43735167500423, variant-disabled:43735167565959, variant-disabled:43735167598727, variant-disabled:43735167631495, variant-disabled:43735167664263, variant-disabled:43735167860871, variant-disabled:43735268032647",TRUE,Shade,440C,,,,,FGPLTF440CF1,0,,0,deny,manual,30.00,,TRUE,TRUE,840122900785,,,,,,,,g,,,,,active
liquid-touch-weightless-foundation-1,,"<p><span style=""font-weight: 400;""></span><meta charset=""utf-8""><span data-mce-fragment=""1"">An innovative long-lasting foundation that combines the weightless feel of a serum with buildable medium coverage for truly breathable, layerable wear.</span></p>",Rare Beauty,,Foundation,"Coverage: Medium, Finish: Natural, non-returnable, Shop Sephora, variant-disabled:40242054299783, variant-disabled:43735166419079, variant-disabled:43735166451847, variant-disabled:43735166484615, variant-disabled:43735166517383, variant-disabled:43735166550151, variant-disabled:43735166582919, variant-disabled:43735166615687, variant-disabled:43735166648455, variant-disabled:43735166681223, variant-disabled:43735166713991, variant-disabled:43735166746759, variant-disabled:43735166779527, variant-disabled:43735166812295, variant-disabled:43735166845063, variant-disabled:43735166877831, variant-disabled:43735166910599, variant-disabled:43735166943367, variant-disabled:43735166976135, variant-disabled:43735167008903, variant-disabled:43735167041671, variant-disabled:43735167139975, variant-disabled:43735167172743, variant-disabled:43735167205511, variant-disabled:43735167238279, variant-disabled:43735167271047, variant-disabled:43735167303815, variant-disabled:43735167434887, variant-disabled:43735167500423, variant-disabled:43735167565959, variant-disabled:43735167598727, variant-disabled:43735167631495, variant-disabled:43735167664263, variant-disabled:43735167860871, variant-disabled:43735268032647",TRUE,Shade,450N,,,,,FGPLTF450NF1,0,,0,deny,manual,30.00,,TRUE,TRUE,840122900792,,,,,,,,g,,,,,active
liquid-touch-weightless-foundation-1,,"<p><span style=""font-weight: 400;""></span><meta charset=""utf-8""><span data-mce-fragment=""1"">An innovative long-lasting foundation that combines the weightless feel of a serum with buildable medium coverage for truly breathable, layerable wear.</span></p>",Rare Beauty,,Foundation,"Coverage: Medium, Finish: Natural, non-returnable, Shop Sephora, variant-disabled:40242054299783, variant-disabled:43735166419079, variant-disabled:43735166451847, variant-disabled:43735166484615, variant-disabled:43735166517383, variant-disabled:43735166550151, variant-disabled:43735166582919, variant-disabled:43735166615687, variant-disabled:43735166648455, variant-disabled:43735166681223, variant-disabled:43735166713991, variant-disabled:43735166746759, variant-disabled:43735166779527, variant-disabled:43735166812295, variant-disabled:43735166845063, variant-disabled:43735166877831, variant-disabled:43735166910599, variant-disabled:43735166943367, variant-disabled:43735166976135, variant-disabled:43735167008903, variant-disabled:43735167041671, variant-disabled:43735167139975, variant-disabled:43735167172743, variant-disabled:43735167205511, variant-disabled:43735167238279, variant-disabled:43735167271047, variant-disabled:43735167303815, variant-disabled:43735167434887, variant-disabled:43735167500423, variant-disabled:43735167565959, variant-disabled:43735167598727, variant-disabled:43735167631495, variant-disabled:43735167664263, variant-disabled:43735167860871, variant-disabled:43735268032647",TRUE,Shade,460W,,,,,FGPLTF460WF3,0,,0,deny,manual,30.00,,TRUE,TRUE,840122903083,,,,,,,,g,,,,,active
liquid-touch-weightless-foundation-1,,"<p><span style=""font-weight: 400;""></span><meta charset=""utf-8""><span data-mce-fragment=""1"">An innovative long-lasting foundation that combines the weightless feel of a serum with buildable medium coverage for truly breathable, layerable wear.</span></p>",Rare Beauty,,Foundation,"Coverage: Medium, Finish: Natural, non-returnable, Shop Sephora, variant-disabled:40242054299783, variant-disabled:43735166419079, variant-disabled:43735166451847, variant-disabled:43735166484615, variant-disabled:43735166517383, variant-disabled:43735166550151, variant-disabled:43735166582919, variant-disabled:43735166615687, variant-disabled:43735166648455, variant-disabled:43735166681223, variant-disabled:43735166713991, variant-disabled:43735166746759, variant-disabled:43735166779527, variant-disabled:43735166812295, variant-disabled:43735166845063, variant-disabled:43735166877831, variant-disabled:43735166910599, variant-disabled:43735166943367, variant-disabled:43735166976135, variant-disabled:43735167008903, variant-disabled:43735167041671, variant-disabled:43735167139975, variant-disabled:43735167172743, variant-disabled:43735167205511, variant-disabled:43735167238279, variant-disabled:43735167271047, variant-disabled:43735167303815, variant-disabled:43735167434887, variant-disabled:43735167500423, variant-disabled:43735167565959, variant-disabled:43735167598727, variant-disabled:43735167631495, variant-disabled:43735167664263, variant-disabled:43735167860871, variant-disabled:43735268032647",TRUE,Shade,480W,,,,,FGPLTF480WF3,0,,0,deny,manual,30.00,,TRUE,TRUE,840122903106,,,,,,,,g,,,,,active
liquid-touch-weightless-foundation-1,,"<p><span style=""font-weight: 400;""></span><meta charset=""utf-8""><span data-mce-fragment=""1"">An innovative long-lasting foundation that combines the weightless feel of a serum with buildable medium coverage for truly breathable, layerable wear.</span></p>",Rare Beauty,,Foundation,"Coverage: Medium, Finish: Natural, non-returnable, Shop Sephora, variant-disabled:40242054299783, variant-disabled:43735166419079, variant-disabled:43735166451847, variant-disabled:43735166484615, variant-disabled:43735166517383, variant-disabled:43735166550151, variant-disabled:43735166582919, variant-disabled:43735166615687, variant-disabled:43735166648455, variant-disabled:43735166681223, variant-disabled:43735166713991, variant-disabled:43735166746759, variant-disabled:43735166779527, variant-disabled:43735166812295, variant-disabled:43735166845063, variant-disabled:43735166877831, variant-disabled:43735166910599, variant-disabled:43735166943367, variant-disabled:43735166976135, variant-disabled:43735167008903, variant-disabled:43735167041671, variant-disabled:43735167139975, variant-disabled:43735167172743, variant-disabled:43735167205511, variant-disabled:43735167238279, variant-disabled:43735167271047, variant-disabled:43735167303815, variant-disabled:43735167434887, variant-disabled:43735167500423, variant-disabled:43735167565959, variant-disabled:43735167598727, variant-disabled:43735167631495, variant-disabled:43735167664263, variant-disabled:43735167860871, variant-disabled:43735268032647",TRUE,Shade,470C,,,,,FGPLTF470CF1,0,,0,deny,manual,30.00,,TRUE,TRUE,840122900815,,,,,,,,g,,,,,active
liquid-touch-weightless-foundation-1,,"<p><span style=""font-weight: 400;""></span><meta charset=""utf-8""><span data-mce-fragment=""1"">An innovative long-lasting foundation that combines the weightless feel of a serum with buildable medium coverage for truly breathable, layerable wear.</span></p>",Rare Beauty,,Foundation,"Coverage: Medium, Finish: Natural, non-returnable, Shop Sephora, variant-disabled:40242054299783, variant-disabled:43735166419079, variant-disabled:43735166451847, variant-disabled:43735166484615, variant-disabled:43735166517383, variant-disabled:43735166550151, variant-disabled:43735166582919, variant-disabled:43735166615687, variant-disabled:43735166648455, variant-disabled:43735166681223, variant-disabled:43735166713991, variant-disabled:43735166746759, variant-disabled:43735166779527, variant-disabled:43735166812295, variant-disabled:43735166845063, variant-disabled:43735166877831, variant-disabled:43735166910599, variant-disabled:43735166943367, variant-disabled:43735166976135, variant-disabled:43735167008903, variant-disabled:43735167041671, variant-disabled:43735167139975, variant-disabled:43735167172743, variant-disabled:43735167205511, variant-disabled:43735167238279, variant-disabled:43735167271047, variant-disabled:43735167303815, variant-disabled:43735167434887, variant-disabled:43735167500423, variant-disabled:43735167565959, variant-disabled:43735167598727, variant-disabled:43735167631495, variant-disabled:43735167664263, variant-disabled:43735167860871, variant-disabled:43735268032647",TRUE,Shade,490C,,,,,FGPLTF490CF1,0,,0,deny,manual,30.00,,TRUE,TRUE,840122900839,,,,,,,,g,,,,,active
liquid-touch-weightless-foundation-1,,"<p><span style=""font-weight: 400;""></span><meta charset=""utf-8""><span data-mce-fragment=""1"">An innovative long-lasting foundation that combines the weightless feel of a serum with buildable medium coverage for truly breathable, layerable wear.</span></p>",Rare Beauty,,Foundation,"Coverage: Medium, Finish: Natural, non-returnable, Shop Sephora, variant-disabled:40242054299783, variant-disabled:43735166419079, variant-disabled:43735166451847, variant-disabled:43735166484615, variant-disabled:43735166517383, variant-disabled:43735166550151, variant-disabled:43735166582919, variant-disabled:43735166615687, variant-disabled:43735166648455, variant-disabled:43735166681223, variant-disabled:43735166713991, variant-disabled:43735166746759, variant-disabled:43735166779527, variant-disabled:43735166812295, variant-disabled:43735166845063, variant-disabled:43735166877831, variant-disabled:43735166910599, variant-disabled:43735166943367, variant-disabled:43735166976135, variant-disabled:43735167008903, variant-disabled:43735167041671, variant-disabled:43735167139975, variant-disabled:43735167172743, variant-disabled:43735167205511, variant-disabled:43735167238279, variant-disabled:43735167271047, variant-disabled:43735167303815, variant-disabled:43735167434887, variant-disabled:43735167500423, variant-disabled:43735167565959, variant-disabled:43735167598727, variant-disabled:43735167631495, variant-disabled:43735167664263, variant-disabled:43735167860871, variant-disabled:43735268032647",TRUE,Shade,500N,,,,,FGPLTF500NF1,0,,0,deny,manual,30.00,,TRUE,TRUE,840122900846,,,,,,,,g,,,,,active
liquid-touch-weightless-foundation-1,,"<p><span style=""font-weight: 400;""></span><meta charset=""utf-8""><span data-mce-fragment=""1"">An innovative long-lasting foundation that combines the weightless feel of a serum with buildable medium coverage for truly breathable, layerable wear.</span></p>",Rare Beauty,,Foundation,"Coverage: Medium, Finish: Natural, non-returnable, Shop Sephora, variant-disabled:40242054299783, variant-disabled:43735166419079, variant-disabled:43735166451847, variant-disabled:43735166484615, variant-disabled:43735166517383, variant-disabled:43735166550151, variant-disabled:43735166582919, variant-disabled:43735166615687, variant-disabled:43735166648455, variant-disabled:43735166681223, variant-disabled:43735166713991, variant-disabled:43735166746759, variant-disabled:43735166779527, variant-disabled:43735166812295, variant-disabled:43735166845063, variant-disabled:43735166877831, variant-disabled:43735166910599, variant-disabled:43735166943367, variant-disabled:43735166976135, variant-disabled:43735167008903, variant-disabled:43735167041671, variant-disabled:43735167139975, variant-disabled:43735167172743, variant-disabled:43735167205511, variant-disabled:43735167238279, variant-disabled:43735167271047, variant-disabled:43735167303815, variant-disabled:43735167434887, variant-disabled:43735167500423, variant-disabled:43735167565959, variant-disabled:43735167598727, variant-disabled:43735167631495, variant-disabled:43735167664263, variant-disabled:43735167860871, variant-disabled:43735268032647",TRUE,Shade,510W,,,,,FGPLTF510WF1,0,,0,deny,manual,30.00,,TRUE,TRUE,840122900853,,,,,,,,g,,,,,active
liquid-touch-weightless-foundation-1,,"<p><span style=""font-weight: 400;""></span><meta charset=""utf-8""><span data-mce-fragment=""1"">An innovative long-lasting foundation that combines the weightless feel of a serum with buildable medium coverage for truly breathable, layerable wear.</span></p>",Rare Beauty,,Foundation,"Coverage: Medium, Finish: Natural, non-returnable, Shop Sephora, variant-disabled:40242054299783, variant-disabled:43735166419079, variant-disabled:43735166451847, variant-disabled:43735166484615, variant-disabled:43735166517383, variant-disabled:43735166550151, variant-disabled:43735166582919, variant-disabled:43735166615687, variant-disabled:43735166648455, variant-disabled:43735166681223, variant-disabled:43735166713991, variant-disabled:43735166746759, variant-disabled:43735166779527, variant-disabled:43735166812295, variant-disabled:43735166845063, variant-disabled:43735166877831, variant-disabled:43735166910599, variant-disabled:43735166943367, variant-disabled:43735166976135, variant-disabled:43735167008903, variant-disabled:43735167041671, variant-disabled:43735167139975, variant-disabled:43735167172743, variant-disabled:43735167205511, variant-disabled:43735167238279, variant-disabled:43735167271047, variant-disabled:43735167303815, variant-disabled:43735167434887, variant-disabled:43735167500423, variant-disabled:43735167565959, variant-disabled:43735167598727, variant-disabled:43735167631495, variant-disabled:43735167664263, variant-disabled:43735167860871, variant-disabled:43735268032647",TRUE,Shade,520W,,,,,FGPLTF520WF3,0,,0,deny,manual,30.00,,TRUE,TRUE,840122903144,,,,,,,,g,,,,,active
liquid-touch-weightless-foundation-1,,"<p><span style=""font-weight: 400;""></span><meta charset=""utf-8""><span data-mce-fragment=""1"">An innovative long-lasting foundation that combines the weightless feel of a serum with buildable medium coverage for truly breathable, layerable wear.</span></p>",Rare Beauty,,Foundation,"Coverage: Medium, Finish: Natural, non-returnable, Shop Sephora, variant-disabled:40242054299783, variant-disabled:43735166419079, variant-disabled:43735166451847, variant-disabled:43735166484615, variant-disabled:43735166517383, variant-disabled:43735166550151, variant-disabled:43735166582919, variant-disabled:43735166615687, variant-disabled:43735166648455, variant-disabled:43735166681223, variant-disabled:43735166713991, variant-disabled:43735166746759, variant-disabled:43735166779527, variant-disabled:43735166812295, variant-disabled:43735166845063, variant-disabled:43735166877831, variant-disabled:43735166910599, variant-disabled:43735166943367, variant-disabled:43735166976135, variant-disabled:43735167008903, variant-disabled:43735167041671, variant-disabled:43735167139975, variant-disabled:43735167172743, variant-disabled:43735167205511, variant-disabled:43735167238279, variant-disabled:43735167271047, variant-disabled:43735167303815, variant-disabled:43735167434887, variant-disabled:43735167500423, variant-disabled:43735167565959, variant-disabled:43735167598727, variant-disabled:43735167631495, variant-disabled:43735167664263, variant-disabled:43735167860871, variant-disabled:43735268032647",TRUE,Shade,530N,,,,,FGPLTF530NF1,0,,0,deny,manual,30.00,,TRUE,TRUE,840122900877,,,,,,,,g,,,,,active
liquid-touch-weightless-foundation-1,,"<p><span style=""font-weight: 400;""></span><meta charset=""utf-8""><span data-mce-fragment=""1"">An innovative long-lasting foundation that combines the weightless feel of a serum with buildable medium coverage for truly breathable, layerable wear.</span></p>",Rare Beauty,,Foundation,"Coverage: Medium, Finish: Natural, non-returnable, Shop Sephora, variant-disabled:40242054299783, variant-disabled:43735166419079, variant-disabled:43735166451847, variant-disabled:43735166484615, variant-disabled:43735166517383, variant-disabled:43735166550151, variant-disabled:43735166582919, variant-disabled:43735166615687, variant-disabled:43735166648455, variant-disabled:43735166681223, variant-disabled:43735166713991, variant-disabled:43735166746759, variant-disabled:43735166779527, variant-disabled:43735166812295, variant-disabled:43735166845063, variant-disabled:43735166877831, variant-disabled:43735166910599, variant-disabled:43735166943367, variant-disabled:43735166976135, variant-disabled:43735167008903, variant-disabled:43735167041671, variant-disabled:43735167139975, variant-disabled:43735167172743, variant-disabled:43735167205511, variant-disabled:43735167238279, variant-disabled:43735167271047, variant-disabled:43735167303815, variant-disabled:43735167434887, variant-disabled:43735167500423, variant-disabled:43735167565959, variant-disabled:43735167598727, variant-disabled:43735167631495, variant-disabled:43735167664263, variant-disabled:43735167860871, variant-disabled:43735268032647",TRUE,Shade,540C,,,,,FGPLTF540CF1,0,,0,deny,manual,30.00,,TRUE,TRUE,840122900884,,,,,,,,g,,,,,active
liquid-touch-weightless-foundation-1,,"<p><span style=""font-weight: 400;""></span><meta charset=""utf-8""><span data-mce-fragment=""1"">An innovative long-lasting foundation that combines the weightless feel of a serum with buildable medium coverage for truly breathable, layerable wear.</span></p>",Rare Beauty,,Foundation,"Coverage: Medium, Finish: Natural, non-returnable, Shop Sephora, variant-disabled:40242054299783, variant-disabled:43735166419079, variant-disabled:43735166451847, variant-disabled:43735166484615, variant-disabled:43735166517383, variant-disabled:43735166550151, variant-disabled:43735166582919, variant-disabled:43735166615687, variant-disabled:43735166648455, variant-disabled:43735166681223, variant-disabled:43735166713991, variant-disabled:43735166746759, variant-disabled:43735166779527, variant-disabled:43735166812295, variant-disabled:43735166845063, variant-disabled:43735166877831, variant-disabled:43735166910599, variant-disabled:43735166943367, variant-disabled:43735166976135, variant-disabled:43735167008903, variant-disabled:43735167041671, variant-disabled:43735167139975, variant-disabled:43735167172743, variant-disabled:43735167205511, variant-disabled:43735167238279, variant-disabled:43735167271047, variant-disabled:43735167303815, variant-disabled:43735167434887, variant-disabled:43735167500423, variant-disabled:43735167565959, variant-disabled:43735167598727, variant-disabled:43735167631495, variant-disabled:43735167664263, variant-disabled:43735167860871, variant-disabled:43735268032647",TRUE,Shade,550C,,,,,FGPLTF550CF1,91,,0,deny,manual,30.00,,TRUE,TRUE,840122900891,,,,,,,,g,,,,,active
liquid-touch-weightless-foundation-1,,"<p><span style=""font-weight: 400;""></span><meta charset=""utf-8""><span data-mce-fragment=""1"">An innovative long-lasting foundation that combines the weightless feel of a serum with buildable medium coverage for truly breathable, layerable wear.</span></p>",Rare Beauty,,Foundation,"Coverage: Medium, Finish: Natural, non-returnable, Shop Sephora, variant-disabled:40242054299783, variant-disabled:43735166419079, variant-disabled:43735166451847, variant-disabled:43735166484615, variant-disabled:43735166517383, variant-disabled:43735166550151, variant-disabled:43735166582919, variant-disabled:43735166615687, variant-disabled:43735166648455, variant-disabled:43735166681223, variant-disabled:43735166713991, variant-disabled:43735166746759, variant-disabled:43735166779527, variant-disabled:43735166812295, variant-disabled:43735166845063, variant-disabled:43735166877831, variant-disabled:43735166910599, variant-disabled:43735166943367, variant-disabled:43735166976135, variant-disabled:43735167008903, variant-disabled:43735167041671, variant-disabled:43735167139975, variant-disabled:43735167172743, variant-disabled:43735167205511, variant-disabled:43735167238279, variant-disabled:43735167271047, variant-disabled:43735167303815, variant-disabled:43735167434887, variant-disabled:43735167500423, variant-disabled:43735167565959, variant-disabled:43735167598727, variant-disabled:43735167631495, variant-disabled:43735167664263, variant-disabled:43735167860871, variant-disabled:43735268032647",TRUE,Shade,560W,,,,,FGPLTF560WF3,0,,0,deny,manual,30.00,,TRUE,TRUE,840122903182,,,,,,,,g,,,,,active
liquid-touch-weightless-foundation-1,,"<p><span style=""font-weight: 400;""></span><meta charset=""utf-8""><span data-mce-fragment=""1"">An innovative long-lasting foundation that combines the weightless feel of a serum with buildable medium coverage for truly breathable, layerable wear.</span></p>",Rare Beauty,,Foundation,"Coverage: Medium, Finish: Natural, non-returnable, Shop Sephora, variant-disabled:40242054299783, variant-disabled:43735166419079, variant-disabled:43735166451847, variant-disabled:43735166484615, variant-disabled:43735166517383, variant-disabled:43735166550151, variant-disabled:43735166582919, variant-disabled:43735166615687, variant-disabled:43735166648455, variant-disabled:43735166681223, variant-disabled:43735166713991, variant-disabled:43735166746759, variant-disabled:43735166779527, variant-disabled:43735166812295, variant-disabled:43735166845063, variant-disabled:43735166877831, variant-disabled:43735166910599, variant-disabled:43735166943367, variant-disabled:43735166976135, variant-disabled:43735167008903, variant-disabled:43735167041671, variant-disabled:43735167139975, variant-disabled:43735167172743, variant-disabled:43735167205511, variant-disabled:43735167238279, variant-disabled:43735167271047, variant-disabled:43735167303815, variant-disabled:43735167434887, variant-disabled:43735167500423, variant-disabled:43735167565959, variant-disabled:43735167598727, variant-disabled:43735167631495, variant-disabled:43735167664263, variant-disabled:43735167860871, variant-disabled:43735268032647",TRUE,Shade,570N,,,,,FGPLTF570NF1,0,,0,deny,manual,30.00,,TRUE,TRUE,840122900914,,,,,,,,g,,,,,active
positive-light-silky-touch-highlighter,Positive Light Silky Touch Highlighter,"<meta charset=""utf-8""><span data-contrast=""auto"" lang=""EN-US"" class=""TextRun SCXW97055503 BCX0"" data-mce-fragment=""1"" xml:lang=""EN-US""><span class=""NormalTextRun SCXW97055503 BCX0"" data-mce-fragment=""1"">An innovative powder highlighter that gives skin an instant glass-like sheen for an easy, natural-looking glow that lasts.</span></span>",Rare Beauty,,Highlighter,"Award: allure-2024, non-returnable, Shop Sephora",TRUE,Shade,Enlighten,,,,,FGPPLH0001F1,0,,0,deny,manual,28.00,,TRUE,TRUE,840122905414,https://cdn.shopify.com/s/files/1/0314/1143/7703/products/positive-light-silky-touch-highlighter-enlighten-1440x1952.jpg?v=1762283501,1,,,,,,g,,,,,active
positive-light-silky-touch-highlighter,,,,,,,,,,,,,,,,,,,,,,,,,https://cdn.shopify.com/s/files/1/0314/1143/7703/products/positive-light-silky-touch-highlighter-enlighten-on-figure-01-1440x1952.png?v=1669148726,2,,,,,,,,,,,
positive-light-silky-touch-highlighter,,,,,,,,,,,,,,,,,,,,,,,,,https://cdn.shopify.com/s/files/1/0314/1143/7703/products/positive-light-silky-touch-highlighter-enlighten-on-figure-02-1440x1952..jpg?v=1669148726,3,,,,,,,,,,,
positive-light-silky-touch-highlighter,,,,,,,,,,,,,,,,,,,,,,,,,https://cdn.shopify.com/s/files/1/0314/1143/7703/products/positive-light-silky-touch-highlighter-enlighten-swatch-1440x1952.png?v=1669148726,4,,,,,,,,,,,
positive-light-silky-touch-highlighter,,,,,,,,,,,,,,,,,,,,,,,,,https://cdn.shopify.com/s/files/1/0314/1143/7703/products/positive-light-silky-touch-highlighter-exhilarate-1440x1952.jpg?v=1669148726,5,,,,,,,,,,,
positive-light-silky-touch-highlighter,,,,,,,,,,,,,,,,,,,,,,,,,https://cdn.shopify.com/s/files/1/0314/1143/7703/products/positive-light-silky-touch-highlighter-exhilarate-on-figure-01-1440x1952.png?v=1669148726,6,,,,,,,,,,,
positive-light-silky-touch-highlighter,,,,,,,,,,,,,,,,,,,,,,,,,https://cdn.shopify.com/s/files/1/0314/1143/7703/products/positive-light-silky-touch-highlighter-exhilarate-on-figure-03-1440x1952.jpg?v=1669148726,7,,,,,,,,,,,
positive-light-silky-touch-highlighter,,,,,,,,,,,,,,,,,,,,,,,,,https://cdn.shopify.com/s/files/1/0314/1143/7703/products/positive-light-silky-touch-highlighter-exhilarate-swatch1440x1952.png?v=1669148726,8,,,,,,,,,,,
positive-light-silky-touch-highlighter,,,,,,,,,,,,,,,,,,,,,,,,,https://cdn.shopify.com/s/files/1/0314/1143/7703/products/positive-light-silky-touch-highlighter-mesmerize-1440x1952.jpg?v=1669937692,9,,,,,,,,,,,
positive-light-silky-touch-highlighter,,,,,,,,,,,,,,,,,,,,,,,,,https://cdn.shopify.com/s/files/1/0314/1143/7703/products/positive-light-silky-touch-highlighter-mesmerize-on-figure-01-1440x1952.jpg?v=1669937801,10,,,,,,,,,,,
positive-light-silky-touch-highlighter,,,,,,,,,,,,,,,,,,,,,,,,,https://cdn.shopify.com/s/files/1/0314/1143/7703/products/positive-light-silky-touch-highlighter-mesmerize-on-figure-03-1440x1952_jpg_4a493123-4cc2-4148-9d60-090606d134df.jpg?v=1669937801,11,,,,,,,,,,,
positive-light-silky-touch-highlighter,,,,,,,,,,,,,,,,,,,,,,,,,https://cdn.shopify.com/s/files/1/0314/1143/7703/products/positive-light-silky-touch-highlighter-mesmerize-on-figure-04-1440x1952_jpg.jpg?v=1669937801,12,,,,,,,,,,,
positive-light-silky-touch-highlighter,,,,,,,,,,,,,,,,,,,,,,,,,https://cdn.shopify.com/s/files/1/0314/1143/7703/products/positive-light-silky-touch-highlighter-mesmerize-on-figure-05-1440x1952_jpg.jpg?v=1670014694,13,,,,,,,,,,,
positive-light-silky-touch-highlighter,,,,,,,,,,,,,,,,,,,,,,,,,https://cdn.shopify.com/s/files/1/0314/1143/7703/products/positive-light-silky-touch-highlighter-mesmerize-swatch-1440x1952.png?v=1670014694,14,,,,,,,,,,,
positive-light-silky-touch-highlighter,,,,,,,,,,,,,,,,,,,,,,,,,https://cdn.shopify.com/s/files/1/0314/1143/7703/products/positive-light-silky-touch-highlighter-flaunt-1440x1952.jpg?v=1669937801,15,,,,,,,,,,,
positive-light-silky-touch-highlighter,,,,,,,,,,,,,,,,,,,,,,,,,https://cdn.shopify.com/s/files/1/0314/1143/7703/products/positive-light-silky-touch-highlighter-flaunt-on-figure-04-1440x1952.jpg?v=1669937801,16,,,,,,,,,,,
positive-light-silky-touch-highlighter,,,,,,,,,,,,,,,,,,,,,,,,,https://cdn.shopify.com/s/files/1/0314/1143/7703/products/positive-light-silky-touch-highlighter-flaunt-on-figure-02-1440x1952.jpg?v=1669937801,17,,,,,,,,,,,
positive-light-silky-touch-highlighter,,,,,,,,,,,,,,,,,,,,,,,,,https://cdn.shopify.com/s/files/1/0314/1143/7703/products/positive-light-silky-touch-highlighter-flaunt-on-figure-03-1440x1952.jpg?v=1669937801,18,,,,,,,,,,,
positive-light-silky-touch-highlighter,,,,,,,,,,,,,,,,,,,,,,,,,https://cdn.shopify.com/s/files/1/0314/1143/7703/products/positive-light-silky-touch-highlighter-flaunt-on-figure-01-1440x1952.jpg?v=1669937801,19,,,,,,,,,,,
positive-light-silky-touch-highlighter,,,,,,,,,,,,,,,,,,,,,,,,,https://cdn.shopify.com/s/files/1/0314/1143/7703/products/positive-light-silky-touch-highlighter-flaunt-on-figure-05-1440x1952.jpg?v=1669937801,20,,,,,,,,,,,
positive-light-silky-touch-highlighter,,,,,,,,,,,,,,,,,,,,,,,,,https://cdn.shopify.com/s/files/1/0314/1143/7703/products/positive-light-silky-touch-highlighter-flaunt-swatch-1440x1952.png?v=1669864438,21,,,,,,,,,,,
positive-light-silky-touch-highlighter,,,,,,,,,,,,,,,,,,,,,,,,,https://cdn.shopify.com/s/files/1/0314/1143/7703/files/positive-light-silky-touch-highlighter-reveal-1440x1952.jpg?v=1709944792,22,,,,,,,,,,,
positive-light-silky-touch-highlighter,,,,,,,,,,,,,,,,,,,,,,,,,https://cdn.shopify.com/s/files/1/0314/1143/7703/files/positive-light-silky-touch-highlighter-on-figure-reveal-1440x1952.jpg?v=1709944792,23,,,,,,,,,,,
positive-light-silky-touch-highlighter,,,,,,,,,,,,,,,,,,,,,,,,,https://cdn.shopify.com/s/files/1/0314/1143/7703/files/swatch-positive-light-silky-touch-highlighter-reveal-1440x1952.png?v=1709944792,24,,,,,,,,,,,
positive-light-silky-touch-highlighter,,,,,,,,,,,,,,,,,,,,,,,,,https://cdn.shopify.com/s/files/1/0314/1143/7703/files/positive-light-silky-touch-highlighter-reflect-1440x1952.jpg?v=1709944792,25,,,,,,,,,,,
positive-light-silky-touch-highlighter,,,,,,,,,,,,,,,,,,,,,,,,,https://cdn.shopify.com/s/files/1/0314/1143/7703/files/positive-light-silky-touch-highlighter-on-figure-reflect-1440x1952.jpg?v=1709944792,26,,,,,,,,,,,
positive-light-silky-touch-highlighter,,,,,,,,,,,,,,,,,,,,,,,,,https://cdn.shopify.com/s/files/1/0314/1143/7703/files/swatch-positive-light-silky-touch-highlighter-reflect-1440x1952.png?v=1709944792,27,,,,,,,,,,,
positive-light-silky-touch-highlighter,,,,,,,,,,,,,,,,,,,,,,,,,https://cdn.shopify.com/s/files/1/0314/1143/7703/files/positive-light-silky-touch-highlighter-arm-swatches-ext-1440x1952.jpg?v=1709944792,28,,,,,,,,,,,
positive-light-silky-touch-highlighter,,,,,,,,,,,,,,,,,,,,,,,,,https://cdn.shopify.com/s/files/1/0314/1143/7703/products/positive-light-silky-touch-highlighter-brush-group-1440x1952_a1be2a2e-7cf2-49d5-b6a6-352000b6cd36.jpg?v=1709944792,29,,,,,,,,,,,
positive-light-silky-touch-highlighter,,,,,,,,,,,,,,,,,,,,,,,,,https://cdn.shopify.com/s/files/1/0314/1143/7703/products/positive-light-silky-touch-highlighter-group-campaign-01-1440x1952.jpg?v=1709944792,30,,,,,,,,,,,
positive-light-silky-touch-highlighter,,,,,,,,,,,,,,,,,,,,,,,,,https://cdn.shopify.com/s/files/1/0314/1143/7703/products/positive-light-silky-touch-highlighter-closed-1440x1952.jpg?v=1709944792,31,,,,,,,,,,,
positive-light-silky-touch-highlighter,,"<meta charset=""utf-8""><span data-contrast=""auto"" lang=""EN-US"" class=""TextRun SCXW97055503 BCX0"" data-mce-fragment=""1"" xml:lang=""EN-US""><span class=""NormalTextRun SCXW97055503 BCX0"" data-mce-fragment=""1"">An innovative powder highlighter that gives skin an instant glass-like sheen for an easy, natural-looking glow that lasts.</span></span>",Rare Beauty,,Highlighter,"Award: allure-2024, non-returnable, Shop Sephora",TRUE,Shade,Exhilarate,,,,,FGPPLH0002F1,0,,0,deny,manual,28.00,,TRUE,TRUE,840122905421,,,,,,,,g,,,,,active
positive-light-silky-touch-highlighter,,"<meta charset=""utf-8""><span data-contrast=""auto"" lang=""EN-US"" class=""TextRun SCXW97055503 BCX0"" data-mce-fragment=""1"" xml:lang=""EN-US""><span class=""NormalTextRun SCXW97055503 BCX0"" data-mce-fragment=""1"">An innovative powder highlighter that gives skin an instant glass-like sheen for an easy, natural-looking glow that lasts.</span></span>",Rare Beauty,,Highlighter,"Award: allure-2024, non-returnable, Shop Sephora",TRUE,Shade,Mesmerize,,,,,FGPPLH0003F1,0,,0,deny,manual,28.00,,TRUE,TRUE,840122905438,,,,,,,,g,,,,,active
positive-light-silky-touch-highlighter,,"<meta charset=""utf-8""><span data-contrast=""auto"" lang=""EN-US"" class=""TextRun SCXW97055503 BCX0"" data-mce-fragment=""1"" xml:lang=""EN-US""><span class=""NormalTextRun SCXW97055503 BCX0"" data-mce-fragment=""1"">An innovative powder highlighter that gives skin an instant glass-like sheen for an easy, natural-looking glow that lasts.</span></span>",Rare Beauty,,Highlighter,"Award: allure-2024, non-returnable, Shop Sephora",TRUE,Shade,Flaunt,,,,,FGPPLH0004F1,0,,0,deny,manual,28.00,,TRUE,TRUE,840122905445,,,,,,,,g,,,,,active
positive-light-silky-touch-highlighter,,"<meta charset=""utf-8""><span data-contrast=""auto"" lang=""EN-US"" class=""TextRun SCXW97055503 BCX0"" data-mce-fragment=""1"" xml:lang=""EN-US""><span class=""NormalTextRun SCXW97055503 BCX0"" data-mce-fragment=""1"">An innovative powder highlighter that gives skin an instant glass-like sheen for an easy, natural-looking glow that lasts.</span></span>",Rare Beauty,,Highlighter,"Award: allure-2024, non-returnable, Shop Sephora",TRUE,Shade,Reveal,,,,,FGPPLH0005F1,0,,0,deny,manual,28.00,,TRUE,TRUE,840122906534,,,,,,,,g,,,,,active
positive-light-silky-touch-highlighter,,"<meta charset=""utf-8""><span data-contrast=""auto"" lang=""EN-US"" class=""TextRun SCXW97055503 BCX0"" data-mce-fragment=""1"" xml:lang=""EN-US""><span class=""NormalTextRun SCXW97055503 BCX0"" data-mce-fragment=""1"">An innovative powder highlighter that gives skin an instant glass-like sheen for an easy, natural-looking glow that lasts.</span></span>",Rare Beauty,,Highlighter,"Award: allure-2024, non-returnable, Shop Sephora",TRUE,Shade,Reflect,,,,,FGPPLH0006F1,0,,0,deny,manual,28.00,,TRUE,TRUE,840122906541,,,,,,,,g,,,,,active
positive-light-precision-highlighter-brush,Positive Light Precision Highlighter Brush,"<meta charset=""utf-8""><span data-contrast=""auto"" lang=""EN-US"" class=""TextRun SCXW197627143 BCX0"" data-mce-fragment=""1"" xml:lang=""EN-US""><span class=""NormalTextRun SCXW197627143 BCX0"" data-mce-fragment=""1"">A small, tapered precision brush that makes it easy to sweep on highlighter exactly where you want it.</span></span>",Rare Beauty,,Brushes,"non-returnable, Shop Sephora",TRUE,Title,Default Title,,,,,FGPPLP0001F1,5,,0,deny,manual,20.00,,TRUE,TRUE,840122905452,https://cdn.shopify.com/s/files/1/0314/1143/7703/products/positive-light-precision-brush-1440x1952.jpg?v=1762283503,1,,,,,,g,,,,,active
positive-light-precision-highlighter-brush,,,,,,,,,,,,,,,,,,,,,,,,,https://cdn.shopify.com/s/files/1/0314/1143/7703/products/positive-light-silky-touch-highlighter-mesmerize-on-figure-03-1440x1952_jpg.jpg?v=1669138561,2,,,,,,,,,,,
positive-light-precision-highlighter-brush,,,,,,,,,,,,,,,,,,,,,,,,,https://cdn.shopify.com/s/files/1/0314/1143/7703/products/positive-light-silky-touch-highlighter-brush-group-1440x1952.jpg?v=1669138561,3,,,,,,,,,,,
positive-light-precision-highlighter-brush,,,,,,,,,,,,,,,,,,,,,,,,,https://cdn.shopify.com/s/files/1/0314/1143/7703/products/positive-light-precision-brush-alt-1440x1952.jpg?v=1669138398,4,,,,,,,,,,,
positive-light-under-eye-brightener-1,Positive Light Under Eye Brightener,"<meta charset=""utf-8""><span data-contrast=""auto"" lang=""EN-US"" class=""TextRun SCXW162154327 BCX0"" data-mce-fragment=""1"" xml:lang=""EN-US""><span class=""NormalTextRun SCXW162154327 BCX0"" data-mce-fragment=""1"">A super lightweight liquid that instantly brightens, hydrates, and awakens undereyes with sheer to medium coverage for a fresh, radiant look in a flash.</span></span>",Rare Beauty,,Under Eye Brightener,"non-returnable, Shop Sephora",TRUE,Shade,Light,,,,,FGPPLB0001F1,0,,0,deny,manual,25.00,,TRUE,TRUE,840122905469,https://cdn.shopify.com/s/files/1/0314/1143/7703/products/positive-light-under-eye-brightener-light-1440x1952.jpg?v=1762283713,1,,,,,,g,,,,,active
positive-light-under-eye-brightener-1,,,,,,,,,,,,,,,,,,,,,,,,,https://cdn.shopify.com/s/files/1/0314/1143/7703/products/positive-light-under-eye-brightener-light-on-figure-01-1440x1952.png?v=1670461878,2,,,,,,,,,,,
positive-light-under-eye-brightener-1,,,,,,,,,,,,,,,,,,,,,,,,,https://cdn.shopify.com/s/files/1/0314/1143/7703/products/positive-light-under-eye-brightener-light-before-after-1440x1952.jpg?v=1670461878,3,,,,,,,,,,,
positive-light-under-eye-brightener-1,,,,,,,,,,,,,,,,,,,,,,,,,https://cdn.shopify.com/s/files/1/0314/1143/7703/products/positive-light-under-eye-brightener-light-1440x1952.png?v=1670461878,4,,,,,,,,,,,
positive-light-under-eye-brightener-1,,,,,,,,,,,,,,,,,,,,,,,,,https://cdn.shopify.com/s/files/1/0314/1143/7703/products/positive-light-under-eye-brightener-light-medium-1440x1952.jpg?v=1670461878,5,,,,,,,,,,,
positive-light-under-eye-brightener-1,,,,,,,,,,,,,,,,,,,,,,,,,https://cdn.shopify.com/s/files/1/0314/1143/7703/products/positive-light-under-eye-brightener-light-medium-before-after-1440x1952.jpg?v=1670461878,6,,,,,,,,,,,
positive-light-under-eye-brightener-1,,,,,,,,,,,,,,,,,,,,,,,,,https://cdn.shopify.com/s/files/1/0314/1143/7703/products/positive-light-under-eye-brightener-light-medium-swatch-1440x1952.png?v=1670461878,7,,,,,,,,,,,
positive-light-under-eye-brightener-1,,,,,,,,,,,,,,,,,,,,,,,,,https://cdn.shopify.com/s/files/1/0314/1143/7703/products/positive-light-under-eye-brightener-medium-1440x1952.jpg?v=1670461878,8,,,,,,,,,,,
positive-light-under-eye-brightener-1,,,,,,,,,,,,,,,,,,,,,,,,,https://cdn.shopify.com/s/files/1/0314/1143/7703/products/positive-light-under-eye-brightener-medium-on-figure-01-1440x1952.jpg?v=1670461878,9,,,,,,,,,,,
positive-light-under-eye-brightener-1,,,,,,,,,,,,,,,,,,,,,,,,,https://cdn.shopify.com/s/files/1/0314/1143/7703/products/positive-light-under-eye-brightener-medium-before-after-1440x1952.jpg?v=1670461878,10,,,,,,,,,,,
positive-light-under-eye-brightener-1,,,,,,,,,,,,,,,,,,,,,,,,,https://cdn.shopify.com/s/files/1/0314/1143/7703/products/positive-light-under-eye-brightener-medium-on-figure-02-1440x1952.jpg?v=1670461878,11,,,,,,,,,,,
positive-light-under-eye-brightener-1,,,,,,,,,,,,,,,,,,,,,,,,,https://cdn.shopify.com/s/files/1/0314/1143/7703/products/positive-light-under-eye-brightener-medium-swatch-1440x1952.png?v=1670461878,12,,,,,,,,,,,
positive-light-under-eye-brightener-1,,,,,,,,,,,,,,,,,,,,,,,,,https://cdn.shopify.com/s/files/1/0314/1143/7703/products/positive-light-under-eye-brightener-medium-tan-1440x1952.jpg?v=1670461878,13,,,,,,,,,,,
positive-light-under-eye-brightener-1,,,,,,,,,,,,,,,,,,,,,,,,,https://cdn.shopify.com/s/files/1/0314/1143/7703/products/positive-light-under-eye-brightener-medium-tan-on-figure-01-1440x1952.jpg?v=1670461878,14,,,,,,,,,,,
positive-light-under-eye-brightener-1,,,,,,,,,,,,,,,,,,,,,,,,,https://cdn.shopify.com/s/files/1/0314/1143/7703/products/positive-light-under-eye-brightener-medium-tan-before-after-1440x1952.jpg?v=1670461878,15,,,,,,,,,,,
positive-light-under-eye-brightener-1,,,,,,,,,,,,,,,,,,,,,,,,,https://cdn.shopify.com/s/files/1/0314/1143/7703/products/positive-light-under-eye-brightener-medium-tan-1440x1952.png?v=1670461878,16,,,,,,,,,,,
positive-light-under-eye-brightener-1,,,,,,,,,,,,,,,,,,,,,,,,,https://cdn.shopify.com/s/files/1/0314/1143/7703/products/positive-light-under-eye-brightener-medium-deep-1440x1952.jpg?v=1670461878,17,,,,,,,,,,,
positive-light-under-eye-brightener-1,,,,,,,,,,,,,,,,,,,,,,,,,https://cdn.shopify.com/s/files/1/0314/1143/7703/products/positive-light-under-eye-brightener-medium-deep-on-figure-01-1440x1952.jpg?v=1670461878,18,,,,,,,,,,,
positive-light-under-eye-brightener-1,,,,,,,,,,,,,,,,,,,,,,,,,https://cdn.shopify.com/s/files/1/0314/1143/7703/products/positive-light-under-eye-brightener-medium-deep-before-after-1440x1952.jpg?v=1670461878,19,,,,,,,,,,,
positive-light-under-eye-brightener-1,,,,,,,,,,,,,,,,,,,,,,,,,https://cdn.shopify.com/s/files/1/0314/1143/7703/products/positive-light-under-eye-brightener-medium-deep-swatch-1440x1952.png?v=1670461878,20,,,,,,,,,,,
positive-light-under-eye-brightener-1,,,,,,,,,,,,,,,,,,,,,,,,,https://cdn.shopify.com/s/files/1/0314/1143/7703/products/positive-light-under-eye-brightener-deep-1440x1952.jpg?v=1670461878,21,,,,,,,,,,,
positive-light-under-eye-brightener-1,,,,,,,,,,,,,,,,,,,,,,,,,https://cdn.shopify.com/s/files/1/0314/1143/7703/products/positive-light-under-eye-brightener-deep-before-after-1440x1952.jpg?v=1670461878,22,,,,,,,,,,,
positive-light-under-eye-brightener-1,,,,,,,,,,,,,,,,,,,,,,,,,https://cdn.shopify.com/s/files/1/0314/1143/7703/products/positive-light-under-eye-brightener-deep-swatch-1440x1952.png?v=1670461878,23,,,,,,,,,,,
positive-light-under-eye-brightener-1,,,,,,,,,,,,,,,,,,,,,,,,,https://cdn.shopify.com/s/files/1/0314/1143/7703/products/positive-light-under-eye-brightener-arm-swatches-1440x1952.jpg?v=1670461878,24,,,,,,,,,,,
positive-light-under-eye-brightener-1,,,,,,,,,,,,,,,,,,,,,,,,,https://cdn.shopify.com/s/files/1/0314/1143/7703/products/positive-light-under-eye-brightener-shade-chart.jpg?v=1671485154,25,,,,,,,,,,,
positive-light-under-eye-brightener-1,,,,,,,,,,,,,,,,,,,,,,,,,https://cdn.shopify.com/s/files/1/0314/1143/7703/products/positive-light-under-eye-brightener-group-03-1440x1952.jpg?v=1671485154,26,,,,,,,,,,,
positive-light-under-eye-brightener-1,,,,,,,,,,,,,,,,,,,,,,,,,https://cdn.shopify.com/s/files/1/0314/1143/7703/products/positive-light-under-eye-brightener-group-01-1440x1952.jpg?v=1671485154,27,,,,,,,,,,,
positive-light-under-eye-brightener-1,,,,,,,,,,,,,,,,,,,,,,,,,https://cdn.shopify.com/s/files/1/0314/1143/7703/products/positive-light-collection-1440x1952.jpg?v=1671485154,28,,,,,,,,,,,
positive-light-under-eye-brightener-1,,,,,,,,,,,,,,,,,,,,,,,,,https://cdn.shopify.com/s/files/1/0314/1143/7703/products/positive-light-under-eye-brightener-applicator-1440x1952.jpg?v=1671485154,29,,,,,,,,,,,
positive-light-under-eye-brightener-1,,"<meta charset=""utf-8""><span data-contrast=""auto"" lang=""EN-US"" class=""TextRun SCXW162154327 BCX0"" data-mce-fragment=""1"" xml:lang=""EN-US""><span class=""NormalTextRun SCXW162154327 BCX0"" data-mce-fragment=""1"">A super lightweight liquid that instantly brightens, hydrates, and awakens undereyes with sheer to medium coverage for a fresh, radiant look in a flash.</span></span>",Rare Beauty,,Under Eye Brightener,"non-returnable, Shop Sephora",TRUE,Shade,Light Medium,,,,,FGPPLB0002F1,0,,0,deny,manual,25.00,,TRUE,TRUE,840122905476,,,,,,,,g,,,,,active
positive-light-under-eye-brightener-1,,"<meta charset=""utf-8""><span data-contrast=""auto"" lang=""EN-US"" class=""TextRun SCXW162154327 BCX0"" data-mce-fragment=""1"" xml:lang=""EN-US""><span class=""NormalTextRun SCXW162154327 BCX0"" data-mce-fragment=""1"">A super lightweight liquid that instantly brightens, hydrates, and awakens undereyes with sheer to medium coverage for a fresh, radiant look in a flash.</span></span>",Rare Beauty,,Under Eye Brightener,"non-returnable, Shop Sephora",TRUE,Shade,Medium,,,,,FGPPLB0003F1,0,,0,deny,manual,25.00,,TRUE,TRUE,840122905483,,,,,,,,g,,,,,active
positive-light-under-eye-brightener-1,,"<meta charset=""utf-8""><span data-contrast=""auto"" lang=""EN-US"" class=""TextRun SCXW162154327 BCX0"" data-mce-fragment=""1"" xml:lang=""EN-US""><span class=""NormalTextRun SCXW162154327 BCX0"" data-mce-fragment=""1"">A super lightweight liquid that instantly brightens, hydrates, and awakens undereyes with sheer to medium coverage for a fresh, radiant look in a flash.</span></span>",Rare Beauty,,Under Eye Brightener,"non-returnable, Shop Sephora",TRUE,Shade,Medium Tan,,,,,FGPPLB0004F1,0,,0,deny,manual,25.00,,TRUE,TRUE,840122905490,,,,,,,,g,,,,,active
positive-light-under-eye-brightener-1,,"<meta charset=""utf-8""><span data-contrast=""auto"" lang=""EN-US"" class=""TextRun SCXW162154327 BCX0"" data-mce-fragment=""1"" xml:lang=""EN-US""><span class=""NormalTextRun SCXW162154327 BCX0"" data-mce-fragment=""1"">A super lightweight liquid that instantly brightens, hydrates, and awakens undereyes with sheer to medium coverage for a fresh, radiant look in a flash.</span></span>",Rare Beauty,,Under Eye Brightener,"non-returnable, Shop Sephora",TRUE,Shade,Medium Deep,,,,,FGPPLB0005F1,0,,0,deny,manual,25.00,,TRUE,TRUE,840122905506,,,,,,,,g,,,,,active
positive-light-under-eye-brightener-1,,"<meta charset=""utf-8""><span data-contrast=""auto"" lang=""EN-US"" class=""TextRun SCXW162154327 BCX0"" data-mce-fragment=""1"" xml:lang=""EN-US""><span class=""NormalTextRun SCXW162154327 BCX0"" data-mce-fragment=""1"">A super lightweight liquid that instantly brightens, hydrates, and awakens undereyes with sheer to medium coverage for a fresh, radiant look in a flash.</span></span>",Rare Beauty,,Under Eye Brightener,"non-returnable, Shop Sephora",TRUE,Shade,Deep,,,,,FGPPLB0006F1,0,,0,deny,manual,25.00,,TRUE,TRUE,840122905513,,,,,,,,g,,,,,active
puffy-traveler-tote,Puffy Traveler Tote,"<p><span class=""NormalTextRun SCXW215867575 BCX0"">Puffy, packable, and protective, this </span><span class=""NormalTextRun ContextualSpellingAndGrammarErrorV2Themed SCXW215867575 BCX0"">extra large</span><span class=""NormalTextRun SCXW215867575 BCX0""> quilted tote is nice and light, with plenty of room to carry you through long weekends, workouts, and wherever your travels take you.</span></p>",Rare Beauty,,Bag,"Badge: Exclusive, non-returnable",TRUE,Title,Default Title,,,,,MKTBAG0007X1,0,,0,deny,manual,45.00,,TRUE,TRUE,840122905964,https://cdn.shopify.com/s/files/1/0314/1143/7703/products/pdp-puffy-traveler-tote-front.jpg?v=1762284526,1,,,,,,g,,,,,active
puffy-traveler-tote,,,,,,,,,,,,,,,,,,,,,,,,,https://cdn.shopify.com/s/files/1/0314/1143/7703/products/puffy-traveler-tote-interior-1440x1952.jpg?v=1671568401,2,,,,,,,,,,,
puffy-toiletry-bag,Puffy Toiletry Bag,"<meta charset=""utf-8""><span class=""NormalTextRun SCXW167741369 BCX0"" data-mce-fragment=""1"">A roomy, double-layered toiletry bag for organizing all your </span><span class=""NormalTextRun SpellingErrorV2Themed SCXW167741369 BCX0"" data-mce-fragment=""1"">fave</span><span class=""NormalTextRun SCXW167741369 BCX0"" data-mce-fragment=""1""> makeup and travel goodies (and then some) on the go.</span>",Rare Beauty,,Bag,"Badge: Exclusive, non-returnable",TRUE,Title,Default Title,,,,,MKTBAG0006X1,0,,0,deny,manual,38.00,,TRUE,TRUE,840122905957,https://cdn.shopify.com/s/files/1/0314/1143/7703/products/puffy-toiletry-bag-handle-1440x1952.jpg?v=1759500079,1,,,,,,g,,,,,active
puffy-toiletry-bag,,,,,,,,,,,,,,,,,,,,,,,,,https://cdn.shopify.com/s/files/1/0314/1143/7703/products/puffy-toiletry-bag-top-open-1440x1952.jpg?v=1673051189,2,,,,,,,,,,,
puffy-toiletry-bag,,,,,,,,,,,,,,,,,,,,,,,,,https://cdn.shopify.com/s/files/1/0314/1143/7703/products/puffy-toiletry-bag-front-1440x1952.jpg?v=1673396332,3,,,,,,,,,,,
puffy-toiletry-bag,,,,,,,,,,,,,,,,,,,,,,,,,https://cdn.shopify.com/s/files/1/0314/1143/7703/products/puffy-toiletry-bag-top-zip-1440x1952.jpg?v=1673396332,4,,,,,,,,,,,
rare-beauty-t-shirt,Rare Beauty T-Shirt,"<meta charset=""utf-8""><span data-contrast=""auto"" lang=""EN-US"" class=""TextRun SCXW43800772 BCX0"" data-mce-fragment=""1"" xml:lang=""EN-US""><span class=""NormalTextRun SCXW43800772 BCX0"" data-mce-fragment=""1"">Ease into your day with this super soft cotton tee made to feel good in.</span></span>",Rare Beauty,,T-Shirt,"Badge: Exclusive, non-returnable",TRUE,Size,X Small,,,,,MKTAPP001XS2,0,,0,deny,manual,18.00,,TRUE,TRUE,840122902116,https://cdn.shopify.com/s/files/1/0314/1143/7703/products/pdp-tshirt-front-1440x1952.jpg?v=1762284868,1,,,,,,g,,,,,active
rare-beauty-t-shirt,,,,,,,,,,,,,,,,,,,,,,,,,https://cdn.shopify.com/s/files/1/0314/1143/7703/products/pdp-tshirt-back-1440x1952.jpg?v=1674156982,2,,,,,,,,,,,
rare-beauty-t-shirt,,,,,,,,,,,,,,,,,,,,,,,,,https://cdn.shopify.com/s/files/1/0314/1143/7703/products/pdp-tshirt-detail-1440x1952.jpg?v=1674156982,3,,,,,,,,,,,
rare-beauty-t-shirt,,"<meta charset=""utf-8""><span data-contrast=""auto"" lang=""EN-US"" class=""TextRun SCXW43800772 BCX0"" data-mce-fragment=""1"" xml:lang=""EN-US""><span class=""NormalTextRun SCXW43800772 BCX0"" data-mce-fragment=""1"">Ease into your day with this super soft cotton tee made to feel good in.</span></span>",Rare Beauty,,T-Shirt,"Badge: Exclusive, non-returnable",TRUE,Size,Small,,,,,MKTAPP001SM2,0,,0,deny,manual,18.00,,TRUE,TRUE,840122902123,,,,,,,,g,,,,,active
rare-beauty-t-shirt,,"<meta charset=""utf-8""><span data-contrast=""auto"" lang=""EN-US"" class=""TextRun SCXW43800772 BCX0"" data-mce-fragment=""1"" xml:lang=""EN-US""><span class=""NormalTextRun SCXW43800772 BCX0"" data-mce-fragment=""1"">Ease into your day with this super soft cotton tee made to feel good in.</span></span>",Rare Beauty,,T-Shirt,"Badge: Exclusive, non-returnable",TRUE,Size,Medium,,,,,MKTAPP001MD2,0,,0,deny,manual,18.00,,TRUE,TRUE,840122902130,,,,,,,,g,,,,,active
rare-beauty-t-shirt,,"<meta charset=""utf-8""><span data-contrast=""auto"" lang=""EN-US"" class=""TextRun SCXW43800772 BCX0"" data-mce-fragment=""1"" xml:lang=""EN-US""><span class=""NormalTextRun SCXW43800772 BCX0"" data-mce-fragment=""1"">Ease into your day with this super soft cotton tee made to feel good in.</span></span>",Rare Beauty,,T-Shirt,"Badge: Exclusive, non-returnable",TRUE,Size,Large,,,,,MKTAPP001LG2,0,,0,deny,manual,18.00,,TRUE,TRUE,840122902147,,,,,,,,g,,,,,active
rare-beauty-t-shirt,,"<meta charset=""utf-8""><span data-contrast=""auto"" lang=""EN-US"" class=""TextRun SCXW43800772 BCX0"" data-mce-fragment=""1"" xml:lang=""EN-US""><span class=""NormalTextRun SCXW43800772 BCX0"" data-mce-fragment=""1"">Ease into your day with this super soft cotton tee made to feel good in.</span></span>",Rare Beauty,,T-Shirt,"Badge: Exclusive, non-returnable",TRUE,Size,X Large,,,,,MKTAPP001XL2,0,,0,deny,manual,18.00,,TRUE,TRUE,840122902154,,,,,,,,g,,,,,active
rare-beauty-t-shirt,,"<meta charset=""utf-8""><span data-contrast=""auto"" lang=""EN-US"" class=""TextRun SCXW43800772 BCX0"" data-mce-fragment=""1"" xml:lang=""EN-US""><span class=""NormalTextRun SCXW43800772 BCX0"" data-mce-fragment=""1"">Ease into your day with this super soft cotton tee made to feel good in.</span></span>",Rare Beauty,,T-Shirt,"Badge: Exclusive, non-returnable",TRUE,Size,XX Large,,,,,MKTAPP0012X2,0,,0,deny,manual,18.00,,TRUE,TRUE,840122902161,,,,,,,,g,,,,,active
rare-beauty-t-shirt,,"<meta charset=""utf-8""><span data-contrast=""auto"" lang=""EN-US"" class=""TextRun SCXW43800772 BCX0"" data-mce-fragment=""1"" xml:lang=""EN-US""><span class=""NormalTextRun SCXW43800772 BCX0"" data-mce-fragment=""1"">Ease into your day with this super soft cotton tee made to feel good in.</span></span>",Rare Beauty,,T-Shirt,"Badge: Exclusive, non-returnable",TRUE,Size,3X Large,,,,,MKTAPP0013X2,0,,0,deny,manual,18.00,,TRUE,TRUE,840122902178,,,,,,,,g,,,,,active
rare-beauty-t-shirt,,"<meta charset=""utf-8""><span data-contrast=""auto"" lang=""EN-US"" class=""TextRun SCXW43800772 BCX0"" data-mce-fragment=""1"" xml:lang=""EN-US""><span class=""NormalTextRun SCXW43800772 BCX0"" data-mce-fragment=""1"">Ease into your day with this super soft cotton tee made to feel good in.</span></span>",Rare Beauty,,T-Shirt,"Badge: Exclusive, non-returnable",TRUE,Size,4X Large,,,,,MKTAPP0014X2,0,,0,deny,manual,18.00,,TRUE,TRUE,840122902284,,,,,,,,g,,,,,active
soft-pinch-tinted-lip-oil,Soft Pinch Tinted Lip Oil,"<p> </p>
<p><span data-teams=""true"">An innovative lip jelly that transforms into a lightweight oil. Starts off glossy, then leaves lips tinted while gently plumping<strong> </strong>and staying comfortable—never sticky—all day.</span></p>",Rare Beauty,,Lip Oil,"non-returnable, Shop Sephora",TRUE,Shade,Hope,,,,,FGPSPO0006F1,0,,0,deny,manual,24.00,,TRUE,TRUE,840122905810,https://cdn.shopify.com/s/files/1/0314/1143/7703/products/soft-pinch-tinted-lip-oil-serenity-1440x1952.jpg?v=1762284990,1,,,,,,g,,,,,active
soft-pinch-tinted-lip-oil,,,,,,,,,,,,,,,,,,,,,,,,,https://cdn.shopify.com/s/files/1/0314/1143/7703/products/soft-pinch-tinted-lip-oil-macro-lip-serenity-1440x1952.jpg?v=1679094650,2,,,,,,,,,,,
soft-pinch-tinted-lip-oil,,,,,,,,,,,,,,,,,,,,,,,,,https://cdn.shopify.com/s/files/1/0314/1143/7703/products/soft-pinch-tinted-lip-oil-serenity-swatch-1440x1952.png?v=1679510828,3,,,,,,,,,,,
soft-pinch-tinted-lip-oil,,,,,,,,,,,,,,,,,,,,,,,,,https://cdn.shopify.com/s/files/1/0314/1143/7703/products/soft-pinch-tinted-lip-oil-affection-1440x1952.jpg?v=1679094351,4,,,,,,,,,,,
soft-pinch-tinted-lip-oil,,,,,,,,,,,,,,,,,,,,,,,,,https://cdn.shopify.com/s/files/1/0314/1143/7703/products/soft-pinch-tinted-lip-oil-macro-lip-affection-1440x1952.jpg?v=1679094667,5,,,,,,,,,,,
soft-pinch-tinted-lip-oil,,,,,,,,,,,,,,,,,,,,,,,,,https://cdn.shopify.com/s/files/1/0314/1143/7703/products/soft-pinch-tinted-lip-oil-on-figure-affection-1440x1952.jpg?v=1679429870,6,,,,,,,,,,,
soft-pinch-tinted-lip-oil,,,,,,,,,,,,,,,,,,,,,,,,,https://cdn.shopify.com/s/files/1/0314/1143/7703/products/soft-pinch-tinted-lip-oil-affection-swatch-1440x1952.png?v=1679510828,7,,,,,,,,,,,
soft-pinch-tinted-lip-oil,,,,,,,,,,,,,,,,,,,,,,,,,https://cdn.shopify.com/s/files/1/0314/1143/7703/products/soft-pinch-tinted-lip-oil-happy-1440x1952.jpg?v=1679094375,8,,,,,,,,,,,
soft-pinch-tinted-lip-oil,,,,,,,,,,,,,,,,,,,,,,,,,https://cdn.shopify.com/s/files/1/0314/1143/7703/products/soft-pinch-tinted-lip-oil-macro-lip-happy-1440x1952.jpg?v=1679094695,9,,,,,,,,,,,
soft-pinch-tinted-lip-oil,,,,,,,,,,,,,,,,,,,,,,,,,https://cdn.shopify.com/s/files/1/0314/1143/7703/products/soft-pinch-tinted-lip-oil-on-figure-happy-01-1440x1952.jpg?v=1679337840,10,,,,,,,,,,,
soft-pinch-tinted-lip-oil,,,,,,,,,,,,,,,,,,,,,,,,,https://cdn.shopify.com/s/files/1/0314/1143/7703/products/soft-pinch-tinted-lip-oil-on-figure-happy-03-1440x1952.jpg?v=1679337840,11,,,,,,,,,,,
soft-pinch-tinted-lip-oil,,,,,,,,,,,,,,,,,,,,,,,,,https://cdn.shopify.com/s/files/1/0314/1143/7703/products/soft-pinch-tinted-lip-oil-happy-swatch-1440x1952.png?v=1679510828,12,,,,,,,,,,,
soft-pinch-tinted-lip-oil,,,,,,,,,,,,,,,,,,,,,,,,,https://cdn.shopify.com/s/files/1/0314/1143/7703/products/soft-pinch-tinted-lip-oil-joy-1440x1952.jpg?v=1679094393,13,,,,,,,,,,,
soft-pinch-tinted-lip-oil,,,,,,,,,,,,,,,,,,,,,,,,,https://cdn.shopify.com/s/files/1/0314/1143/7703/products/soft-pinch-tinted-lip-oil-macro-lip-joy-1440x1952.jpg?v=1679337840,14,,,,,,,,,,,
soft-pinch-tinted-lip-oil,,,,,,,,,,,,,,,,,,,,,,,,,https://cdn.shopify.com/s/files/1/0314/1143/7703/products/soft-pinch-tinted-lip-oil-on-figure-joy-01-1440x1952.jpg?v=1679337840,15,,,,,,,,,,,
soft-pinch-tinted-lip-oil,,,,,,,,,,,,,,,,,,,,,,,,,https://cdn.shopify.com/s/files/1/0314/1143/7703/products/soft-pinch-tinted-lip-oil-on-figure-joy-02-1440x1952.jpg?v=1679337840,16,,,,,,,,,,,
soft-pinch-tinted-lip-oil,,,,,,,,,,,,,,,,,,,,,,,,,https://cdn.shopify.com/s/files/1/0314/1143/7703/products/soft-pinch-tinted-lip-oil-joy-swatch-1440x1952.png?v=1679510828,17,,,,,,,,,,,
soft-pinch-tinted-lip-oil,,,,,,,,,,,,,,,,,,,,,,,,,https://cdn.shopify.com/s/files/1/0314/1143/7703/products/soft-pinch-tinted-lip-oil-delight-1440x1952.jpg?v=1679094409,18,,,,,,,,,,,
soft-pinch-tinted-lip-oil,,,,,,,,,,,,,,,,,,,,,,,,,https://cdn.shopify.com/s/files/1/0314/1143/7703/products/soft-pinch-tinted-lip-oil-macro-lip-delight-1440x1952.jpg?v=1679337840,19,,,,,,,,,,,
soft-pinch-tinted-lip-oil,,,,,,,,,,,,,,,,,,,,,,,,,https://cdn.shopify.com/s/files/1/0314/1143/7703/products/soft-pinch-tinted-lip-oil-delight-swatch-1440x1952.png?v=1679510828,20,,,,,,,,,,,
soft-pinch-tinted-lip-oil,,,,,,,,,,,,,,,,,,,,,,,,,https://cdn.shopify.com/s/files/1/0314/1143/7703/products/soft-pinch-tinted-lip-oil-hope-1440x1952.jpg?v=1679094432,21,,,,,,,,,,,
soft-pinch-tinted-lip-oil,,,,,,,,,,,,,,,,,,,,,,,,,https://cdn.shopify.com/s/files/1/0314/1143/7703/products/soft-pinch-tinted-lip-oil-macro-lip-hope-1440x1952.jpg?v=1679337840,22,,,,,,,,,,,
soft-pinch-tinted-lip-oil,,,,,,,,,,,,,,,,,,,,,,,,,https://cdn.shopify.com/s/files/1/0314/1143/7703/products/soft-pinch-tinted-lip-oil-on-figure-hope-1440x1952.jpg?v=1679429870,23,,,,,,,,,,,
soft-pinch-tinted-lip-oil,,,,,,,,,,,,,,,,,,,,,,,,,https://cdn.shopify.com/s/files/1/0314/1143/7703/products/soft-pinch-tinted-lip-oil-hope-swatch-1440x1952.png?v=1679510828,24,,,,,,,,,,,
soft-pinch-tinted-lip-oil,,,,,,,,,,,,,,,,,,,,,,,,,https://cdn.shopify.com/s/files/1/0314/1143/7703/products/soft-pinch-tinted-lip-oil-wonder-1440x1952.jpg?v=1679094452,25,,,,,,,,,,,
soft-pinch-tinted-lip-oil,,,,,,,,,,,,,,,,,,,,,,,,,https://cdn.shopify.com/s/files/1/0314/1143/7703/products/soft-pinch-tinted-lip-oil-macro-lip-wonder-1440x1952.jpg?v=1679337840,26,,,,,,,,,,,
soft-pinch-tinted-lip-oil,,,,,,,,,,,,,,,,,,,,,,,,,https://cdn.shopify.com/s/files/1/0314/1143/7703/products/soft-pinch-tinted-lip-oil-wonder-swatch-1440x1952.png?v=1679510828,27,,,,,,,,,,,
soft-pinch-tinted-lip-oil,,,,,,,,,,,,,,,,,,,,,,,,,https://cdn.shopify.com/s/files/1/0314/1143/7703/products/soft-pinch-tinted-lip-oil-honesty-1440x1952.jpg?v=1679094472,28,,,,,,,,,,,
soft-pinch-tinted-lip-oil,,,,,,,,,,,,,,,,,,,,,,,,,https://cdn.shopify.com/s/files/1/0314/1143/7703/products/soft-pinch-tinted-lip-oil-macro-lip-honesty-1440x1952.jpg?v=1679337840,29,,,,,,,,,,,
soft-pinch-tinted-lip-oil,,,,,,,,,,,,,,,,,,,,,,,,,https://cdn.shopify.com/s/files/1/0314/1143/7703/products/soft-pinch-tinted-lip-oil-honesty-swatch-1440x1952.png?v=1679510828,30,,,,,,,,,,,
soft-pinch-tinted-lip-oil,,,,,,,,,,,,,,,,,,,,,,,,,https://cdn.shopify.com/s/files/1/0314/1143/7703/products/soft-pinch-tinted-lip-oil-arm-swatches-1440x1952.jpg?v=1744224796,31,,,,,,,,,,,
soft-pinch-tinted-lip-oil,,,,,,,,,,,,,,,,,,,,,,,,,https://cdn.shopify.com/s/files/1/0314/1143/7703/products/soft-pinch-tinted-lip-oil-group-1440x1952.jpg?v=1679510828,32,,,,,,,,,,,
soft-pinch-tinted-lip-oil,,"<p> </p>
<p><span data-teams=""true"">An innovative lip jelly that transforms into a lightweight oil. Starts off glossy, then leaves lips tinted while gently plumping<strong> </strong>and staying comfortable—never sticky—all day.</span></p>",Rare Beauty,,Lip Oil,"non-returnable, Shop Sephora",TRUE,Shade,Happy,,,,,FGPSPO0003F1,0,,0,deny,manual,24.00,,TRUE,TRUE,840122905780,,,,,,,,g,,,,,active
soft-pinch-tinted-lip-oil,,"<p> </p>
<p><span data-teams=""true"">An innovative lip jelly that transforms into a lightweight oil. Starts off glossy, then leaves lips tinted while gently plumping<strong> </strong>and staying comfortable—never sticky—all day.</span></p>",Rare Beauty,,Lip Oil,"non-returnable, Shop Sephora",TRUE,Shade,Joy,,,,,FGPSPO0004F1,0,,0,deny,manual,24.00,,TRUE,TRUE,840122905797,,,,,,,,g,,,,,active
soft-pinch-tinted-lip-oil,,"<p> </p>
<p><span data-teams=""true"">An innovative lip jelly that transforms into a lightweight oil. Starts off glossy, then leaves lips tinted while gently plumping<strong> </strong>and staying comfortable—never sticky—all day.</span></p>",Rare Beauty,,Lip Oil,"non-returnable, Shop Sephora",TRUE,Shade,Wonder,,,,,FGPSPO0007F1,0,,0,deny,manual,24.00,,TRUE,TRUE,840122905827,,,,,,,,g,,,,,active
soft-pinch-tinted-lip-oil,,"<p> </p>
<p><span data-teams=""true"">An innovative lip jelly that transforms into a lightweight oil. Starts off glossy, then leaves lips tinted while gently plumping<strong> </strong>and staying comfortable—never sticky—all day.</span></p>",Rare Beauty,,Lip Oil,"non-returnable, Shop Sephora",TRUE,Shade,Serenity,,,,,FGPSPO0001F1,57,,0,deny,manual,24.00,,TRUE,TRUE,840122905766,,,,,,,,g,,,,,active
soft-pinch-tinted-lip-oil,,"<p> </p>
<p><span data-teams=""true"">An innovative lip jelly that transforms into a lightweight oil. Starts off glossy, then leaves lips tinted while gently plumping<strong> </strong>and staying comfortable—never sticky—all day.</span></p>",Rare Beauty,,Lip Oil,"non-returnable, Shop Sephora",TRUE,Shade,Honesty,,,,,FGPSPO0008F1,0,,0,deny,manual,24.00,,TRUE,TRUE,840122905834,,,,,,,,g,,,,,active
soft-pinch-tinted-lip-oil,,"<p> </p>
<p><span data-teams=""true"">An innovative lip jelly that transforms into a lightweight oil. Starts off glossy, then leaves lips tinted while gently plumping<strong> </strong>and staying comfortable—never sticky—all day.</span></p>",Rare Beauty,,Lip Oil,"non-returnable, Shop Sephora",TRUE,Shade,Delight,,,,,FGPSPO0005F1,0,,0,deny,manual,24.00,,TRUE,TRUE,840122905803,,,,,,,,g,,,,,active
soft-pinch-tinted-lip-oil,,"<p> </p>
<p><span data-teams=""true"">An innovative lip jelly that transforms into a lightweight oil. Starts off glossy, then leaves lips tinted while gently plumping<strong> </strong>and staying comfortable—never sticky—all day.</span></p>",Rare Beauty,,Lip Oil,"non-returnable, Shop Sephora",TRUE,Shade,Affection,,,,,FGPSPO0002F1,0,,0,deny,manual,24.00,,TRUE,TRUE,840122905773,,,,,,,,g,,,,,active
soft-pinch-liquid-blush-deluxe-sample-hope,Soft Pinch Liquid Blush Deluxe Sample - Hope,,Rare Beauty,,Sample,"disable-qty, Disable: Add to Bag, Final Sale, hide, non-returnable",TRUE,Title,Default Title,,,,,FGPSPB009DD1,0,,0,deny,manual,0.00,,TRUE,TRUE,840122906275,https://cdn.shopify.com/s/files/1/0314/1143/7703/files/soft-pinch-blush-deluxe-sample-hope-1440x1952.jpg?v=1762285354,1,,,,,,g,,,,,active
rare-impact-backpack,Rare Impact Backpack,"<meta charset=""utf-8"">
<p class=""p1"" data-mce-fragment=""1""><span class=""s1"" data-mce-fragment=""1"">A sleek, minimal nylon backpack perfect for all your daily adventures. Made in celebration of Mental Health Awareness Month, with 100% of net proceeds supporting the Rare Impact Fund during the month of May to expand access to mental health services and education for young people.</span></p>
<br>",Rare Beauty,,Bag,non-returnable,TRUE,Title,Default Title,,,,,MKTBAG0011X1,0,,0,deny,manual,40.00,,TRUE,TRUE,840122901676,https://cdn.shopify.com/s/files/1/0314/1143/7703/files/rare-impact-backpack-front-1440x1952.jpg?v=1762286195,1,,,,,,g,,,,,active
rare-impact-backpack,,,,,,,,,,,,,,,,,,,,,,,,,https://cdn.shopify.com/s/files/1/0314/1143/7703/files/rare-impact-backpack-side-1440x1952.jpg?v=1682631590,2,,,,,,,,,,,
rare-impact-backpack,,,,,,,,,,,,,,,,,,,,,,,,,https://cdn.shopify.com/s/files/1/0314/1143/7703/files/rare-impact-backpack-back-1440x1952.jpg?v=1682631590,3,,,,,,,,,,,
gift-for-good,Gift for Good,,DailyKarma,,flat-donation,"hide, non-returnable, YBlocklist",TRUE,Give back,Donations are made through the DailyKarma Foundation and benefit the indicated charities. Tax-deductible to the extent allowed by law.,,,,,FLAT DONATION 3908 (1.0),0,,0,deny,manual,1.00,,FALSE,FALSE,,https://cdn.shopify.com/s/files/1/0314/1143/7703/files/donation-SKU_d9518c5f-dfbc-41e5-863b-9d810247697a.jpg?v=1762286605,1,,,,,,g,,,,,active
gift-for-good,,,DailyKarma,,flat-donation,"hide, non-returnable, YBlocklist",TRUE,Give back,Donations are made through the DailyKarma Foundation & benefit the indicated charities. Tax-deductible to the extent allowed by law.,,,,,FLAT DONATION 3908 (3.0),0,,0,deny,manual,3.00,,FALSE,FALSE,,,,,,,,,g,,,,,active
gift-for-good,,,DailyKarma,,flat-donation,"hide, non-returnable, YBlocklist",TRUE,Give back,Donations are made through the DailyKarma Foundation and benefit the indicated charities. Donations are Tax-deductible to the extent allowed by law.,,,,,FLAT DONATION 3908 (5.0),0,,0,deny,manual,5.00,,FALSE,FALSE,,,,,,,,,g,,,,,active
perfect-strokes-longwear-gel-eyeliner,Perfect Strokes Longwear Gel Eyeliner,"<p><span data-mce-fragment=""1"" style=""font-weight: 400;""></span><meta charset=""utf-8""><span data-mce-fragment=""1"" class=""TextRun SCXW111080621 BCX0"" lang=""EN-US"" data-contrast=""auto""><span data-mce-fragment=""1"" class=""NormalTextRun SCXW111080621 BCX0"">An easy-glide, waterproof gel pencil that stays put all day—even on the waterline—with a built-in sharpener for max precision and glide every time.</span></span></p>",Rare Beauty,,Eyeliner,"non-returnable, Shop Sephora",TRUE,Shade,True Black,,,,,FGPPSE0001F1,0,,0,deny,manual,21.00,,TRUE,TRUE,840122906169,https://cdn.shopify.com/s/files/1/0314/1143/7703/files/perfect-strokes-gel-liner-true-black-1440x1952.jpg?v=1762287309,1,,,,,,g,,,,,active
perfect-strokes-longwear-gel-eyeliner,,,,,,,,,,,,,,,,,,,,,,,,,https://cdn.shopify.com/s/files/1/0314/1143/7703/files/candid-06-perfect-strokes-gel-liner-true-black-1440x1952.jpg?v=1687990546,2,,,,,,,,,,,
perfect-strokes-longwear-gel-eyeliner,,,,,,,,,,,,,,,,,,,,,,,,,https://cdn.shopify.com/s/files/1/0314/1143/7703/files/edu-02-perfect-strokes-gel-liner-true-black-1440x1952.jpg?v=1687990546,3,,,,,,,,,,,
perfect-strokes-longwear-gel-eyeliner,,,,,,,,,,,,,,,,,,,,,,,,,https://cdn.shopify.com/s/files/1/0314/1143/7703/files/edu-03-perfect-strokes-gel-liner-true-black-1440x1952.jpg?v=1687990546,4,,,,,,,,,,,
perfect-strokes-longwear-gel-eyeliner,,,,,,,,,,,,,,,,,,,,,,,,,https://cdn.shopify.com/s/files/1/0314/1143/7703/files/candid-04-perfect-strokes-gel-liner-true-black-1440x1952.jpg?v=1687990546,5,,,,,,,,,,,
perfect-strokes-longwear-gel-eyeliner,,,,,,,,,,,,,,,,,,,,,,,,,https://cdn.shopify.com/s/files/1/0314/1143/7703/files/edu-01-perfect-strokes-gel-liner-true-black-1440x1952.jpg?v=1687990546,6,,,,,,,,,,,
perfect-strokes-longwear-gel-eyeliner,,,,,,,,,,,,,,,,,,,,,,,,,https://cdn.shopify.com/s/files/1/0314/1143/7703/files/swatch-perfect-strokes-gel-liner-true-black-1440x1952.png?v=1687990546,7,,,,,,,,,,,
perfect-strokes-longwear-gel-eyeliner,,,,,,,,,,,,,,,,,,,,,,,,,https://cdn.shopify.com/s/files/1/0314/1143/7703/files/perfect-strokes-gel-liner-true-black-closed-1440x1952.jpg?v=1687990546,8,,,,,,,,,,,
perfect-strokes-longwear-gel-eyeliner,,,,,,,,,,,,,,,,,,,,,,,,,https://cdn.shopify.com/s/files/1/0314/1143/7703/files/perfect-strokes-gel-liner-true-brown-1440x1952.jpg?v=1687954620,9,,,,,,,,,,,
perfect-strokes-longwear-gel-eyeliner,,,,,,,,,,,,,,,,,,,,,,,,,https://cdn.shopify.com/s/files/1/0314/1143/7703/files/edu-03-perfect-strokes-gel-liner-true-brown-1440x1952.jpg?v=1687990546,10,,,,,,,,,,,
perfect-strokes-longwear-gel-eyeliner,,,,,,,,,,,,,,,,,,,,,,,,,https://cdn.shopify.com/s/files/1/0314/1143/7703/files/edu-01-perfect-strokes-gel-liner-true-brown-1440x1952.jpg?v=1687990546,11,,,,,,,,,,,
perfect-strokes-longwear-gel-eyeliner,,,,,,,,,,,,,,,,,,,,,,,,,https://cdn.shopify.com/s/files/1/0314/1143/7703/files/edu-02-perfect-strokes-gel-liner-true-brown-1440x1952.jpg?v=1687990546,12,,,,,,,,,,,
perfect-strokes-longwear-gel-eyeliner,,,,,,,,,,,,,,,,,,,,,,,,,https://cdn.shopify.com/s/files/1/0314/1143/7703/files/swatch-perfect-strokes-gel-liner-true-brown-1440x1952.png?v=1687990546,13,,,,,,,,,,,
perfect-strokes-longwear-gel-eyeliner,,,,,,,,,,,,,,,,,,,,,,,,,https://cdn.shopify.com/s/files/1/0314/1143/7703/files/perfect-strokes-gel-liner-true-brown-closed-1440x1952.jpg?v=1687990546,14,,,,,,,,,,,
perfect-strokes-longwear-gel-eyeliner,,,,,,,,,,,,,,,,,,,,,,,,,https://cdn.shopify.com/s/files/1/0314/1143/7703/files/perfect-strokes-gel-liner-compassion-1440x1952.jpg?v=1687954620,15,,,,,,,,,,,
perfect-strokes-longwear-gel-eyeliner,,,,,,,,,,,,,,,,,,,,,,,,,https://cdn.shopify.com/s/files/1/0314/1143/7703/files/application-01-perfect-strokes-gel-liner-compassion-1440x1952.jpg?v=1687990546,16,,,,,,,,,,,
perfect-strokes-longwear-gel-eyeliner,,,,,,,,,,,,,,,,,,,,,,,,,https://cdn.shopify.com/s/files/1/0314/1143/7703/files/edu-03-perfect-strokes-gel-liner-compassion-1440x1952.jpg?v=1687990546,17,,,,,,,,,,,
perfect-strokes-longwear-gel-eyeliner,,,,,,,,,,,,,,,,,,,,,,,,,https://cdn.shopify.com/s/files/1/0314/1143/7703/files/edu-02-perfect-strokes-gel-liner-compassion-1440x1952.jpg?v=1687990546,18,,,,,,,,,,,
perfect-strokes-longwear-gel-eyeliner,,,,,,,,,,,,,,,,,,,,,,,,,https://cdn.shopify.com/s/files/1/0314/1143/7703/files/edu-01-perfect-strokes-gel-liner-compassion-1440x1952.jpg?v=1687990546,19,,,,,,,,,,,
perfect-strokes-longwear-gel-eyeliner,,,,,,,,,,,,,,,,,,,,,,,,,https://cdn.shopify.com/s/files/1/0314/1143/7703/files/swatch-perfect-strokes-gel-liner-compassion-1440x1952.png?v=1687990546,20,,,,,,,,,,,
perfect-strokes-longwear-gel-eyeliner,,,,,,,,,,,,,,,,,,,,,,,,,https://cdn.shopify.com/s/files/1/0314/1143/7703/files/perfect-strokes-gel-liner-compassion-closed-1440x1952.jpg?v=1687990546,21,,,,,,,,,,,
perfect-strokes-longwear-gel-eyeliner,,,,,,,,,,,,,,,,,,,,,,,,,https://cdn.shopify.com/s/files/1/0314/1143/7703/files/arm-swatches-perfect-strokes-gel-liner-1440x1952.jpg?v=1687990546,22,,,,,,,,,,,
perfect-strokes-longwear-gel-eyeliner,,,,,,,,,,,,,,,,,,,,,,,,,https://cdn.shopify.com/s/files/1/0314/1143/7703/files/campaign-perfect-strokes-gel-eyeliner.jpg?v=1687990546,23,,,,,,,,,,,
perfect-strokes-longwear-gel-eyeliner,,"<p><span data-mce-fragment=""1"" style=""font-weight: 400;""></span><meta charset=""utf-8""><span data-mce-fragment=""1"" class=""TextRun SCXW111080621 BCX0"" lang=""EN-US"" data-contrast=""auto""><span data-mce-fragment=""1"" class=""NormalTextRun SCXW111080621 BCX0"">An easy-glide, waterproof gel pencil that stays put all day—even on the waterline—with a built-in sharpener for max precision and glide every time.</span></span></p>",Rare Beauty,,Eyeliner,"non-returnable, Shop Sephora",TRUE,Shade,True Brown,,,,,FGPPSE0002F1,0,,0,deny,manual,21.00,,TRUE,TRUE,840122906176,,,,,,,,g,,,,,active
perfect-strokes-longwear-gel-eyeliner,,"<p><span data-mce-fragment=""1"" style=""font-weight: 400;""></span><meta charset=""utf-8""><span data-mce-fragment=""1"" class=""TextRun SCXW111080621 BCX0"" lang=""EN-US"" data-contrast=""auto""><span data-mce-fragment=""1"" class=""NormalTextRun SCXW111080621 BCX0"">An easy-glide, waterproof gel pencil that stays put all day—even on the waterline—with a built-in sharpener for max precision and glide every time.</span></span></p>",Rare Beauty,,Eyeliner,"non-returnable, Shop Sephora",TRUE,Shade,Compassion,,,,,FGPPSE0003F1,0,,0,deny,manual,21.00,,TRUE,TRUE,840122906183,,,,,,,,g,,,,,active
all-of-the-above-weightless-eyeshadow-stick,Rare Beauty All of the Above Weightless Eyeshadow Stick,"<meta charset=""utf-8"">
<p><span class=""TextRun SCXW7947363 BCX0"" lang=""EN-US"" data-contrast=""auto""><span class=""NormalTextRun SCXW7947363 BCX0"">A super creamy, do-it-all eyeshadow stick that makes it easy to line, shade, smoke out, and highlight eyes all in one. Complete with a built-in sharpener.</span></span></p>",Rare Beauty,,Eyeshadow,"non-returnable, Shop Sephora",TRUE,Shade,Well-Being,,,,,FGPATA0001F1,0,,0,deny,manual,22.00,,TRUE,TRUE,840122906190,https://cdn.shopify.com/s/files/1/0314/1143/7703/files/all-of-the-above-eyeshadow-stick-well-being-1440x1952.jpg?v=1762287309,1,,,,,,g,,,,,active
all-of-the-above-weightless-eyeshadow-stick,,,,,,,,,,,,,,,,,,,,,,,,,https://cdn.shopify.com/s/files/1/0314/1143/7703/files/macro-all-of-the-above-eyeshadow-stick-well-being-1440x1952.jpg?v=1687954498,2,,,,,,,,,,,
all-of-the-above-weightless-eyeshadow-stick,,,,,,,,,,,,,,,,,,,,,,,,,https://cdn.shopify.com/s/files/1/0314/1143/7703/files/candid-04-all-of-the-above-eyeshadow-stick-wellbeing-and-compassion-1440x1952.jpg?v=1687989704,3,,,,,,,,,,,
all-of-the-above-weightless-eyeshadow-stick,,,,,,,,,,,,,,,,,,,,,,,,,https://cdn.shopify.com/s/files/1/0314/1143/7703/files/swatch-all-of-the-above-eyeshadow-stick-well-being-1440x1952.png?v=1687989704,4,,,,,,,,,,,
all-of-the-above-weightless-eyeshadow-stick,,,,,,,,,,,,,,,,,,,,,,,,,https://cdn.shopify.com/s/files/1/0314/1143/7703/files/all-of-the-above-eyeshadow-stick-well-being-closed-1440x1952.jpg?v=1687989704,5,,,,,,,,,,,
all-of-the-above-weightless-eyeshadow-stick,,,,,,,,,,,,,,,,,,,,,,,,,https://cdn.shopify.com/s/files/1/0314/1143/7703/files/all-of-the-above-eyeshadow-stick-integrity-1440x1952.jpg?v=1687954498,6,,,,,,,,,,,
all-of-the-above-weightless-eyeshadow-stick,,,,,,,,,,,,,,,,,,,,,,,,,https://cdn.shopify.com/s/files/1/0314/1143/7703/files/macro-all-of-the-above-eyeshadow-stick-integrity-1440x1952.jpg?v=1687974409,7,,,,,,,,,,,
all-of-the-above-weightless-eyeshadow-stick,,,,,,,,,,,,,,,,,,,,,,,,,https://cdn.shopify.com/s/files/1/0314/1143/7703/files/candid-02-all-of-the-above-eyeshadow-stick-integrity-and-adventure-1440x1952.jpg?v=1687989704,8,,,,,,,,,,,
all-of-the-above-weightless-eyeshadow-stick,,,,,,,,,,,,,,,,,,,,,,,,,https://cdn.shopify.com/s/files/1/0314/1143/7703/files/swatch-all-of-the-above-eyeshadow-stick-integrity-1440x1952.png?v=1687989704,9,,,,,,,,,,,
all-of-the-above-weightless-eyeshadow-stick,,,,,,,,,,,,,,,,,,,,,,,,,https://cdn.shopify.com/s/files/1/0314/1143/7703/files/all-of-the-above-eyeshadow-stick-integrity-closed-1440x1952.jpg?v=1687989704,10,,,,,,,,,,,
all-of-the-above-weightless-eyeshadow-stick,,,,,,,,,,,,,,,,,,,,,,,,,https://cdn.shopify.com/s/files/1/0314/1143/7703/files/all-of-the-above-eyeshadow-stick-contentment-1440x1952.jpg?v=1687954498,11,,,,,,,,,,,
all-of-the-above-weightless-eyeshadow-stick,,,,,,,,,,,,,,,,,,,,,,,,,https://cdn.shopify.com/s/files/1/0314/1143/7703/files/macro-all-of-the-above-eyeshadow-stick-contentment-1440x1952.jpg?v=1687974409,12,,,,,,,,,,,
all-of-the-above-weightless-eyeshadow-stick,,,,,,,,,,,,,,,,,,,,,,,,,https://cdn.shopify.com/s/files/1/0314/1143/7703/files/swatch-all-of-the-above-eyeshadow-stick-contentment-1440x1952.png?v=1687989704,13,,,,,,,,,,,
all-of-the-above-weightless-eyeshadow-stick,,,,,,,,,,,,,,,,,,,,,,,,,https://cdn.shopify.com/s/files/1/0314/1143/7703/files/all-of-the-above-eyeshadow-stick-contentment-closed-1440x1952.jpg?v=1687989704,14,,,,,,,,,,,
all-of-the-above-weightless-eyeshadow-stick,,,,,,,,,,,,,,,,,,,,,,,,,https://cdn.shopify.com/s/files/1/0314/1143/7703/files/all-of-the-above-eyeshadow-stick-growth-1440x1952.jpg?v=1687954498,15,,,,,,,,,,,
all-of-the-above-weightless-eyeshadow-stick,,,,,,,,,,,,,,,,,,,,,,,,,https://cdn.shopify.com/s/files/1/0314/1143/7703/files/macro-all-of-the-above-eyeshadow-stick-growth-1440x1952.jpg?v=1687974409,16,,,,,,,,,,,
all-of-the-above-weightless-eyeshadow-stick,,,,,,,,,,,,,,,,,,,,,,,,,https://cdn.shopify.com/s/files/1/0314/1143/7703/files/edu-all-of-the-above-eyeshadow-stick-growth-1440x1952.jpg?v=1687989704,17,,,,,,,,,,,
all-of-the-above-weightless-eyeshadow-stick,,,,,,,,,,,,,,,,,,,,,,,,,https://cdn.shopify.com/s/files/1/0314/1143/7703/files/swatch-all-of-the-above-eyeshadow-stick-growth-1440x1952.png?v=1687989704,18,,,,,,,,,,,
all-of-the-above-weightless-eyeshadow-stick,,,,,,,,,,,,,,,,,,,,,,,,,https://cdn.shopify.com/s/files/1/0314/1143/7703/files/all-of-the-above-eyeshadow-stick-growth-closed-1440x1952.jpg?v=1687989704,19,,,,,,,,,,,
all-of-the-above-weightless-eyeshadow-stick,,,,,,,,,,,,,,,,,,,,,,,,,https://cdn.shopify.com/s/files/1/0314/1143/7703/files/all-of-the-above-eyeshadow-stick-compassion-1440x1952.jpg?v=1687954498,20,,,,,,,,,,,
all-of-the-above-weightless-eyeshadow-stick,,,,,,,,,,,,,,,,,,,,,,,,,https://cdn.shopify.com/s/files/1/0314/1143/7703/files/macro-all-of-the-above-eyeshadow-stick-compassion-1440x1952.jpg?v=1687974409,21,,,,,,,,,,,
all-of-the-above-weightless-eyeshadow-stick,,,,,,,,,,,,,,,,,,,,,,,,,https://cdn.shopify.com/s/files/1/0314/1143/7703/files/edu-all-of-the-above-eyeshadow-stick-integrity-and-compassion-1440x1952_d26b3492-82e1-4963-9d1d-38e4911b6bfa.jpg?v=1687989704,22,,,,,,,,,,,
all-of-the-above-weightless-eyeshadow-stick,,,,,,,,,,,,,,,,,,,,,,,,,https://cdn.shopify.com/s/files/1/0314/1143/7703/files/candid-05-all-of-the-above-eyeshadow-stick-wellbeing-and-compassion-1440x1952_5fc398c3-0f72-472e-b4dd-fa4fcb1c905b.jpg?v=1687989704,23,,,,,,,,,,,
all-of-the-above-weightless-eyeshadow-stick,,,,,,,,,,,,,,,,,,,,,,,,,https://cdn.shopify.com/s/files/1/0314/1143/7703/files/swatch-all-of-the-above-eyeshadow-stick-compassion-1440x1952.png?v=1687989704,24,,,,,,,,,,,
all-of-the-above-weightless-eyeshadow-stick,,,,,,,,,,,,,,,,,,,,,,,,,https://cdn.shopify.com/s/files/1/0314/1143/7703/files/all-of-the-above-eyeshadow-stick-compassion-closed-1440x1952.jpg?v=1687989704,25,,,,,,,,,,,
all-of-the-above-weightless-eyeshadow-stick,,,,,,,,,,,,,,,,,,,,,,,,,https://cdn.shopify.com/s/files/1/0314/1143/7703/files/all-of-the-above-eyeshadow-stick-adventure-1440x1952.jpg?v=1687954498,26,,,,,,,,,,,
all-of-the-above-weightless-eyeshadow-stick,,,,,,,,,,,,,,,,,,,,,,,,,https://cdn.shopify.com/s/files/1/0314/1143/7703/files/macro-all-of-the-above-eyeshadow-stick-adventure-1440x1952.jpg?v=1687974409,27,,,,,,,,,,,
all-of-the-above-weightless-eyeshadow-stick,,,,,,,,,,,,,,,,,,,,,,,,,https://cdn.shopify.com/s/files/1/0314/1143/7703/files/candid-01-all-of-the-above-eyeshadow-stick-integrity-and-adventure-1440x1952_390240ea-c154-4663-a0d7-42e297ff76b9.jpg?v=1687989704,28,,,,,,,,,,,
all-of-the-above-weightless-eyeshadow-stick,,,,,,,,,,,,,,,,,,,,,,,,,https://cdn.shopify.com/s/files/1/0314/1143/7703/files/swatch-all-of-the-above-eyeshadow-stick-adventure-1440x1952.png?v=1687989704,29,,,,,,,,,,,
all-of-the-above-weightless-eyeshadow-stick,,,,,,,,,,,,,,,,,,,,,,,,,https://cdn.shopify.com/s/files/1/0314/1143/7703/files/all-of-the-above-eyeshadow-stick-adventure-closed-1440x1952.jpg?v=1687989704,30,,,,,,,,,,,
all-of-the-above-weightless-eyeshadow-stick,,,,,,,,,,,,,,,,,,,,,,,,,https://cdn.shopify.com/s/files/1/0314/1143/7703/files/arm-swatches-all-of-the-above-eyeshadow-stick-1440x1952.jpg?v=1687989704,31,,,,,,,,,,,
all-of-the-above-weightless-eyeshadow-stick,,,,,,,,,,,,,,,,,,,,,,,,,https://cdn.shopify.com/s/files/1/0314/1143/7703/files/evergreen-all-of-the-above-eyeshadow-stick-01.jpg?v=1687989704,32,,,,,,,,,,,
all-of-the-above-weightless-eyeshadow-stick,,,,,,,,,,,,,,,,,,,,,,,,,https://cdn.shopify.com/s/files/1/0314/1143/7703/files/evergreen-all-of-the-above-eyeshadow-stick-03.jpg?v=1687989704,33,,,,,,,,,,,
all-of-the-above-weightless-eyeshadow-stick,,"<meta charset=""utf-8"">
<p><span class=""TextRun SCXW7947363 BCX0"" lang=""EN-US"" data-contrast=""auto""><span class=""NormalTextRun SCXW7947363 BCX0"">A super creamy, do-it-all eyeshadow stick that makes it easy to line, shade, smoke out, and highlight eyes all in one. Complete with a built-in sharpener.</span></span></p>",Rare Beauty,,Eyeshadow,"non-returnable, Shop Sephora",TRUE,Shade,Integrity,,,,,FGPATA0002F1,0,,0,deny,manual,22.00,,TRUE,TRUE,840122906206,,,,,,,,g,,,,,active
all-of-the-above-weightless-eyeshadow-stick,,"<meta charset=""utf-8"">
<p><span class=""TextRun SCXW7947363 BCX0"" lang=""EN-US"" data-contrast=""auto""><span class=""NormalTextRun SCXW7947363 BCX0"">A super creamy, do-it-all eyeshadow stick that makes it easy to line, shade, smoke out, and highlight eyes all in one. Complete with a built-in sharpener.</span></span></p>",Rare Beauty,,Eyeshadow,"non-returnable, Shop Sephora",TRUE,Shade,Contentment,,,,,FGPATA0003F1,0,,0,deny,manual,22.00,,TRUE,TRUE,840122906213,,,,,,,,g,,,,,active
all-of-the-above-weightless-eyeshadow-stick,,"<meta charset=""utf-8"">
<p><span class=""TextRun SCXW7947363 BCX0"" lang=""EN-US"" data-contrast=""auto""><span class=""NormalTextRun SCXW7947363 BCX0"">A super creamy, do-it-all eyeshadow stick that makes it easy to line, shade, smoke out, and highlight eyes all in one. Complete with a built-in sharpener.</span></span></p>",Rare Beauty,,Eyeshadow,"non-returnable, Shop Sephora",TRUE,Shade,Growth,,,,,FGPATA0004F1,0,,0,deny,manual,22.00,,TRUE,TRUE,840122906220,,,,,,,,g,,,,,active
all-of-the-above-weightless-eyeshadow-stick,,"<meta charset=""utf-8"">
<p><span class=""TextRun SCXW7947363 BCX0"" lang=""EN-US"" data-contrast=""auto""><span class=""NormalTextRun SCXW7947363 BCX0"">A super creamy, do-it-all eyeshadow stick that makes it easy to line, shade, smoke out, and highlight eyes all in one. Complete with a built-in sharpener.</span></span></p>",Rare Beauty,,Eyeshadow,"non-returnable, Shop Sephora",TRUE,Shade,Compassion,,,,,FGPATA0005F1,0,,0,deny,manual,22.00,,TRUE,TRUE,840122906237,,,,,,,,g,,,,,active
all-of-the-above-weightless-eyeshadow-stick,,"<meta charset=""utf-8"">
<p><span class=""TextRun SCXW7947363 BCX0"" lang=""EN-US"" data-contrast=""auto""><span class=""NormalTextRun SCXW7947363 BCX0"">A super creamy, do-it-all eyeshadow stick that makes it easy to line, shade, smoke out, and highlight eyes all in one. Complete with a built-in sharpener.</span></span></p>",Rare Beauty,,Eyeshadow,"non-returnable, Shop Sephora",TRUE,Shade,Adventure,,,,,FGPATA0006F1,0,,0,deny,manual,22.00,,TRUE,TRUE,840122906244,,,,,,,,g,,,,,active
brow-harmony-precision-pencil,Brow Harmony Precision Pencil,"<meta charset=""utf-8"">
<p><span class=""TextRun SCXW3441103 BCX0"" lang=""EN-US"" data-contrast=""auto""><span class=""NormalTextRun SCXW3441103 BCX0"">A long-lasting, waterproof pencil with a fine angled tip to create precise, hair-like strokes for the most natural-looking brows.</span></span></p>",Rare Beauty,,Brow Pencil,"Award: allure-2024, non-returnable, Shop Sephora",TRUE,Shade,Soft Blonde,,,,,FGPBRH0015F1,0,,0,deny,manual,19.00,,TRUE,TRUE,840122905841,https://cdn.shopify.com/s/files/1/0314/1143/7703/files/brow-harmony-precision-pencil-soft-blonde-1440x1952.jpg?v=1762287311,1,,,,,,g,,,,,active
brow-harmony-precision-pencil,,,,,,,,,,,,,,,,,,,,,,,,,https://cdn.shopify.com/s/files/1/0314/1143/7703/files/BA-brow-harmony-precision-pencil-soft-blonde-1440x1952.jpg?v=1752602157,2,,,,,,,,,,,
brow-harmony-precision-pencil,,,,,,,,,,,,,,,,,,,,,,,,,https://cdn.shopify.com/s/files/1/0314/1143/7703/files/swatch-brow-harmony-precision-pencil-soft-blonde-1440x1952.png?v=1687954753,3,,,,,,,,,,,
brow-harmony-precision-pencil,,,,,,,,,,,,,,,,,,,,,,,,,https://cdn.shopify.com/s/files/1/0314/1143/7703/files/brow-harmony-precision-pencil-soft-blonde-closed-1440x1952.jpg?v=1687990198,4,,,,,,,,,,,
brow-harmony-precision-pencil,,,,,,,,,,,,,,,,,,,,,,,,,https://cdn.shopify.com/s/files/1/0314/1143/7703/files/brow-harmony-precision-pencil-rich-taupe-1440x1952.jpg?v=1687954753,5,,,,,,,,,,,
brow-harmony-precision-pencil,,,,,,,,,,,,,,,,,,,,,,,,,https://cdn.shopify.com/s/files/1/0314/1143/7703/files/BA-brow-harmony-precision-pencil-rich-taupe-1440x1952.jpg?v=1752602157,6,,,,,,,,,,,
brow-harmony-precision-pencil,,,,,,,,,,,,,,,,,,,,,,,,,https://cdn.shopify.com/s/files/1/0314/1143/7703/files/application-brow-harmony-precision-pencil-rich-taupe-1440x1952.jpg?v=1687954753,7,,,,,,,,,,,
brow-harmony-precision-pencil,,,,,,,,,,,,,,,,,,,,,,,,,https://cdn.shopify.com/s/files/1/0314/1143/7703/files/swatch-brow-harmony-precision-pencil-rich-taupe-1440x1952.png?v=1687954753,8,,,,,,,,,,,
brow-harmony-precision-pencil,,,,,,,,,,,,,,,,,,,,,,,,,https://cdn.shopify.com/s/files/1/0314/1143/7703/files/brow-harmony-precision-pencil-rich-taupe-closed-1440x1952.jpg?v=1687990198,9,,,,,,,,,,,
brow-harmony-precision-pencil,,,,,,,,,,,,,,,,,,,,,,,,,https://cdn.shopify.com/s/files/1/0314/1143/7703/files/brow-harmony-precision-pencil-warm-brown-1440x1952.jpg?v=1687954753,10,,,,,,,,,,,
brow-harmony-precision-pencil,,,,,,,,,,,,,,,,,,,,,,,,,https://cdn.shopify.com/s/files/1/0314/1143/7703/files/BA-brow-harmony-precision-pencil-warm-brown-1440x1952.jpg?v=1752602157,11,,,,,,,,,,,
brow-harmony-precision-pencil,,,,,,,,,,,,,,,,,,,,,,,,,https://cdn.shopify.com/s/files/1/0314/1143/7703/files/swatch-brow-harmony-precision-pencil-warm-brown-1440x1952.png?v=1687954753,12,,,,,,,,,,,
brow-harmony-precision-pencil,,,,,,,,,,,,,,,,,,,,,,,,,https://cdn.shopify.com/s/files/1/0314/1143/7703/files/brow-harmony-precision-pencil-warm-brown-closed-1440x1952.jpg?v=1687990198,13,,,,,,,,,,,
brow-harmony-precision-pencil,,,,,,,,,,,,,,,,,,,,,,,,,https://cdn.shopify.com/s/files/1/0314/1143/7703/files/brow-harmony-precision-pencil-cool-brown-1440x1952.jpg?v=1687954753,14,,,,,,,,,,,
brow-harmony-precision-pencil,,,,,,,,,,,,,,,,,,,,,,,,,https://cdn.shopify.com/s/files/1/0314/1143/7703/files/BA-brow-harmony-precision-pencil-cool-brown-1440x1952.jpg?v=1752602157,15,,,,,,,,,,,
brow-harmony-precision-pencil,,,,,,,,,,,,,,,,,,,,,,,,,https://cdn.shopify.com/s/files/1/0314/1143/7703/files/swatch-brow-harmony-precision-pencil-cool-brown-1440x1952.png?v=1687954753,16,,,,,,,,,,,
brow-harmony-precision-pencil,,,,,,,,,,,,,,,,,,,,,,,,,https://cdn.shopify.com/s/files/1/0314/1143/7703/files/brow-harmony-precision-pencil-cool-brown-closed-1440x1952.jpg?v=1687990198,17,,,,,,,,,,,
brow-harmony-precision-pencil,,,,,,,,,,,,,,,,,,,,,,,,,https://cdn.shopify.com/s/files/1/0314/1143/7703/files/brow-harmony-precision-pencil-deep-brown-1440x1952.jpg?v=1687954753,18,,,,,,,,,,,
brow-harmony-precision-pencil,,,,,,,,,,,,,,,,,,,,,,,,,https://cdn.shopify.com/s/files/1/0314/1143/7703/files/BA-brow-harmony-precision-pencil-deep-brown-1440x1952.jpg?v=1752602157,19,,,,,,,,,,,
brow-harmony-precision-pencil,,,,,,,,,,,,,,,,,,,,,,,,,https://cdn.shopify.com/s/files/1/0314/1143/7703/files/swatch-brow-harmony-precision-pencil-deep-brown-1440x1952.png?v=1687954753,20,,,,,,,,,,,
brow-harmony-precision-pencil,,,,,,,,,,,,,,,,,,,,,,,,,https://cdn.shopify.com/s/files/1/0314/1143/7703/files/brow-harmony-precision-pencil-deep-brown-closed-1440x1952.jpg?v=1687990198,21,,,,,,,,,,,
brow-harmony-precision-pencil,,,,,,,,,,,,,,,,,,,,,,,,,https://cdn.shopify.com/s/files/1/0314/1143/7703/files/brow-harmony-precision-pencil-soft-black-1440x1952.jpg?v=1687954753,22,,,,,,,,,,,
brow-harmony-precision-pencil,,,,,,,,,,,,,,,,,,,,,,,,,https://cdn.shopify.com/s/files/1/0314/1143/7703/files/BA-brow-harmony-precision-pencil-soft-black-1440x1952.jpg?v=1752602157,23,,,,,,,,,,,
brow-harmony-precision-pencil,,,,,,,,,,,,,,,,,,,,,,,,,https://cdn.shopify.com/s/files/1/0314/1143/7703/files/swatch-brow-harmony-precision-pencil-soft-black-1440x1952.png?v=1687954753,24,,,,,,,,,,,
brow-harmony-precision-pencil,,,,,,,,,,,,,,,,,,,,,,,,,https://cdn.shopify.com/s/files/1/0314/1143/7703/files/brow-harmony-precision-pencil-soft-black-closed-1440x1952.jpg?v=1687990198,25,,,,,,,,,,,
brow-harmony-precision-pencil,,,,,,,,,,,,,,,,,,,,,,,,,https://cdn.shopify.com/s/files/1/0314/1143/7703/files/brow-harmony-precision-pencil-spoolie-1440x1952.jpg?v=1687990198,26,,,,,,,,,,,
brow-harmony-precision-pencil,,,,,,,,,,,,,,,,,,,,,,,,,https://cdn.shopify.com/s/files/1/0314/1143/7703/files/campaign-brow-harmony-precision-pencil-01.jpg?v=1687990198,27,,,,,,,,,,,
brow-harmony-precision-pencil,,,,,,,,,,,,,,,,,,,,,,,,,https://cdn.shopify.com/s/files/1/0314/1143/7703/files/campaign-brow-harmony-precision-pencil-02.jpg?v=1687990198,28,,,,,,,,,,,
brow-harmony-precision-pencil,,"<meta charset=""utf-8"">
<p><span class=""TextRun SCXW3441103 BCX0"" lang=""EN-US"" data-contrast=""auto""><span class=""NormalTextRun SCXW3441103 BCX0"">A long-lasting, waterproof pencil with a fine angled tip to create precise, hair-like strokes for the most natural-looking brows.</span></span></p>",Rare Beauty,,Brow Pencil,"Award: allure-2024, non-returnable, Shop Sephora",TRUE,Shade,Rich Taupe,,,,,FGPBRH0016F1,0,,0,deny,manual,19.00,,TRUE,TRUE,840122906107,,,,,,,,g,,,,,active
brow-harmony-precision-pencil,,"<meta charset=""utf-8"">
<p><span class=""TextRun SCXW3441103 BCX0"" lang=""EN-US"" data-contrast=""auto""><span class=""NormalTextRun SCXW3441103 BCX0"">A long-lasting, waterproof pencil with a fine angled tip to create precise, hair-like strokes for the most natural-looking brows.</span></span></p>",Rare Beauty,,Brow Pencil,"Award: allure-2024, non-returnable, Shop Sephora",TRUE,Shade,Warm Brown,,,,,FGPBRH0017F1,0,,0,deny,manual,19.00,,TRUE,TRUE,840122906114,,,,,,,,g,,,,,active
brow-harmony-precision-pencil,,"<meta charset=""utf-8"">
<p><span class=""TextRun SCXW3441103 BCX0"" lang=""EN-US"" data-contrast=""auto""><span class=""NormalTextRun SCXW3441103 BCX0"">A long-lasting, waterproof pencil with a fine angled tip to create precise, hair-like strokes for the most natural-looking brows.</span></span></p>",Rare Beauty,,Brow Pencil,"Award: allure-2024, non-returnable, Shop Sephora",TRUE,Shade,Cool Brown,,,,,FGPBRH0018F1,0,,0,deny,manual,19.00,,TRUE,TRUE,840122906121,,,,,,,,g,,,,,active
brow-harmony-precision-pencil,,"<meta charset=""utf-8"">
<p><span class=""TextRun SCXW3441103 BCX0"" lang=""EN-US"" data-contrast=""auto""><span class=""NormalTextRun SCXW3441103 BCX0"">A long-lasting, waterproof pencil with a fine angled tip to create precise, hair-like strokes for the most natural-looking brows.</span></span></p>",Rare Beauty,,Brow Pencil,"Award: allure-2024, non-returnable, Shop Sephora",TRUE,Shade,Deep Brown,,,,,FGPBRH0019F1,0,,0,deny,manual,19.00,,TRUE,TRUE,840122906138,,,,,,,,g,,,,,active
brow-harmony-precision-pencil,,"<meta charset=""utf-8"">
<p><span class=""TextRun SCXW3441103 BCX0"" lang=""EN-US"" data-contrast=""auto""><span class=""NormalTextRun SCXW3441103 BCX0"">A long-lasting, waterproof pencil with a fine angled tip to create precise, hair-like strokes for the most natural-looking brows.</span></span></p>",Rare Beauty,,Brow Pencil,"Award: allure-2024, non-returnable, Shop Sephora",TRUE,Shade,Soft Black,,,,,FGPBRH0020F1,0,,0,deny,manual,19.00,,TRUE,TRUE,840122906145,,,,,,,,g,,,,,active
brow-harmony-flexible-lifting-gel,Brow Harmony Tinted Flexible Lifting Gel,"<p> </p>
<div class=""OutlineElement Ltr SCXW231178816 BCX0"">
<p class=""Paragraph SCXW231178816 BCX0""><span data-contrast=""auto"" lang=""EN-US"" class=""TextRun SCXW231178816 BCX0""><span class=""NormalTextRun SCXW231178816 BCX0"">Our bestselling clear brow gel—now in six natural brow shades. Instantly lift, tint, and set in one simple step, with up to 12-hour waterproof, sweat-resistant hold<span> </span></span><span class=""NormalTextRun SCXW231178816 BCX0"">that’s</span><span class=""NormalTextRun SCXW231178816 BCX0""><span> </span>never sticky or crunchy.</span></span></p>
</div>",Rare Beauty,,Brow Gel,"Badge: New Shades, non-returnable, Shop Sephora",TRUE,Shade,Soft Blonde,,,,,FGPSP60009F1,28,,0,deny,manual,21.00,,TRUE,TRUE,840122909047,https://cdn.shopify.com/s/files/1/0314/1143/7703/files/brow-harmony-flexible-lifting-gel-1440x1952.jpg?v=1762287798,1,,,,,,g,,,,,active
brow-harmony-flexible-lifting-gel,,,,,,,,,,,,,,,,,,,,,,,,,https://cdn.shopify.com/s/files/1/0314/1143/7703/files/ECOMM-BH-BROW-GEL-CLEAR-CANDID.jpg?v=1779523852,2,,,,,,,,,,,
brow-harmony-flexible-lifting-gel,,,,,,,,,,,,,,,,,,,,,,,,,https://cdn.shopify.com/s/files/1/0314/1143/7703/files/SWATCH-BH-BROW-GEL-CLEAR.png?v=1779522895,3,,,,,,,,,,,
brow-harmony-flexible-lifting-gel,,,,,,,,,,,,,,,,,,,,,,,,,https://cdn.shopify.com/s/files/1/0314/1143/7703/files/LAYERING-GRID-BROW-HARMONY-CLEAR.jpg?v=1779521750,4,,,,,,,,,,,
brow-harmony-flexible-lifting-gel,,,,,,,,,,,,,,,,,,,,,,,,,https://cdn.shopify.com/s/files/1/0314/1143/7703/files/on-figure-01-brow-harmony-flexible-lifting-gel-1440x1952.png?v=1772745266,5,,,,,,,,,,,
brow-harmony-flexible-lifting-gel,,,,,,,,,,,,,,,,,,,,,,,,,https://cdn.shopify.com/s/files/1/0314/1143/7703/files/on-figure-02-brow-harmony-flexible-lifting-gel-1440x1952.png?v=1748542384,6,,,,,,,,,,,
brow-harmony-flexible-lifting-gel,,,,,,,,,,,,,,,,,,,,,,,,,https://cdn.shopify.com/s/files/1/0314/1143/7703/files/candid-02-brow-harmony-flexible-lifting-gel-1440x1952.jpg?v=1772745103,7,,,,,,,,,,,
brow-harmony-flexible-lifting-gel,,,,,,,,,,,,,,,,,,,,,,,,,https://cdn.shopify.com/s/files/1/0314/1143/7703/files/brow-harmony-flexible-lifting-gel-closed-1440x1952.jpg?v=1692115342,8,,,,,,,,,,,
brow-harmony-flexible-lifting-gel,,,,,,,,,,,,,,,,,,,,,,,,,https://cdn.shopify.com/s/files/1/0314/1143/7703/files/ECOMM-BH-TINTED-BROW-GEL-SOFT-BLONDE.jpg?v=1779520909,9,,,,,,,,,,,
brow-harmony-flexible-lifting-gel,,,,,,,,,,,,,,,,,,,,,,,,,https://cdn.shopify.com/s/files/1/0314/1143/7703/files/ECOMM-BH-BROW-GEL-SOFT-BLONDE-CANDID.jpg?v=1779521132,10,,,,,,,,,,,
brow-harmony-flexible-lifting-gel,,,,,,,,,,,,,,,,,,,,,,,,,https://cdn.shopify.com/s/files/1/0314/1143/7703/files/CAMPAIGN-BH-BROW-GEL-WITH-PRODUCT-SOFT-BLONDE.jpg?v=1779521087,11,,,,,,,,,,,
brow-harmony-flexible-lifting-gel,,,,,,,,,,,,,,,,,,,,,,,,,https://cdn.shopify.com/s/files/1/0314/1143/7703/files/SWATCH-BH-TINTED-BROW-GEL-SOFT-BLONDE.png?v=1779521012,12,,,,,,,,,,,
brow-harmony-flexible-lifting-gel,,,,,,,,,,,,,,,,,,,,,,,,,https://cdn.shopify.com/s/files/1/0314/1143/7703/files/LAYERING-GRID-BROW-HARMONY-SOFT-BLONDE.jpg?v=1779521750,13,,,,,,,,,,,
brow-harmony-flexible-lifting-gel,,,,,,,,,,,,,,,,,,,,,,,,,https://cdn.shopify.com/s/files/1/0314/1143/7703/files/ECOMM-BH-TINTED-BROW-GEL-CLOSED-SOFT-BLONDE.jpg?v=1779520909,14,,,,,,,,,,,
brow-harmony-flexible-lifting-gel,,,,,,,,,,,,,,,,,,,,,,,,,https://cdn.shopify.com/s/files/1/0314/1143/7703/files/ECOMM-BH-TINTED-BROW-GEL-RICH-TAUPE.jpg?v=1779521245,15,,,,,,,,,,,
brow-harmony-flexible-lifting-gel,,,,,,,,,,,,,,,,,,,,,,,,,https://cdn.shopify.com/s/files/1/0314/1143/7703/files/ECOMM-BH-BROW-GEL-RICH-TAUPE-CANDID.jpg?v=1779521277,16,,,,,,,,,,,
brow-harmony-flexible-lifting-gel,,,,,,,,,,,,,,,,,,,,,,,,,https://cdn.shopify.com/s/files/1/0314/1143/7703/files/CAMPAIGN-BH-BROW-GEL-WITH-PRODUCT-RICH-TAUPE.jpg?v=1779521290,17,,,,,,,,,,,
brow-harmony-flexible-lifting-gel,,,,,,,,,,,,,,,,,,,,,,,,,https://cdn.shopify.com/s/files/1/0314/1143/7703/files/SWATCH-BH-TINTED-BROW-GEL-RICH-TAUPE.png?v=1779521258,18,,,,,,,,,,,
brow-harmony-flexible-lifting-gel,,,,,,,,,,,,,,,,,,,,,,,,,https://cdn.shopify.com/s/files/1/0314/1143/7703/files/LAYERING-GRID-BROW-HARMONY-RICH-TAUPE.jpg?v=1779521750,19,,,,,,,,,,,
brow-harmony-flexible-lifting-gel,,,,,,,,,,,,,,,,,,,,,,,,,https://cdn.shopify.com/s/files/1/0314/1143/7703/files/ECOMM-BH-TINTED-BROW-GEL-CLOSED-RICH-TAUPE.jpg?v=1779521244,20,,,,,,,,,,,
brow-harmony-flexible-lifting-gel,,,,,,,,,,,,,,,,,,,,,,,,,https://cdn.shopify.com/s/files/1/0314/1143/7703/files/ECOMM-BH-TINTED-BROW-GEL-WARM-BROWN.jpg?v=1779521596,21,,,,,,,,,,,
brow-harmony-flexible-lifting-gel,,,,,,,,,,,,,,,,,,,,,,,,,https://cdn.shopify.com/s/files/1/0314/1143/7703/files/ECOMM-BH-BROW-GEL-WARM-BROWN-CANDID.jpg?v=1779521552,22,,,,,,,,,,,
brow-harmony-flexible-lifting-gel,,,,,,,,,,,,,,,,,,,,,,,,,https://cdn.shopify.com/s/files/1/0314/1143/7703/files/CAMPAIGN-BH-BROW-GEL-WITH-PRODUCT-WARM-BROWN.jpg?v=1779521536,23,,,,,,,,,,,
brow-harmony-flexible-lifting-gel,,,,,,,,,,,,,,,,,,,,,,,,,https://cdn.shopify.com/s/files/1/0314/1143/7703/files/SWATCH-BH-TINTED-BROW-GEL-WARM-BROWN.png?v=1779521616,24,,,,,,,,,,,
brow-harmony-flexible-lifting-gel,,,,,,,,,,,,,,,,,,,,,,,,,https://cdn.shopify.com/s/files/1/0314/1143/7703/files/LAYERING-GRID-BROW-HARMONY-WARM-BROWN.jpg?v=1779521750,25,,,,,,,,,,,
brow-harmony-flexible-lifting-gel,,,,,,,,,,,,,,,,,,,,,,,,,https://cdn.shopify.com/s/files/1/0314/1143/7703/files/ECOMM-BH-TINTED-BROW-GEL-CLOSED-WARM-BROWN.jpg?v=1779521596,26,,,,,,,,,,,
brow-harmony-flexible-lifting-gel,,,,,,,,,,,,,,,,,,,,,,,,,https://cdn.shopify.com/s/files/1/0314/1143/7703/files/ECOMM-BH-TINTED-BROW-GEL-COOL-BROWN.jpg?v=1779523498,27,,,,,,,,,,,
brow-harmony-flexible-lifting-gel,,,,,,,,,,,,,,,,,,,,,,,,,https://cdn.shopify.com/s/files/1/0314/1143/7703/files/CAMPAIGN-BH-BROW-GEL-SELENA-HERO.jpg?v=1779885444,28,,,,,,,,,,,
brow-harmony-flexible-lifting-gel,,,,,,,,,,,,,,,,,,,,,,,,,https://cdn.shopify.com/s/files/1/0314/1143/7703/files/ECOMM-BH-BROW-GEL-COOL-BROWN-CANDID.jpg?v=1779522571,29,,,,,,,,,,,
brow-harmony-flexible-lifting-gel,,,,,,,,,,,,,,,,,,,,,,,,,https://cdn.shopify.com/s/files/1/0314/1143/7703/files/CAMPAIGN-BH-BROW-GEL-WITH-PRODUCT-COOL-BROWN.jpg?v=1779522558,30,,,,,,,,,,,
brow-harmony-flexible-lifting-gel,,,,,,,,,,,,,,,,,,,,,,,,,https://cdn.shopify.com/s/files/1/0314/1143/7703/files/SWATCH-BH-TINTED-BROW-GEL-COOL-BROWN.png?v=1779522895,31,,,,,,,,,,,
brow-harmony-flexible-lifting-gel,,,,,,,,,,,,,,,,,,,,,,,,,https://cdn.shopify.com/s/files/1/0314/1143/7703/files/LAYERING-GRID-BROW-HARMONY-COOL-BROWN.jpg?v=1779522543,32,,,,,,,,,,,
brow-harmony-flexible-lifting-gel,,,,,,,,,,,,,,,,,,,,,,,,,https://cdn.shopify.com/s/files/1/0314/1143/7703/files/ECOMM-BH-TINTED-BROW-GEL-CLOSED-COOL-BROWN.jpg?v=1779523498,33,,,,,,,,,,,
brow-harmony-flexible-lifting-gel,,,,,,,,,,,,,,,,,,,,,,,,,https://cdn.shopify.com/s/files/1/0314/1143/7703/files/ECOMM-BH-TINTED-BROW-GEL-DEEP-BROWN.jpg?v=1779523615,34,,,,,,,,,,,
brow-harmony-flexible-lifting-gel,,,,,,,,,,,,,,,,,,,,,,,,,https://cdn.shopify.com/s/files/1/0314/1143/7703/files/ECOMM-BH-BROW-GEL-DEEP-BROWN-CANDID.jpg?v=1779523695,35,,,,,,,,,,,
brow-harmony-flexible-lifting-gel,,,,,,,,,,,,,,,,,,,,,,,,,https://cdn.shopify.com/s/files/1/0314/1143/7703/files/CAMPAIGN-BH-BROW-GEL-WITH-PRODUCT-DEEP-BROWN.jpg?v=1779523662,36,,,,,,,,,,,
brow-harmony-flexible-lifting-gel,,,,,,,,,,,,,,,,,,,,,,,,,https://cdn.shopify.com/s/files/1/0314/1143/7703/files/SWATCH-BH-TINTED-BROW-DEEP-BROWN.png?v=1779523642,37,,,,,,,,,,,
brow-harmony-flexible-lifting-gel,,,,,,,,,,,,,,,,,,,,,,,,,https://cdn.shopify.com/s/files/1/0314/1143/7703/files/LAYERING-GRID-BROW-HARMONY-RICH-BROWN.jpg?v=1779523715,38,,,,,,,,,,,
brow-harmony-flexible-lifting-gel,,,,,,,,,,,,,,,,,,,,,,,,,https://cdn.shopify.com/s/files/1/0314/1143/7703/files/ECOMM-BH-TINTED-BROW-GEL-CLOSED-DEEP-BROWN.jpg?v=1779523614,39,,,,,,,,,,,
brow-harmony-flexible-lifting-gel,,,,,,,,,,,,,,,,,,,,,,,,,https://cdn.shopify.com/s/files/1/0314/1143/7703/files/ECOMM-BH-TINTED-BROW-GEL-SOFT-BLACK.jpg?v=1779524000,40,,,,,,,,,,,
brow-harmony-flexible-lifting-gel,,,,,,,,,,,,,,,,,,,,,,,,,https://cdn.shopify.com/s/files/1/0314/1143/7703/files/ECOMM-BH-BROW-GEL-SOFT-BLACK-CANDID.jpg?v=1779523948,41,,,,,,,,,,,
brow-harmony-flexible-lifting-gel,,,,,,,,,,,,,,,,,,,,,,,,,https://cdn.shopify.com/s/files/1/0314/1143/7703/files/CAMPAIGN-BH-BROW-GEL-WITH-PRODUCT-SOFT-BLACK.jpg?v=1779523964,42,,,,,,,,,,,
brow-harmony-flexible-lifting-gel,,,,,,,,,,,,,,,,,,,,,,,,,https://cdn.shopify.com/s/files/1/0314/1143/7703/files/SWATCH-BH-TINTED-BROW-GEL-SOFT-BLACK.png?v=1779524011,43,,,,,,,,,,,
brow-harmony-flexible-lifting-gel,,,,,,,,,,,,,,,,,,,,,,,,,https://cdn.shopify.com/s/files/1/0314/1143/7703/files/LAYERING-GRID-BROW-HARMONY-SOFT-BLACK.jpg?v=1779523985,44,,,,,,,,,,,
brow-harmony-flexible-lifting-gel,,,,,,,,,,,,,,,,,,,,,,,,,https://cdn.shopify.com/s/files/1/0314/1143/7703/files/ECOMM-BH-TINTED-BROW-GEL-CLOSED-SOFT-BLACK.jpg?v=1779524000,45,,,,,,,,,,,
brow-harmony-flexible-lifting-gel,,,,,,,,,,,,,,,,,,,,,,,,,https://cdn.shopify.com/s/files/1/0314/1143/7703/files/STYLIZED-BH-BROW-GEL-PRODUCT-BENEFITS.jpg?v=1779549692,46,,,,,,,,,,,
brow-harmony-flexible-lifting-gel,,,,,,,,,,,,,,,,,,,,,,,,,https://cdn.shopify.com/s/files/1/0314/1143/7703/files/STYLIZED-BH-BROW-GEL-PRODUCT-BRISTLES.jpg?v=1779549693,47,,,,,,,,,,,
brow-harmony-flexible-lifting-gel,,,,,,,,,,,,,,,,,,,,,,,,,https://cdn.shopify.com/s/files/1/0314/1143/7703/files/HOW-TO-APPLY-GRID-BROW-GEL.jpg?v=1779549565,48,,,,,,,,,,,
brow-harmony-flexible-lifting-gel,,,,,,,,,,,,,,,,,,,,,,,,,https://cdn.shopify.com/s/files/1/0314/1143/7703/files/SHADE-GRID-MODEL-WITH-PRODUCT-BROW-GEL.jpg?v=1779549588,49,,,,,,,,,,,
brow-harmony-flexible-lifting-gel,,,,,,,,,,,,,,,,,,,,,,,,,https://cdn.shopify.com/s/files/1/0314/1143/7703/files/STYLIZED-BH-BROW-GEL-SHADE-SWATCHES.jpg?v=1779549692,50,,,,,,,,,,,
brow-harmony-flexible-lifting-gel,,,,,,,,,,,,,,,,,,,,,,,,,https://cdn.shopify.com/s/files/1/0314/1143/7703/files/STYLIZED-BH-BROW-GEL-PRODUCT-ALL-SHADES.jpg?v=1779549692,51,,,,,,,,,,,
brow-harmony-flexible-lifting-gel,,,,,,,,,,,,,,,,,,,,,,,,,https://cdn.shopify.com/s/files/1/0314/1143/7703/files/STYLIZED-BH-BROW-GEL-CROSS-SELL-1.jpg?v=1779549856,52,,,,,,,,,,,
brow-harmony-flexible-lifting-gel,,,,,,,,,,,,,,,,,,,,,,,,,https://cdn.shopify.com/s/files/1/0314/1143/7703/files/brow-harmony-flexible-lifting-gel-detail-1440x1952.jpg?v=1772745266,53,,,,,,,,,,,
brow-harmony-flexible-lifting-gel,,"<p> </p>
<div class=""OutlineElement Ltr SCXW231178816 BCX0"">
<p class=""Paragraph SCXW231178816 BCX0""><span data-contrast=""auto"" lang=""EN-US"" class=""TextRun SCXW231178816 BCX0""><span class=""NormalTextRun SCXW231178816 BCX0"">Our bestselling clear brow gel—now in six natural brow shades. Instantly lift, tint, and set in one simple step, with up to 12-hour waterproof, sweat-resistant hold<span> </span></span><span class=""NormalTextRun SCXW231178816 BCX0"">that’s</span><span class=""NormalTextRun SCXW231178816 BCX0""><span> </span>never sticky or crunchy.</span></span></p>
</div>",Rare Beauty,,Brow Gel,"Badge: New Shades, non-returnable, Shop Sephora",TRUE,Shade,Rich Taupe,,,,,FGPSP60010F1,28,,0,deny,manual,21.00,,TRUE,TRUE,840122909054,,,,,,,,g,,,,,active
brow-harmony-flexible-lifting-gel,,"<p> </p>
<div class=""OutlineElement Ltr SCXW231178816 BCX0"">
<p class=""Paragraph SCXW231178816 BCX0""><span data-contrast=""auto"" lang=""EN-US"" class=""TextRun SCXW231178816 BCX0""><span class=""NormalTextRun SCXW231178816 BCX0"">Our bestselling clear brow gel—now in six natural brow shades. Instantly lift, tint, and set in one simple step, with up to 12-hour waterproof, sweat-resistant hold<span> </span></span><span class=""NormalTextRun SCXW231178816 BCX0"">that’s</span><span class=""NormalTextRun SCXW231178816 BCX0""><span> </span>never sticky or crunchy.</span></span></p>
</div>",Rare Beauty,,Brow Gel,"Badge: New Shades, non-returnable, Shop Sephora",TRUE,Shade,Warm Brown,,,,,FGPSP60012F1,28,,0,deny,manual,21.00,,TRUE,TRUE,840122909078,,,,,,,,g,,,,,active
brow-harmony-flexible-lifting-gel,,"<p> </p>
<div class=""OutlineElement Ltr SCXW231178816 BCX0"">
<p class=""Paragraph SCXW231178816 BCX0""><span data-contrast=""auto"" lang=""EN-US"" class=""TextRun SCXW231178816 BCX0""><span class=""NormalTextRun SCXW231178816 BCX0"">Our bestselling clear brow gel—now in six natural brow shades. Instantly lift, tint, and set in one simple step, with up to 12-hour waterproof, sweat-resistant hold<span> </span></span><span class=""NormalTextRun SCXW231178816 BCX0"">that’s</span><span class=""NormalTextRun SCXW231178816 BCX0""><span> </span>never sticky or crunchy.</span></span></p>
</div>",Rare Beauty,,Brow Gel,"Badge: New Shades, non-returnable, Shop Sephora",TRUE,Shade,Cool Brown,,,,,FGPSP60015F1,28,,0,deny,manual,21.00,,TRUE,TRUE,840122909320,,,,,,,,g,,,,,active
brow-harmony-flexible-lifting-gel,,"<p> </p>
<div class=""OutlineElement Ltr SCXW231178816 BCX0"">
<p class=""Paragraph SCXW231178816 BCX0""><span data-contrast=""auto"" lang=""EN-US"" class=""TextRun SCXW231178816 BCX0""><span class=""NormalTextRun SCXW231178816 BCX0"">Our bestselling clear brow gel—now in six natural brow shades. Instantly lift, tint, and set in one simple step, with up to 12-hour waterproof, sweat-resistant hold<span> </span></span><span class=""NormalTextRun SCXW231178816 BCX0"">that’s</span><span class=""NormalTextRun SCXW231178816 BCX0""><span> </span>never sticky or crunchy.</span></span></p>
</div>",Rare Beauty,,Brow Gel,"Badge: New Shades, non-returnable, Shop Sephora",TRUE,Shade,Deep Brown,,,,,FGPSP60011F1,28,,0,deny,manual,21.00,,TRUE,TRUE,840122909061,,,,,,,,g,,,,,active
brow-harmony-flexible-lifting-gel,,"<p> </p>
<div class=""OutlineElement Ltr SCXW231178816 BCX0"">
<p class=""Paragraph SCXW231178816 BCX0""><span data-contrast=""auto"" lang=""EN-US"" class=""TextRun SCXW231178816 BCX0""><span class=""NormalTextRun SCXW231178816 BCX0"">Our bestselling clear brow gel—now in six natural brow shades. Instantly lift, tint, and set in one simple step, with up to 12-hour waterproof, sweat-resistant hold<span> </span></span><span class=""NormalTextRun SCXW231178816 BCX0"">that’s</span><span class=""NormalTextRun SCXW231178816 BCX0""><span> </span>never sticky or crunchy.</span></span></p>
</div>",Rare Beauty,,Brow Gel,"Badge: New Shades, non-returnable, Shop Sephora",TRUE,Shade,Soft Black,,,,,FGPSP60014F1,28,,0,deny,manual,21.00,,TRUE,TRUE,840122909337,,,,,,,,g,,,,,active
brow-harmony-flexible-lifting-gel,,"<p> </p>
<div class=""OutlineElement Ltr SCXW231178816 BCX0"">
<p class=""Paragraph SCXW231178816 BCX0""><span data-contrast=""auto"" lang=""EN-US"" class=""TextRun SCXW231178816 BCX0""><span class=""NormalTextRun SCXW231178816 BCX0"">Our bestselling clear brow gel—now in six natural brow shades. Instantly lift, tint, and set in one simple step, with up to 12-hour waterproof, sweat-resistant hold<span> </span></span><span class=""NormalTextRun SCXW231178816 BCX0"">that’s</span><span class=""NormalTextRun SCXW231178816 BCX0""><span> </span>never sticky or crunchy.</span></span></p>
</div>",Rare Beauty,,Brow Gel,"Badge: New Shades, non-returnable, Shop Sephora",TRUE,Shade,Clear,,,,,FGPBRH0000F1,28,,0,deny,manual,21.00,,TRUE,TRUE,840122906640,,,,,,,,g,,,,,active
comfy-hoodie,Comfy Hoodie,"<meta charset=""utf-8""><span role=""presentation"" dir=""ltr"" data-mce-fragment=""1"">Your go</span><span role=""presentation"" dir=""ltr"" data-mce-fragment=""1"">-</span><span role=""presentation"" dir=""ltr"" data-mce-fragment=""1"">to for staying comfy year round, thanks to a super soft fleece interior you just might want to live </span><span role=""presentation"" dir=""ltr"" data-mce-fragment=""1"">in. Pairs perfectly with our Comfy Sweatpants (sold separately).</span>",Rare Beauty,,Sweater,"Badge: Exclusive, non-returnable",TRUE,Shade,X Small,,,,,MKTAPP006XS1,0,,0,deny,manual,45.00,,TRUE,TRUE,840122901935,https://cdn.shopify.com/s/files/1/0314/1143/7703/files/comfy-hoodie-1440x1952.jpg?v=1762288895,1,,,,,,g,,,,,active
comfy-hoodie,,,,,,,,,,,,,,,,,,,,,,,,,https://cdn.shopify.com/s/files/1/0314/1143/7703/files/comfy-hoodie-detail-1440x1952.jpg?v=1693958463,2,,,,,,,,,,,
comfy-hoodie,,,,,,,,,,,,,,,,,,,,,,,,,https://cdn.shopify.com/s/files/1/0314/1143/7703/files/on-figure-comfy-hoodie-christie-xs-1440x1952.jpg?v=1693958467,3,,,,,,,,,,,
comfy-hoodie,,,,,,,,,,,,,,,,,,,,,,,,,https://cdn.shopify.com/s/files/1/0314/1143/7703/files/on-figure-comfy-hoodie-yasmin-s-1440x1952.jpg?v=1693958474,4,,,,,,,,,,,
comfy-hoodie,,,,,,,,,,,,,,,,,,,,,,,,,https://cdn.shopify.com/s/files/1/0314/1143/7703/files/on-figure-comfy-hoodie-bianca-m-1440x1952.jpg?v=1693958474,5,,,,,,,,,,,
comfy-hoodie,,,,,,,,,,,,,,,,,,,,,,,,,https://cdn.shopify.com/s/files/1/0314/1143/7703/files/on-figure-comfy-hoodie-river-xl-1440x1952.jpg?v=1693958474,6,,,,,,,,,,,
comfy-hoodie,,,,,,,,,,,,,,,,,,,,,,,,,https://cdn.shopify.com/s/files/1/0314/1143/7703/files/on-figure-comfy-hoodie-corinne-xl-1440x1952.jpg?v=1693958474,7,,,,,,,,,,,
comfy-hoodie,,,,,,,,,,,,,,,,,,,,,,,,,https://cdn.shopify.com/s/files/1/0314/1143/7703/files/on-figure-comfy-hoodie-juliet-3xl-1440x1952.jpg?v=1693958474,8,,,,,,,,,,,
comfy-hoodie,,,,,,,,,,,,,,,,,,,,,,,,,https://cdn.shopify.com/s/files/1/0314/1143/7703/files/size-guide-comfy-hoodie-1440x1952.jpg?v=1693958462,9,,,,,,,,,,,
comfy-hoodie,,,,,,,,,,,,,,,,,,,,,,,,,https://cdn.shopify.com/s/files/1/0314/1143/7703/files/hp-hero-6-large-comfy-sweats-1210x1566_4b83d47d-e861-4d16-9b84-5f7c505a1e39.jpg?v=1694200979,10,,,,,,,,,,,
comfy-hoodie,,"<meta charset=""utf-8""><span role=""presentation"" dir=""ltr"" data-mce-fragment=""1"">Your go</span><span role=""presentation"" dir=""ltr"" data-mce-fragment=""1"">-</span><span role=""presentation"" dir=""ltr"" data-mce-fragment=""1"">to for staying comfy year round, thanks to a super soft fleece interior you just might want to live </span><span role=""presentation"" dir=""ltr"" data-mce-fragment=""1"">in. Pairs perfectly with our Comfy Sweatpants (sold separately).</span>",Rare Beauty,,Sweater,"Badge: Exclusive, non-returnable",TRUE,Shade,Small,,,,,MKTAPP006SM1,0,,0,deny,manual,45.00,,TRUE,TRUE,840122901911,,,,,,,,g,,,,,active
comfy-hoodie,,"<meta charset=""utf-8""><span role=""presentation"" dir=""ltr"" data-mce-fragment=""1"">Your go</span><span role=""presentation"" dir=""ltr"" data-mce-fragment=""1"">-</span><span role=""presentation"" dir=""ltr"" data-mce-fragment=""1"">to for staying comfy year round, thanks to a super soft fleece interior you just might want to live </span><span role=""presentation"" dir=""ltr"" data-mce-fragment=""1"">in. Pairs perfectly with our Comfy Sweatpants (sold separately).</span>",Rare Beauty,,Sweater,"Badge: Exclusive, non-returnable",TRUE,Shade,Medium,,,,,MKTAPP006MD1,0,,0,deny,manual,45.00,,TRUE,TRUE,840122901904,,,,,,,,g,,,,,active
comfy-hoodie,,"<meta charset=""utf-8""><span role=""presentation"" dir=""ltr"" data-mce-fragment=""1"">Your go</span><span role=""presentation"" dir=""ltr"" data-mce-fragment=""1"">-</span><span role=""presentation"" dir=""ltr"" data-mce-fragment=""1"">to for staying comfy year round, thanks to a super soft fleece interior you just might want to live </span><span role=""presentation"" dir=""ltr"" data-mce-fragment=""1"">in. Pairs perfectly with our Comfy Sweatpants (sold separately).</span>",Rare Beauty,,Sweater,"Badge: Exclusive, non-returnable",TRUE,Shade,Large,,,,,MKTAPP006LG1,0,,0,deny,manual,45.00,,TRUE,TRUE,840122901898,,,,,,,,g,,,,,active
comfy-hoodie,,"<meta charset=""utf-8""><span role=""presentation"" dir=""ltr"" data-mce-fragment=""1"">Your go</span><span role=""presentation"" dir=""ltr"" data-mce-fragment=""1"">-</span><span role=""presentation"" dir=""ltr"" data-mce-fragment=""1"">to for staying comfy year round, thanks to a super soft fleece interior you just might want to live </span><span role=""presentation"" dir=""ltr"" data-mce-fragment=""1"">in. Pairs perfectly with our Comfy Sweatpants (sold separately).</span>",Rare Beauty,,Sweater,"Badge: Exclusive, non-returnable",TRUE,Shade,X Large,,,,,MKTAPP006XL1,0,,0,deny,manual,45.00,,TRUE,TRUE,840122901928,,,,,,,,g,,,,,active
comfy-hoodie,,"<meta charset=""utf-8""><span role=""presentation"" dir=""ltr"" data-mce-fragment=""1"">Your go</span><span role=""presentation"" dir=""ltr"" data-mce-fragment=""1"">-</span><span role=""presentation"" dir=""ltr"" data-mce-fragment=""1"">to for staying comfy year round, thanks to a super soft fleece interior you just might want to live </span><span role=""presentation"" dir=""ltr"" data-mce-fragment=""1"">in. Pairs perfectly with our Comfy Sweatpants (sold separately).</span>",Rare Beauty,,Sweater,"Badge: Exclusive, non-returnable",TRUE,Shade,XX Large,,,,,MKTAPP0062X1,0,,0,deny,manual,45.00,,TRUE,TRUE,840122901881,,,,,,,,g,,,,,active
comfy-hoodie,,"<meta charset=""utf-8""><span role=""presentation"" dir=""ltr"" data-mce-fragment=""1"">Your go</span><span role=""presentation"" dir=""ltr"" data-mce-fragment=""1"">-</span><span role=""presentation"" dir=""ltr"" data-mce-fragment=""1"">to for staying comfy year round, thanks to a super soft fleece interior you just might want to live </span><span role=""presentation"" dir=""ltr"" data-mce-fragment=""1"">in. Pairs perfectly with our Comfy Sweatpants (sold separately).</span>",Rare Beauty,,Sweater,"Badge: Exclusive, non-returnable",TRUE,Shade,3X Large,,,,,MKTAPP0063X1,0,,0,deny,manual,45.00,,TRUE,TRUE,840122902000,,,,,,,,g,,,,,active
comfy-sweatpant,Comfy Sweatpants,"<meta charset=""utf-8""><span role=""presentation"" dir=""ltr"" data-mce-fragment=""1"">Cozy up year round</span><span role=""presentation"" dir=""ltr"" data-mce-fragment=""1"">—</span><span role=""presentation"" dir=""ltr"" data-mce-fragment=""1"">these super soft sweatpants keep you comfy and warm, while stretchy elastic cuffs </span><span role=""presentation"" dir=""ltr"" data-mce-fragment=""1"">add structure and style. Pairs perfectly with our C</span><span role=""presentation"" dir=""ltr"" data-mce-fragment=""1"">omfy Hoodie (sold separately).</span>",Rare Beauty,,Pants,"Badge: Exclusive, non-returnable",TRUE,Shade,X Small,,,,,MKTAPP007XS1,0,,0,deny,manual,40.00,,TRUE,TRUE,840122901997,https://cdn.shopify.com/s/files/1/0314/1143/7703/files/comfy-sweatpants-1440x1952.jpg?v=1762288895,1,,,,,,g,,,,,active
comfy-sweatpant,,,,,,,,,,,,,,,,,,,,,,,,,https://cdn.shopify.com/s/files/1/0314/1143/7703/files/comfy-sweatpants-detail-1440x1952.jpg?v=1693959299,2,,,,,,,,,,,
comfy-sweatpant,,,,,,,,,,,,,,,,,,,,,,,,,https://cdn.shopify.com/s/files/1/0314/1143/7703/files/on-figure-comfy-sweatpants-christie-xs-1440x1952.jpg?v=1694031729,3,,,,,,,,,,,
comfy-sweatpant,,,,,,,,,,,,,,,,,,,,,,,,,https://cdn.shopify.com/s/files/1/0314/1143/7703/files/on-figure-comfy-sweatpants-yasmin-m-1440x1952.jpg?v=1694031729,4,,,,,,,,,,,
comfy-sweatpant,,,,,,,,,,,,,,,,,,,,,,,,,https://cdn.shopify.com/s/files/1/0314/1143/7703/files/on-figure-comfy-sweatpants-bianca-l-1440x1952.jpg?v=1694031729,5,,,,,,,,,,,
comfy-sweatpant,,,,,,,,,,,,,,,,,,,,,,,,,https://cdn.shopify.com/s/files/1/0314/1143/7703/files/on-figure-comfy-sweatpants-river-l-1440x1952.jpg?v=1694031729,6,,,,,,,,,,,
comfy-sweatpant,,,,,,,,,,,,,,,,,,,,,,,,,https://cdn.shopify.com/s/files/1/0314/1143/7703/files/on-figure-comfy-sweatpants-corinne-xxl-1440x1952.jpg?v=1694031729,7,,,,,,,,,,,
comfy-sweatpant,,,,,,,,,,,,,,,,,,,,,,,,,https://cdn.shopify.com/s/files/1/0314/1143/7703/files/on-figure-comfy-sweatpants-juliet-3xl-1440x1952.jpg?v=1694031729,8,,,,,,,,,,,
comfy-sweatpant,,,,,,,,,,,,,,,,,,,,,,,,,https://cdn.shopify.com/s/files/1/0314/1143/7703/files/size-guide-comfy-sweatpants-1440x1952.jpg?v=1694031729,9,,,,,,,,,,,
comfy-sweatpant,,"<meta charset=""utf-8""><span role=""presentation"" dir=""ltr"" data-mce-fragment=""1"">Cozy up year round</span><span role=""presentation"" dir=""ltr"" data-mce-fragment=""1"">—</span><span role=""presentation"" dir=""ltr"" data-mce-fragment=""1"">these super soft sweatpants keep you comfy and warm, while stretchy elastic cuffs </span><span role=""presentation"" dir=""ltr"" data-mce-fragment=""1"">add structure and style. Pairs perfectly with our C</span><span role=""presentation"" dir=""ltr"" data-mce-fragment=""1"">omfy Hoodie (sold separately).</span>",Rare Beauty,,Pants,"Badge: Exclusive, non-returnable",TRUE,Shade,Small,,,,,MKTAPP007SM1,0,,0,deny,manual,40.00,,TRUE,TRUE,840122901973,,,,,,,,g,,,,,active
comfy-sweatpant,,"<meta charset=""utf-8""><span role=""presentation"" dir=""ltr"" data-mce-fragment=""1"">Cozy up year round</span><span role=""presentation"" dir=""ltr"" data-mce-fragment=""1"">—</span><span role=""presentation"" dir=""ltr"" data-mce-fragment=""1"">these super soft sweatpants keep you comfy and warm, while stretchy elastic cuffs </span><span role=""presentation"" dir=""ltr"" data-mce-fragment=""1"">add structure and style. Pairs perfectly with our C</span><span role=""presentation"" dir=""ltr"" data-mce-fragment=""1"">omfy Hoodie (sold separately).</span>",Rare Beauty,,Pants,"Badge: Exclusive, non-returnable",TRUE,Shade,Medium,,,,,MKTAPP007MD1,0,,0,deny,manual,40.00,,TRUE,TRUE,840122901966,,,,,,,,g,,,,,active
comfy-sweatpant,,"<meta charset=""utf-8""><span role=""presentation"" dir=""ltr"" data-mce-fragment=""1"">Cozy up year round</span><span role=""presentation"" dir=""ltr"" data-mce-fragment=""1"">—</span><span role=""presentation"" dir=""ltr"" data-mce-fragment=""1"">these super soft sweatpants keep you comfy and warm, while stretchy elastic cuffs </span><span role=""presentation"" dir=""ltr"" data-mce-fragment=""1"">add structure and style. Pairs perfectly with our C</span><span role=""presentation"" dir=""ltr"" data-mce-fragment=""1"">omfy Hoodie (sold separately).</span>",Rare Beauty,,Pants,"Badge: Exclusive, non-returnable",TRUE,Shade,Large,,,,,MKTAPP007LG1,0,,0,deny,manual,40.00,,TRUE,TRUE,840122901959,,,,,,,,g,,,,,active
comfy-sweatpant,,"<meta charset=""utf-8""><span role=""presentation"" dir=""ltr"" data-mce-fragment=""1"">Cozy up year round</span><span role=""presentation"" dir=""ltr"" data-mce-fragment=""1"">—</span><span role=""presentation"" dir=""ltr"" data-mce-fragment=""1"">these super soft sweatpants keep you comfy and warm, while stretchy elastic cuffs </span><span role=""presentation"" dir=""ltr"" data-mce-fragment=""1"">add structure and style. Pairs perfectly with our C</span><span role=""presentation"" dir=""ltr"" data-mce-fragment=""1"">omfy Hoodie (sold separately).</span>",Rare Beauty,,Pants,"Badge: Exclusive, non-returnable",TRUE,Shade,X Large,,,,,MKTAPP007XL1,0,,0,deny,manual,40.00,,TRUE,TRUE,840122901980,,,,,,,,g,,,,,active
comfy-sweatpant,,"<meta charset=""utf-8""><span role=""presentation"" dir=""ltr"" data-mce-fragment=""1"">Cozy up year round</span><span role=""presentation"" dir=""ltr"" data-mce-fragment=""1"">—</span><span role=""presentation"" dir=""ltr"" data-mce-fragment=""1"">these super soft sweatpants keep you comfy and warm, while stretchy elastic cuffs </span><span role=""presentation"" dir=""ltr"" data-mce-fragment=""1"">add structure and style. Pairs perfectly with our C</span><span role=""presentation"" dir=""ltr"" data-mce-fragment=""1"">omfy Hoodie (sold separately).</span>",Rare Beauty,,Pants,"Badge: Exclusive, non-returnable",TRUE,Shade,XX Large,,,,,MKTAPP0072X1,0,,0,deny,manual,40.00,,TRUE,TRUE,840122901942,,,,,,,,g,,,,,active
comfy-sweatpant,,"<meta charset=""utf-8""><span role=""presentation"" dir=""ltr"" data-mce-fragment=""1"">Cozy up year round</span><span role=""presentation"" dir=""ltr"" data-mce-fragment=""1"">—</span><span role=""presentation"" dir=""ltr"" data-mce-fragment=""1"">these super soft sweatpants keep you comfy and warm, while stretchy elastic cuffs </span><span role=""presentation"" dir=""ltr"" data-mce-fragment=""1"">add structure and style. Pairs perfectly with our C</span><span role=""presentation"" dir=""ltr"" data-mce-fragment=""1"">omfy Hoodie (sold separately).</span>",Rare Beauty,,Pants,"Badge: Exclusive, non-returnable",TRUE,Shade,3X Large,,,,,MKTAPP0073X1,0,,0,deny,manual,40.00,,TRUE,TRUE,840122902017,,,,,,,,g,,,,,active
soft-pinch-liquid-blush-mini,Soft Pinch Liquid Blush Mini,"<p>A weightless, long-lasting mini liquid blush that blends and builds beautifully for a soft, healthy flush.</p>",Rare Beauty,,Blush,"non-returnable, Shop Sephora",TRUE,Shade,Hope,,,,,FGPSPB009DM1,17,,0,deny,manual,16.00,,TRUE,TRUE,840122906503,https://cdn.shopify.com/s/files/1/0314/1143/7703/files/ECOMM-MINI-SOFT-PINCH-LIQUID-BLUSH-HOPE-PRODUCT-BOX.jpg?v=1762289029,1,,,,,,g,,,,,active
soft-pinch-liquid-blush-mini,,,,,,,,,,,,,,,,,,,,,,,,,https://cdn.shopify.com/s/files/1/0314/1143/7703/files/on-figure-01-botf-soft-pinch-liquid-blush-hope-1440x1952.jpg?v=1711503683,2,,,,,,,,,,,
soft-pinch-liquid-blush-mini,,,,,,,,,,,,,,,,,,,,,,,,,https://cdn.shopify.com/s/files/1/0314/1143/7703/files/on-figure-02-botf-soft-pinch-liquid-blush-hope-1440x1952.jpg?v=1711503683,3,,,,,,,,,,,
soft-pinch-liquid-blush-mini,,,,,,,,,,,,,,,,,,,,,,,,,https://cdn.shopify.com/s/files/1/0314/1143/7703/files/swatch-hope-mini.png?v=1711503683,4,,,,,,,,,,,
soft-pinch-liquid-blush-mini,,,,,,,,,,,,,,,,,,,,,,,,,https://cdn.shopify.com/s/files/1/0314/1143/7703/files/ECOMM-MINI-SOFT-PINCH-LIQUID-BLUSH-HOPE-PRODUCT.jpg?v=1711503683,5,,,,,,,,,,,
soft-pinch-liquid-blush-mini,,,,,,,,,,,,,,,,,,,,,,,,,https://cdn.shopify.com/s/files/1/0314/1143/7703/files/ECOMM-MINI-SOFT-PINCH-LIQUID-BLUSH-HOPE-BOX.jpg?v=1711503683,6,,,,,,,,,,,
soft-pinch-liquid-blush-mini,,,,,,,,,,,,,,,,,,,,,,,,,https://cdn.shopify.com/s/files/1/0314/1143/7703/files/ECOMM-MINI-SOFT-PINCH-LIQUID-BLUSH-HAPPY-PRODUCT-BOX.jpg?v=1712037928,7,,,,,,,,,,,
soft-pinch-liquid-blush-mini,,,,,,,,,,,,,,,,,,,,,,,,,https://cdn.shopify.com/s/files/1/0314/1143/7703/files/pdp-model-liquid-blush-sp22-HAPPY.jpg?v=1712037928,8,,,,,,,,,,,
soft-pinch-liquid-blush-mini,,,,,,,,,,,,,,,,,,,,,,,,,https://cdn.shopify.com/s/files/1/0314/1143/7703/files/ECOMM-MINI-SOFT-PINCH-LIQUID-BLUSH-HAPPY-PRODUCT.jpg?v=1712037928,9,,,,,,,,,,,
soft-pinch-liquid-blush-mini,,,,,,,,,,,,,,,,,,,,,,,,,https://cdn.shopify.com/s/files/1/0314/1143/7703/files/ECOMM-MINI-SOFT-PINCH-LIQUID-BLUSH-HAPPY-BOX.jpg?v=1712037928,10,,,,,,,,,,,
soft-pinch-liquid-blush-mini,,,,,,,,,,,,,,,,,,,,,,,,,https://cdn.shopify.com/s/files/1/0314/1143/7703/files/ECOMM-MINI-SOFT-PINCH-LIQUID-BLUSH-ENCOURAGE-PRODUCT-BOX.jpg?v=1712037928,11,,,,,,,,,,,
soft-pinch-liquid-blush-mini,,,,,,,,,,,,,,,,,,,,,,,,,https://cdn.shopify.com/s/files/1/0314/1143/7703/files/pdp-model-liquid-blush-sp22-ENCOURAGE.jpg?v=1712037928,12,,,,,,,,,,,
soft-pinch-liquid-blush-mini,,,,,,,,,,,,,,,,,,,,,,,,,https://cdn.shopify.com/s/files/1/0314/1143/7703/files/ECOMM-MINI-SOFT-PINCH-LIQUID-BLUSH-ENCOURAGE-PRODUCT.jpg?v=1712037928,13,,,,,,,,,,,
soft-pinch-liquid-blush-mini,,,,,,,,,,,,,,,,,,,,,,,,,https://cdn.shopify.com/s/files/1/0314/1143/7703/files/ECOMM-MINI-SOFT-PINCH-LIQUID-BLUSH-ENCOURAGE-BOX.jpg?v=1712037928,14,,,,,,,,,,,
soft-pinch-liquid-blush-mini,,,,,,,,,,,,,,,,,,,,,,,,,https://cdn.shopify.com/s/files/1/0314/1143/7703/files/ECOMM-MINI-SOFT-PINCH-LIQUID-BLUSH-GRATEFUL-PRODUCT-BOX.jpg?v=1712037928,15,,,,,,,,,,,
soft-pinch-liquid-blush-mini,,,,,,,,,,,,,,,,,,,,,,,,,https://cdn.shopify.com/s/files/1/0314/1143/7703/files/pdp-model-liquid-blush-sp22-GRATEFUL.jpg?v=1712037928,16,,,,,,,,,,,
soft-pinch-liquid-blush-mini,,,,,,,,,,,,,,,,,,,,,,,,,https://cdn.shopify.com/s/files/1/0314/1143/7703/files/ECOMM-MINI-SOFT-PINCH-LIQUID-BLUSH-GRATEFUL-PRODUCT.jpg?v=1712037928,17,,,,,,,,,,,
soft-pinch-liquid-blush-mini,,,,,,,,,,,,,,,,,,,,,,,,,https://cdn.shopify.com/s/files/1/0314/1143/7703/files/ECOMM-MINI-SOFT-PINCH-LIQUID-BLUSH-GRATEFUL-BOX.jpg?v=1712037928,18,,,,,,,,,,,
soft-pinch-liquid-blush-mini,,,,,,,,,,,,,,,,,,,,,,,,,https://cdn.shopify.com/s/files/1/0314/1143/7703/files/ECOMM-MINI-SP-LIQUID-BLUSH-CHARM-PRODUCT-BOX.jpg?v=1748378724,19,,,,,,,,,,,
soft-pinch-liquid-blush-mini,,,,,,,,,,,,,,,,,,,,,,,,,https://cdn.shopify.com/s/files/1/0314/1143/7703/files/SHADE-GRIDS-SP-LIQUID-BLUSH-DEWY-CHARM.jpg?v=1748378724,20,,,,,,,,,,,
soft-pinch-liquid-blush-mini,,,,,,,,,,,,,,,,,,,,,,,,,https://cdn.shopify.com/s/files/1/0314/1143/7703/files/SWATCH-SP-LIQUID-BLUSH-DEWY-CHARM.png?v=1748378724,21,,,,,,,,,,,
soft-pinch-liquid-blush-mini,,,,,,,,,,,,,,,,,,,,,,,,,https://cdn.shopify.com/s/files/1/0314/1143/7703/files/ECOMM-MINI-SP-LIQUID-BLUSH-CHARM-PRODUCT.jpg?v=1748378724,22,,,,,,,,,,,
soft-pinch-liquid-blush-mini,,,,,,,,,,,,,,,,,,,,,,,,,https://cdn.shopify.com/s/files/1/0314/1143/7703/files/ECOMM-MINI-SP-LIQUID-BLUSH-CHARM-BOX.jpg?v=1748378724,23,,,,,,,,,,,
soft-pinch-liquid-blush-mini,,,,,,,,,,,,,,,,,,,,,,,,,https://cdn.shopify.com/s/files/1/0314/1143/7703/files/ECOMM-MINI-SP-LIQUID-BLUSH-WONDER-PRODUCT-BOX.jpg?v=1748378724,24,,,,,,,,,,,
soft-pinch-liquid-blush-mini,,,,,,,,,,,,,,,,,,,,,,,,,https://cdn.shopify.com/s/files/1/0314/1143/7703/files/SHADE-GRIDS-SP-LIQUID-BLUSH-DEWY-WONDER.jpg?v=1748378724,25,,,,,,,,,,,
soft-pinch-liquid-blush-mini,,,,,,,,,,,,,,,,,,,,,,,,,https://cdn.shopify.com/s/files/1/0314/1143/7703/files/SWATCH-SP-LIQUID-BLUSH-DEWY-WONDER.png?v=1748378724,26,,,,,,,,,,,
soft-pinch-liquid-blush-mini,,,,,,,,,,,,,,,,,,,,,,,,,https://cdn.shopify.com/s/files/1/0314/1143/7703/files/ECOMM-MINI-SP-LIQUID-BLUSH-WONDER-PRODUCT.jpg?v=1748378724,27,,,,,,,,,,,
soft-pinch-liquid-blush-mini,,,,,,,,,,,,,,,,,,,,,,,,,https://cdn.shopify.com/s/files/1/0314/1143/7703/files/ECOMM-MINI-SP-LIQUID-BLUSH-WONDER-BOX.jpg?v=1748378724,28,,,,,,,,,,,
soft-pinch-liquid-blush-mini,,,,,,,,,,,,,,,,,,,,,,,,,https://cdn.shopify.com/s/files/1/0314/1143/7703/files/ECOMM-MINI-SP-LIQUID-BLUSH-SPIRITED-PRODUCT-BOX.jpg?v=1748378724,29,,,,,,,,,,,
soft-pinch-liquid-blush-mini,,,,,,,,,,,,,,,,,,,,,,,,,https://cdn.shopify.com/s/files/1/0314/1143/7703/files/SHADE-GRIDS-SP-LIQUID-BLUSH-DEWY-SPIRITED.jpg?v=1748378724,30,,,,,,,,,,,
soft-pinch-liquid-blush-mini,,,,,,,,,,,,,,,,,,,,,,,,,https://cdn.shopify.com/s/files/1/0314/1143/7703/files/SWATCH-SP-LIQUID-BLUSH-DEWY-SPIRITED.png?v=1748378724,31,,,,,,,,,,,
soft-pinch-liquid-blush-mini,,,,,,,,,,,,,,,,,,,,,,,,,https://cdn.shopify.com/s/files/1/0314/1143/7703/files/ECOMM-MINI-SP-LIQUID-BLUSH-SPIRITED-PRODUCT.jpg?v=1748378724,32,,,,,,,,,,,
soft-pinch-liquid-blush-mini,,,,,,,,,,,,,,,,,,,,,,,,,https://cdn.shopify.com/s/files/1/0314/1143/7703/files/ECOMM-MINI-SP-LIQUID-BLUSH-SPIRITED-BOX.jpg?v=1748378724,33,,,,,,,,,,,
soft-pinch-liquid-blush-mini,,,,,,,,,,,,,,,,,,,,,,,,,https://cdn.shopify.com/s/files/1/0314/1143/7703/files/ECOMM-MINI-SP-LIQUID-BLUSH-FAITH-PRODUCT-BOX.jpg?v=1748378724,34,,,,,,,,,,,
soft-pinch-liquid-blush-mini,,,,,,,,,,,,,,,,,,,,,,,,,https://cdn.shopify.com/s/files/1/0314/1143/7703/files/SHADE-GRIDS-SP-LIQUID-BLUSH-MATTE-FAITH_1e817eb1-09ea-4469-8b79-64f8ecd0536f.jpg?v=1748378724,35,,,,,,,,,,,
soft-pinch-liquid-blush-mini,,,,,,,,,,,,,,,,,,,,,,,,,https://cdn.shopify.com/s/files/1/0314/1143/7703/files/SWATCH-SP-LIQUID-BLUSH-MATTE-FAITH_dc3b630d-fc22-4893-a276-837668c96a66.png?v=1748378724,36,,,,,,,,,,,
soft-pinch-liquid-blush-mini,,,,,,,,,,,,,,,,,,,,,,,,,https://cdn.shopify.com/s/files/1/0314/1143/7703/files/ECOMM-MINI-SP-LIQUID-BLUSH-FAITH-PRODUCT.jpg?v=1748378724,37,,,,,,,,,,,
soft-pinch-liquid-blush-mini,,,,,,,,,,,,,,,,,,,,,,,,,https://cdn.shopify.com/s/files/1/0314/1143/7703/files/ECOMM-MINI-SP-LIQUID-BLUSH-FAITH-BOX.jpg?v=1748378724,38,,,,,,,,,,,
soft-pinch-liquid-blush-mini,,,,,,,,,,,,,,,,,,,,,,,,,https://cdn.shopify.com/s/files/1/0314/1143/7703/files/ECOMM-MINI-SOFT-PINCH-LIQUID-BLUSH-JOY-PRODUCT-BOX.jpg?v=1748551467,39,,,,,,,,,,,
soft-pinch-liquid-blush-mini,,,,,,,,,,,,,,,,,,,,,,,,,https://cdn.shopify.com/s/files/1/0314/1143/7703/files/SHADE-GRIDS-SP-LIQUID-BLUSH-DEWY-JOY.jpg?v=1764180906,40,,,,,,,,,,,
soft-pinch-liquid-blush-mini,,,,,,,,,,,,,,,,,,,,,,,,,https://cdn.shopify.com/s/files/1/0314/1143/7703/files/SWATCH-SP-LIQUID-BLUSH-DEWY-JOY.png?v=1764180906,41,,,,,,,,,,,
soft-pinch-liquid-blush-mini,,,,,,,,,,,,,,,,,,,,,,,,,https://cdn.shopify.com/s/files/1/0314/1143/7703/files/ECOMM-MINI-SOFT-PINCH-LIQUID-BLUSH-JOY-PRODUCT.jpg?v=1748551673,42,,,,,,,,,,,
soft-pinch-liquid-blush-mini,,,,,,,,,,,,,,,,,,,,,,,,,https://cdn.shopify.com/s/files/1/0314/1143/7703/files/ECOMM-MINI-SOFT-PINCH-LIQUID-BLUSH-JOY-BOX.jpg?v=1748551673,43,,,,,,,,,,,
soft-pinch-liquid-blush-mini,,,,,,,,,,,,,,,,,,,,,,,,,https://cdn.shopify.com/s/files/1/0314/1143/7703/files/ECOMM-MINI-SOFT-PINCH-LIQUID-BLUSH-VIRTUE-PRODUCT-BOX.jpg?v=1748551673,44,,,,,,,,,,,
soft-pinch-liquid-blush-mini,,,,,,,,,,,,,,,,,,,,,,,,,https://cdn.shopify.com/s/files/1/0314/1143/7703/files/SHADE-GRIDS-SP-LIQUID-BLUSH-DEWY-VIRTUE.jpg?v=1764180906,45,,,,,,,,,,,
soft-pinch-liquid-blush-mini,,,,,,,,,,,,,,,,,,,,,,,,,https://cdn.shopify.com/s/files/1/0314/1143/7703/files/SWATCH-SP-LIQUID-BLUSH-DEWY-VIRTUE.png?v=1764180906,46,,,,,,,,,,,
soft-pinch-liquid-blush-mini,,,,,,,,,,,,,,,,,,,,,,,,,https://cdn.shopify.com/s/files/1/0314/1143/7703/files/ECOMM-MINI-SOFT-PINCH-LIQUID-BLUSH-VIRTUE-PRODUCT.jpg?v=1748551673,47,,,,,,,,,,,
soft-pinch-liquid-blush-mini,,,,,,,,,,,,,,,,,,,,,,,,,https://cdn.shopify.com/s/files/1/0314/1143/7703/files/ECOMM-MINI-SOFT-PINCH-LIQUID-BLUSH-VIRTUE-BOX.jpg?v=1748551673,48,,,,,,,,,,,
soft-pinch-liquid-blush-mini,,,,,,,,,,,,,,,,,,,,,,,,,https://cdn.shopify.com/s/files/1/0314/1143/7703/files/ECOMM-MINI-SOFT-PINCH-LIQUID-BLUSH-TRUTH-PRODUCT-BOX.jpg?v=1748551673,49,,,,,,,,,,,
soft-pinch-liquid-blush-mini,,,,,,,,,,,,,,,,,,,,,,,,,https://cdn.shopify.com/s/files/1/0314/1143/7703/files/SHADE-GRID-SOFT-PINCH-LIQUID-BLUSH-TRUTH.jpg?v=1748551673,50,,,,,,,,,,,
soft-pinch-liquid-blush-mini,,,,,,,,,,,,,,,,,,,,,,,,,https://cdn.shopify.com/s/files/1/0314/1143/7703/files/SWATCH-MINI-SOFT-PINCH-LIQUID-BLUSH-TRUTH.png?v=1748551673,51,,,,,,,,,,,
soft-pinch-liquid-blush-mini,,,,,,,,,,,,,,,,,,,,,,,,,https://cdn.shopify.com/s/files/1/0314/1143/7703/files/ECOMM-MINI-SOFT-PINCH-LIQUID-BLUSH-TRUTH-PRODUCT.jpg?v=1748551673,52,,,,,,,,,,,
soft-pinch-liquid-blush-mini,,,,,,,,,,,,,,,,,,,,,,,,,https://cdn.shopify.com/s/files/1/0314/1143/7703/files/ECOMM-MINI-SOFT-PINCH-LIQUID-BLUSH-TRUTH-BOX.jpg?v=1748551673,53,,,,,,,,,,,
soft-pinch-liquid-blush-mini,,"<p>A weightless, long-lasting mini liquid blush that blends and builds beautifully for a soft, healthy flush.</p>",Rare Beauty,,Blush,"non-returnable, Shop Sephora",TRUE,Shade,Joy,,,,,FGPSPB001DM1,0,,0,deny,manual,16.00,,TRUE,TRUE,840122901621,,,,,,,,g,,,,,active
soft-pinch-liquid-blush-mini,,"<p>A weightless, long-lasting mini liquid blush that blends and builds beautifully for a soft, healthy flush.</p>",Rare Beauty,,Blush,"non-returnable, Shop Sephora",TRUE,Shade,Happy,,,,,FGPSPB002DM1,0,,0,deny,manual,16.00,,TRUE,TRUE,840122901638,,,,,,,,g,,,,,active
soft-pinch-liquid-blush-mini,,"<p>A weightless, long-lasting mini liquid blush that blends and builds beautifully for a soft, healthy flush.</p>",Rare Beauty,,Blush,"non-returnable, Shop Sephora",TRUE,Shade,Encourage,,,,,FGPSPB010DM1,0,,0,deny,manual,16.00,,TRUE,TRUE,840122901645,,,,,,,,g,,,,,active
soft-pinch-liquid-blush-mini,,"<p>A weightless, long-lasting mini liquid blush that blends and builds beautifully for a soft, healthy flush.</p>",Rare Beauty,,Blush,"non-returnable, Shop Sephora",TRUE,Shade,Virtue,,,,,FGPSPB012DM1,0,,0,deny,manual,16.00,,TRUE,TRUE,840122901652,,,,,,,,g,,,,,active
soft-pinch-liquid-blush-mini,,"<p>A weightless, long-lasting mini liquid blush that blends and builds beautifully for a soft, healthy flush.</p>",Rare Beauty,,Blush,"non-returnable, Shop Sephora",TRUE,Shade,Grateful,,,,,FGPSPB004DM1,0,,0,deny,manual,16.00,,TRUE,TRUE,840122901669,,,,,,,,g,,,,,active
soft-pinch-liquid-blush-mini,,"<p>A weightless, long-lasting mini liquid blush that blends and builds beautifully for a soft, healthy flush.</p>",Rare Beauty,,Blush,"non-returnable, Shop Sephora",TRUE,Shade,Truth,,,,,FGPSPB015DM1,0,,0,deny,manual,16.00,,TRUE,TRUE,840122901867,,,,,,,,g,,,,,active
soft-pinch-liquid-blush-mini,,"<p>A weightless, long-lasting mini liquid blush that blends and builds beautifully for a soft, healthy flush.</p>",Rare Beauty,,Blush,"non-returnable, Shop Sephora",TRUE,Shade,Wonder,,,,,FGPSPB0016M1,0,,0,deny,manual,16.00,,TRUE,TRUE,840122907876,,,,,,,,g,,,,,active
soft-pinch-liquid-blush-mini,,"<p>A weightless, long-lasting mini liquid blush that blends and builds beautifully for a soft, healthy flush.</p>",Rare Beauty,,Blush,"non-returnable, Shop Sephora",TRUE,Shade,Charm,,,,,FGPSPB0020M1,0,,0,deny,manual,16.00,,TRUE,TRUE,840122908491,,,,,,,,g,,,,,active
soft-pinch-liquid-blush-mini,,"<p>A weightless, long-lasting mini liquid blush that blends and builds beautifully for a soft, healthy flush.</p>",Rare Beauty,,Blush,"non-returnable, Shop Sephora",TRUE,Shade,Spirited,,,,,FGPSPB0022M1,0,,0,deny,manual,16.00,,TRUE,TRUE,840122908682,,,,,,,,g,,,,,active
soft-pinch-liquid-blush-mini,,"<p>A weightless, long-lasting mini liquid blush that blends and builds beautifully for a soft, healthy flush.</p>",Rare Beauty,,Blush,"non-returnable, Shop Sephora",TRUE,Shade,Faith,,,,,FGPSPB007MM1,0,,0,deny,manual,16.00,,TRUE,TRUE,840122908880,,,,,,,,g,,,,,active
find-comfort-hydrating-body-lotion,Find Comfort Hydrating Body Lotion,"<p>A lightweight, nutrient-infused body lotion that hydrates up to 24 hours with a fresh, non-greasy feel, all while nourishing and softening skin for a healthy, renewed glow. </p>
<p> </p>
<p><span><span dir=""ltr"" class=""ui-provider a b c d e f g h i j k l m n o p q r s t u v w x y z ab ac ae af ag ah ai aj ak"">*If you have already purchased a Find Comfort Hydrating Body Lotion and would like to receive a lotion pump, contact hello@rarebeauty.com. Available in countries currently distributed by rarebeauty.com. </span></span></p>",Rare Beauty,,Lotion,"non-returnable, Shop Sephora",TRUE,Title,Default Title,,,,,FGPSP40001F1,0,,0,deny,manual,28.00,,TRUE,TRUE,840122906428,https://cdn.shopify.com/s/files/1/0314/1143/7703/files/find-comfort-body-lotion-closed-1440x1952.jpg?v=1762289702,1,,,,,,g,,,,,active
find-comfort-hydrating-body-lotion,,,,,,,,,,,,,,,,,,,,,,,,,https://cdn.shopify.com/s/files/1/0314/1143/7703/files/find-comfort-body-lotion-on-figure-01-1440x1952.jpg?v=1701822055,2,,,,,,,,,,,
find-comfort-hydrating-body-lotion,,,,,,,,,,,,,,,,,,,,,,,,,https://cdn.shopify.com/s/files/1/0314/1143/7703/files/find-comfort-body-lotion-swatch-02-1440x1952.jpg?v=1740432681,3,,,,,,,,,,,
find-comfort-hydrating-body-lotion,,,,,,,,,,,,,,,,,,,,,,,,,https://cdn.shopify.com/s/files/1/0314/1143/7703/files/find-comfort-body-lotion-1440x1952.jpg?v=1701812958,4,,,,,,,,,,,
find-comfort-hydrating-body-lotion,,,,,,,,,,,,,,,,,,,,,,,,,https://cdn.shopify.com/s/files/1/0314/1143/7703/files/find-comfort-body-lotion-on-figure-02-1440x1952.jpg?v=1701822055,5,,,,,,,,,,,
find-comfort-hydrating-hand-cream,Find Comfort Hydrating Hand Cream,"<p><meta charset=""utf-8""><strong></strong><span data-mce-fragment=""1"" class=""TextRun SCXW209749375 BCX0"" lang=""EN-GB"" data-contrast=""auto"" xml:lang=""EN-GB""><span data-mce-fragment=""1"" class=""NormalTextRun SCXW209749375 BCX0"">A lightweight, fast-absorbing hand cream packed with skin-loving ingredients to hydrate for up to 16 hours while nourishing and softening skin with a fresh, non-greasy feel.</span></span><span data-mce-fragment=""1"" data-ccp-props='{""201341983"":0,""335559740"":276}' class=""EOP SCXW209749375 BCX0""> </span></p>",Rare Beauty,,Hand Cream,"non-returnable, Shop Sephora",TRUE,Title,Default Title,,,,,FGPSP40002F1,0,,0,deny,manual,18.00,,TRUE,TRUE,840122906435,https://cdn.shopify.com/s/files/1/0314/1143/7703/files/find-comfort-hand-cream-closed-1440x1952.jpg?v=1762289702,1,,,,,,g,,,,,active
find-comfort-hydrating-hand-cream,,,,,,,,,,,,,,,,,,,,,,,,,https://cdn.shopify.com/s/files/1/0314/1143/7703/files/find-comfort-hand-cream-on-figure-03-1440x1952.jpg?v=1701822253,2,,,,,,,,,,,
find-comfort-hydrating-hand-cream,,,,,,,,,,,,,,,,,,,,,,,,,https://cdn.shopify.com/s/files/1/0314/1143/7703/files/swatch-find-comfort-hand-cream-1440x1952.jpg?v=1701822253,3,,,,,,,,,,,
find-comfort-hydrating-hand-cream,,,,,,,,,,,,,,,,,,,,,,,,,https://cdn.shopify.com/s/files/1/0314/1143/7703/files/find-comfort-hand-cream-1440x1952.jpg?v=1701822253,4,,,,,,,,,,,
find-comfort-hydrating-hand-cream,,,,,,,,,,,,,,,,,,,,,,,,,https://cdn.shopify.com/s/files/1/0314/1143/7703/files/find-comfort-hand-cream-on-figure-02-1440x1952.jpg?v=1701822253,5,,,,,,,,,,,
find-comfort-body-hair-fragrance-mist,Find Comfort Body & Hair Fragrance Mist,"<p>A super fine fragrance mist infused with biotin, niacinamide, and peach flower extract to revitalize your body and hair with uplifting notes of sparkling lemon zest, soft jasmine, and smooth cashmere wood.<br><meta charset=""utf-8""></p>",Rare Beauty,,Body & Hair Mist,"non-returnable, Shop Sephora",TRUE,Title,Default Title,,,,,FGPSP40003F1,227,,0,deny,manual,28.00,,TRUE,TRUE,840122906442,https://cdn.shopify.com/s/files/1/0314/1143/7703/files/find-comfort-body-hair-fragrance-mist-closed-1440x1952.jpg?v=1762289703,1,,,,,,g,,,,,active
find-comfort-body-hair-fragrance-mist,,,,,,,,,,,,,,,,,,,,,,,,,https://cdn.shopify.com/s/files/1/0314/1143/7703/files/find-comfort-body-hair-fragrance-mist-on-figure-01-1440x1952.jpg?v=1701822022,2,,,,,,,,,,,
find-comfort-body-hair-fragrance-mist,,,,,,,,,,,,,,,,,,,,,,,,,https://cdn.shopify.com/s/files/1/0314/1143/7703/files/find-comfort-body-hair-fragrance-mist-open-1440x1952.jpg?v=1701819121,3,,,,,,,,,,,
find-comfort-stop-soothe-aromatherapy-pen,Find Comfort Stop & Soothe Aromatherapy Pen,"<p><meta charset=""utf-8""><strong></strong><meta charset=""utf-8""><span data-contrast=""auto"" lang=""EN-GB"" class=""TextRun SCXW132505308 BCX0"" data-mce-fragment=""1""><span class=""NormalTextRun SCXW132505308 BCX0"" data-mce-fragment=""1"">Find instant comfort in one click. This weightless, fast-absorbing gel has a soothing peppermint and lavender scent that helps you relax and refresh the senses on the spot. </span></span></p>",Rare Beauty,,Body Oil,"non-returnable, Shop Sephora",TRUE,Title,Default Title,,,,,FGPSP40004F1,0,,0,deny,manual,20.00,,TRUE,TRUE,840122906459,https://cdn.shopify.com/s/files/1/0314/1143/7703/files/find-comfort-aromatherapy-pen-closed-1440x1952.jpg?v=1762289703,1,,,,,,g,,,,,active
find-comfort-stop-soothe-aromatherapy-pen,,,,,,,,,,,,,,,,,,,,,,,,,https://cdn.shopify.com/s/files/1/0314/1143/7703/files/swatch-find-comfort-aromatherapy-pen-1440x1952.jpg?v=1701828335,2,,,,,,,,,,,
find-comfort-stop-soothe-aromatherapy-pen,,,,,,,,,,,,,,,,,,,,,,,,,https://cdn.shopify.com/s/files/1/0314/1143/7703/files/find-comfort-aromatherapy-pen-1440x1952.jpg?v=1701828335,3,,,,,,,,,,,
find-comfort-stop-soothe-aromatherapy-pen,,,,,,,,,,,,,,,,,,,,,,,,,https://cdn.shopify.com/s/files/1/0314/1143/7703/files/find-comfort-aromatherapy-pen-on-figure-01-1440x1952.jpg?v=1701828335,4,,,,,,,,,,,
blush-bronze-luminize-custom-set,"Blush, Bronze, & Luminize Custom Set","<meta charset=""utf-8""><meta charset=""utf-8""><span data-contrast=""auto"" lang=""EN-US"" class=""TextRun SCXW72459824 BCX0"" data-mce-fragment=""1"" xml:lang=""EN-US""><span class=""NormalTextRun SCXW72459824 BCX0"" data-mce-fragment=""1"">Get a fresh, radiant flush </span><span class=""NormalTextRun ContextualSpellingAndGrammarErrorV2Themed SCXW72459824 BCX0"" data-mce-fragment=""1"">year round</span><span class=""NormalTextRun SCXW72459824 BCX0"" data-mce-fragment=""1""> with 3 full-size essentials in one easy bundle. Customize your set with your pick of blush, bronzer, and </span><span class=""NormalTextRun SpellingErrorV2Themed SCXW72459824 BCX0"" data-mce-fragment=""1"">luminizer</span><span class=""NormalTextRun SCXW72459824 BCX0"" data-mce-fragment=""1""> shades.</span></span><br>",Rare Beauty,,Bundle,"Badge: Exclusive, non-returnable, Shop Sephora",TRUE,Title,Default Title,,,,,CHEEKBESTSELLERS23,0,,0,deny,manual,66.40,83.00,TRUE,TRUE,,https://cdn.shopify.com/s/files/1/0314/1143/7703/files/ECOMM-CHEEK-BESTSELLER-BUNDLE-01_f419eb13-2d18-4852-b3ab-0e08b6e85db8.jpg?v=1768350354,1,,,,,,g,,,,,active
blush-bronze-luminize-custom-set,,,,,,,,,,,,,,,,,,,,,,,,,https://cdn.shopify.com/s/files/1/0314/1143/7703/files/pdp-dewy-blush-hack-grateful-enlighten_15fd0fa2-f6cf-4b1a-9817-93f049c70469.png?v=1768350496,2,,,,,,,,,,,
blush-bronze-luminize-custom-set,,,,,,,,,,,,,,,,,,,,,,,,,https://cdn.shopify.com/s/files/1/0314/1143/7703/files/ARM-SWATCHES-SP-LIQUID-BLUSH.jpg?v=1768350622,3,,,,,,,,,,,
blush-bronze-luminize-custom-set,,,,,,,,,,,,,,,,,,,,,,,,,https://cdn.shopify.com/s/files/1/0314/1143/7703/files/ARM-SWATCHES-PL-LIQUID-LUMINIZER-1440x1952.jpg?v=1768350622,4,,,,,,,,,,,
blush-bronze-luminize-custom-set,,,,,,,,,,,,,,,,,,,,,,,,,https://cdn.shopify.com/s/files/1/0314/1143/7703/files/pdp-bundle-warm-wishes-effortless-bronzer-stick-arm-swatches-8-1440x1952.jpg?v=1768350354,5,,,,,,,,,,,
find-comfort-tinted-clutch,Find Comfort Tinted Clutch,"<p><span class=""TextRun SCXW5717479 BCX0"" lang=""EN-US"" data-contrast=""auto""><span class=""NormalTextRun SCXW5717479 BCX0"">A large, slim travel-friendly clutch tinted in our signature Find Comfort mauve shade—perfect for organizing your essentials wherever you go.</span></span></p>",Rare Beauty,,Bag,"non-returnable, Shop Sephora",TRUE,Title,Default Title,,,,,MKTBAG0012X1,0,,0,deny,manual,15.00,,TRUE,TRUE,840122901706,https://cdn.shopify.com/s/files/1/0314/1143/7703/files/tinted-clutch-1440x1952.jpg?v=1762290370,1,,,,,,g,,,,,active
find-comfort-tinted-clutch,,,,,,,,,,,,,,,,,,,,,,,,,https://cdn.shopify.com/s/files/1/0314/1143/7703/files/on-figure-tinted-clutch-1440x1952.jpg?v=1701974969,2,,,,,,,,,,,
find-comfort-tinted-clutch,,,,,,,,,,,,,,,,,,,,,,,,,https://cdn.shopify.com/s/files/1/0314/1143/7703/files/stylized-tinted-clutch-1440x1952.jpg?v=1701974969,3,,,,,,,,,,,
find-comfort-hydrating-body-lotion-pump,Find Comfort Hydrating Body Lotion Pump,"<p><span data-mce-fragment=""1"" class=""TextRun SCXW86065720 BCX0"" lang=""EN-GB"" data-contrast=""auto""><span data-mce-fragment=""1"" data-ccp-charstyle-defn='{""ObjectId"":""f93d5e6d-0360-428f-b99b-ee35da2fac4a|159"",""ClassId"":1073872969,""Properties"":[469775450,""normaltextrun"",201340122,""1"",134233614,""true"",469778129,""normaltextrun"",335572020,""1"",469778324,""Default Paragraph Font""]}' data-ccp-charstyle=""normaltextrun"" class=""NormalTextRun SCXW86065720 BCX0"">An easy-to-use pump designed to pair with our Find Comfort Hydrating Body Lotion*.</span></span></p>
<p> </p>
<p><span><span dir=""ltr"" class=""ui-provider a b c d e f g h i j k l m n o p q r s t u v w x y z ab ac ae af ag ah ai aj ak"">*If you have already purchased a Find Comfort Hydrating Body Lotion and would like to receive a lotion pump, contact hello@rarebeauty.com. Available in countries currently distributed by rarebeauty.com. </span></span></p>",Rare Beauty,,Lotion,"Badge: Exclusive, non-returnable, Shop Sephora",TRUE,Title,Default Title,,,,,MKTRAR0036X2,0,,0,deny,manual,3.00,,TRUE,TRUE,840122906916,https://cdn.shopify.com/s/files/1/0314/1143/7703/files/find-comfort-body-lotion-pump-01-1440x1952.jpg?v=1762291295,1,,,,,,g,,,,,active
find-comfort-hydrating-body-lotion-pump,,,,,,,,,,,,,,,,,,,,,,,,,https://cdn.shopify.com/s/files/1/0314/1143/7703/files/find-comfort-body-lotion-pump-02-1440x1952.jpg?v=1708988181,2,,,,,,,,,,,
find-comfort-under-eye-patches,Find Comfort Hydrating Under Eye Patches,"<p class=""MsoNormal"" style=""margin-bottom: 0in; line-height: normal;"">A set with eight pairs of cooling undereye patches that hydrate, smooth, and revive skin for a refreshed look in minutes. The perfect prep step before makeup!</p>
<!---->",Rare Beauty,,Eye Mask,non-returnable,TRUE,Title,Default Title,,,,,FGPRAR0017X2,0,,0,deny,manual,25.00,,TRUE,TRUE,840122905742,https://cdn.shopify.com/s/files/1/0314/1143/7703/files/ECOMM-FIND-COMFORT-UNDER-EYE-PATCHES-8P.jpg?v=1762291431,1,,,,,,g,,,,,active
find-comfort-under-eye-patches,,,,,,,,,,,,,,,,,,,,,,,,,https://cdn.shopify.com/s/files/1/0314/1143/7703/files/ON-FIGURE-FIND-COMFORT-UNDER-EYE-PATCHES-8P.jpg?v=1716235074,2,,,,,,,,,,,
find-comfort-under-eye-patches,,,,,,,,,,,,,,,,,,,,,,,,,https://cdn.shopify.com/s/files/1/0314/1143/7703/files/ECOMM-FIND-COMFORT-UNDER-EYE-PATCHES.jpg?v=1716235074,3,,,,,,,,,,,
puffy-belt-bag,Puffy Belt Bag,"<meta charset=""utf-8""><span data-contrast=""none"" lang=""EN-US"" class=""TextRun SCXW171793714 BCX0"" data-mce-fragment=""1"" xml:lang=""EN-US""><span class=""NormalTextRun SCXW171793714 BCX0"" data-mce-fragment=""1"">A stylish and spacious</span><span class=""NormalTextRun SCXW171793714 BCX0"" data-mce-fragment=""1""> </span><span class=""NormalTextRun SCXW171793714 BCX0"" data-mce-fragment=""1"">belt</span><span class=""NormalTextRun SCXW171793714 BCX0"" data-mce-fragment=""1""> bag in a classic black color perfect for storing all your daily and makeup essentials.</span></span>",Rare Beauty,,Bag,non-returnable,TRUE,Title,Default Title,,,,,MKTBAG0014X1,0,,0,deny,manual,35.00,,TRUE,TRUE,840122906763,https://cdn.shopify.com/s/files/1/0314/1143/7703/files/ECOMM-PUFFY-BELT-BAG-FRONT.jpg?v=1762291432,1,,,,,,g,,,,,active
puffy-belt-bag,,,,,,,,,,,,,,,,,,,,,,,,,https://cdn.shopify.com/s/files/1/0314/1143/7703/files/ECOMM-PUFFY-BELT-BAG-BACK.jpg?v=1708540012,2,,,,,,,,,,,
puffy-belt-bag,,,,,,,,,,,,,,,,,,,,,,,,,https://cdn.shopify.com/s/files/1/0314/1143/7703/files/ECOMM-PUFFY-BELT-BAG-OPEN.jpg?v=1708540010,3,,,,,,,,,,,
find-comfort-puffy-toiletry-bag,Puffy Toiletry Bag - Mauve,"<p>A roomy, double-layered toiletry bag for organizing all your fave makeup and travel goodies (and then some) on the go now in our Find Comfort mauve.</p>",Rare Beauty,,Bag,"Badge: Exclusive, non-returnable",TRUE,Title,Default Title,,,,,MKTBAG0015X1,0,,0,deny,manual,38.00,,TRUE,TRUE,840122906770,https://cdn.shopify.com/s/files/1/0314/1143/7703/files/pdp-puffy-toiletry-bag-mauve-handle.jpg?v=1762291433,1,,,,,,g,,,,,active
find-comfort-puffy-toiletry-bag,,,,,,,,,,,,,,,,,,,,,,,,,https://cdn.shopify.com/s/files/1/0314/1143/7703/files/pdp-puffy-toiletry-bag-mauve-top-open.jpg?v=1709947641,2,,,,,,,,,,,
find-comfort-puffy-toiletry-bag,,,,,,,,,,,,,,,,,,,,,,,,,https://cdn.shopify.com/s/files/1/0314/1143/7703/files/pdp-puffy-toiletry-bag-mauve-top-zip.jpg?v=1710270999,3,,,,,,,,,,,
find-comfort-puffy-toiletry-bag,,,,,,,,,,,,,,,,,,,,,,,,,https://cdn.shopify.com/s/files/1/0314/1143/7703/files/pdp-puffy-toiletry-bag-mauve-front.jpg?v=1710270999,4,,,,,,,,,,,
puffy-traveler-tote-black,Puffy Traveler Tote – Black,"<p><span data-mce-fragment=""1"" class=""TextRun SCXW147737354 BCX0"" lang=""EN-US"" data-contrast=""auto""><span data-mce-fragment=""1"" class=""NormalTextRun SCXW147737354 BCX0"">Our essential tote is getting a sleek makeover! Now in goes-with-everything black, this </span><span data-mce-fragment=""1"" class=""NormalTextRun ContextualSpellingAndGrammarErrorV2Themed SCXW147737354 BCX0"">extra lar</span><span data-mce-fragment=""1"" class=""NormalTextRun ContextualSpellingAndGrammarErrorV2Themed SCXW147737354 BCX0"">ge</span><span data-mce-fragment=""1"" class=""NormalTextRun SCXW147737354 BCX0""> quilted tote is </span><span data-mce-fragment=""1"" class=""NormalTextRun SCXW147737354 BCX0"">as </span><span data-mce-fragment=""1"" class=""NormalTextRun SCXW147737354 BCX0"">light</span><span data-mce-fragment=""1"" class=""NormalTextRun SCXW147737354 BCX0""> as ever <span data-mce-fragment=""1"">and embroidered with a monochromatic Rare Beauty logo</span></span><span data-mce-fragment=""1"" class=""NormalTextRun SCXW147737354 BCX0"">. It has plenty of room to carry you through long weekends, workouts, and wherever your travels take you.</span></span><span data-mce-fragment=""1"" data-ccp-props='{""134233118"":false,""201341983"":0,""335559685"":-20,""335559737"":-20,""335559739"":160,""335559740"":257}' class=""EOP SCXW147737354 BCX0""> </span></p>",Rare Beauty,,Bag,"Badge: Exclusive, non-returnable",TRUE,Title,Default Title,,,,,MKTBAG0016X1,0,,0,deny,manual,45.00,,TRUE,TRUE,840122906794,https://cdn.shopify.com/s/files/1/0314/1143/7703/files/ECOMM-PUFFY-TOTE-TRAVELER-BAG-BLACK.jpg?v=1762291433,1,,,,,,g,,,,,active
puffy-traveler-tote-black,,,,,,,,,,,,,,,,,,,,,,,,,https://cdn.shopify.com/s/files/1/0314/1143/7703/files/ECOMM-PUFFY-TOTE-TRAVELER-BAG-BLACK-OPEN.jpg?v=1713812526,2,,,,,,,,,,,
puffy-makeup-bag-mauve,Puffy Makeup Bag - Mauve,"<p><span lang=""EN"" class=""TextRun SCXW167650086 BCX0""><span class=""NormalTextRun SCXW167650086 BCX0"">Introducing a</span><span class=""NormalTextRun SCXW167650086 BCX0""> fresh way to find comfort. </span><span class=""NormalTextRun SCXW167650086 BCX0"">Store your essentials—makeup and otherwise—in this p</span><span class=""NormalTextRun SCXW167650086 BCX0"">uffy quilted bag, now in our signature Find Comfort mauve.</span></span></p>",Rare Beauty,,Bag,"Badge: Special Offer, non-returnable, Shop Sephora",TRUE,Title,Default Title,,,,,MKTBAG0017X1,5,,0,deny,manual,23.00,,TRUE,TRUE,840122906862,https://cdn.shopify.com/s/files/1/0314/1143/7703/files/pdp-puffy-makeup-bag-mauve-front.jpg?v=1762291463,1,,,,,,g,,,,,active
puffy-makeup-bag-mauve,,,,,,,,,,,,,,,,,,,,,,,,,https://cdn.shopify.com/s/files/1/0314/1143/7703/files/pdp-puffy-makeup-bag-mauve-top-zip.jpg?v=1712083083,2,,,,,,,,,,,
find-comfort-headband,Find Comfort Head Band,"<p><span style=""font-size: 11.0pt; line-height: 107%; font-family: 'Calibri',sans-serif; mso-fareast-font-family: Calibri; color: #181f38; mso-ansi-language: EN-US; mso-fareast-language: EN-US; mso-bidi-language: AR-SA;"">A plush, comfy headband to hold your hair back and level up your daily routine in style.</span></p>
<!---->",Rare Beauty,,Headband,"Badge: Exclusive, non-returnable",TRUE,Title,Default Title,,,,,MKTRAR0032X1,0,,0,deny,manual,16.00,,TRUE,TRUE,840122906879,https://cdn.shopify.com/s/files/1/0314/1143/7703/files/pdp-find-comfort-headband-main.jpg?v=1762291838,1,,,,,,g,,,,,active
find-comfort-headband,,,,,,,,,,,,,,,,,,,,,,,,,https://cdn.shopify.com/s/files/1/0314/1143/7703/files/pdp-find-comfort-headband.jpg?v=1716252333,2,,,,,,,,,,,
find-comfort-headband,,,,,,,,,,,,,,,,,,,,,,,,,https://cdn.shopify.com/s/files/1/0314/1143/7703/files/pdp-find-comfort-headband-detail.jpg?v=1716252333,3,,,,,,,,,,,
powder-pouch,Powder Pouch,"<p class=""MsoNormal"" style=""margin: 0in -1.0pt 8.0pt -1.0pt;"">Introducing a travel-friendly pouch to hold your True to Myself Tinted Pressed Finishing Powder and puff in one place! Available in our signature peach color.</p>
<p class=""MsoNormal"" style=""margin: 0in -1.0pt 8.0pt -1.0pt;""> </p>",Rare Beauty,,Bag,"non-returnable, Shop Sephora",TRUE,Title,Default Title,,,,,MKTRAR0035X1,0,,0,deny,manual,12.00,,TRUE,TRUE,840122906909,https://cdn.shopify.com/s/files/1/0314/1143/7703/files/ECOMM-PUFFY-POWDER-POUCH.jpg?v=1762292019,1,,,,,,g,,,,,active
powder-pouch,,,,,,,,,,,,,,,,,,,,,,,,,https://cdn.shopify.com/s/files/1/0314/1143/7703/files/STYLIZED-PUFFY-POWDER-POUCH.jpg?v=1720461894,2,,,,,,,,,,,
find-comfort-body-lotion-and-pump,Find Comfort Hydrating Body Lotion with Pump,"<p><span><span dir=""ltr"" class=""ui-provider a b c d e f g h i j k l m n o p q r s t u v w x y z ab ac ae af ag ah ai aj ak"">A lightweight, nutrient-infused body lotion with a pump to make dispensing a breeze.  Hydrates up to 24 hours with a fresh, non-greasy feel, all while nourishing and softening skin for a healthy, renewed glow. </span></span></p>
<p><br></p>
<p><span data-contrast=""auto"" lang=""EN-GB"" class=""TextRun SCXW173863671 BCX0"" data-mce-fragment=""1"" xml:lang=""EN-GB""><span class=""NormalTextRun SCXW173863671 BCX0"" data-mce-fragment=""1"">*For international customers <em>only</em>,<span lang=""EN-US"" class=""TextRun  BCX0 SCXP166384738"" data-contrast=""none"" data-usefontface=""true"" data-scheme-color=""@000000,,"" data-mce-fragment=""1"" xml:lang=""EN-US""><span class=""NormalTextRun  BCX0 SCXP166384738"" data-mce-fragment=""1""> add both <a href=""https://www.rarebeauty.com/products/find-comfort-hydrating-body-lotion"">Find Comfort Hydrating Body Lotion</a> and <a href=""https://www.rarebeauty.com/products/find-comfort-hydrating-body-lotion-pump"">Find Comfort Hydrating Body Lotion Pump</a> to cart and use code<span data-mce-fragment=""1""> </span></span></span><span lang=""EN-US"" class=""TextRun Highlight  BCX0 SCXP166384738"" data-contrast=""none"" data-usefontface=""true"" data-scheme-color=""@000000,,"" data-mce-fragment=""1"" xml:lang=""EN-US""><span class=""NormalTextRun  BCX0 SCXP166384738"" data-mce-fragment=""1"">FCBODY</span></span><span lang=""EN-US"" class=""TextRun  BCX0 SCXP166384738"" data-contrast=""none"" data-usefontface=""true"" data-scheme-color=""@000000,,"" data-mce-fragment=""1"" xml:lang=""EN-US""><span class=""NormalTextRun  BCX0 SCXP166384738"" data-mce-fragment=""1""><span data-mce-fragment=""1""> </span>at<span data-mce-fragment=""1""> </span></span></span><span lang=""EN-US"" class=""TextRun  BCX0 SCXP166384738"" data-contrast=""none"" data-usefontface=""true"" data-scheme-color=""@000000,,"" data-mce-fragment=""1"" xml:lang=""EN-US""><span class=""NormalTextRun  BCX0 SCXP166384738"" data-mce-fragment=""1"">checkout.</span></span></span></span></p>",Rare Beauty,,Bundle,"Badge: Exclusive, bundle, non-returnable, Shop Sephora",TRUE,Title,Default Title,,,,,FCLOTION24,340,,0,deny,manual,28.00,31.00,TRUE,TRUE,,https://cdn.shopify.com/s/files/1/0314/1143/7703/files/find-comfort-body-lotion-pump-02-1440x1952_25a97dd1-f31a-43f0-a053-b7bab87b75d8.jpg?v=1762292392,1,,,,,,g,,,,,active
find-comfort-body-lotion-and-pump,,,,,,,,,,,,,,,,,,,,,,,,,https://cdn.shopify.com/s/files/1/0314/1143/7703/files/find-comfort-body-lotion-swatch-02-1440x1952_b52317fc-4854-4bed-9cfc-486d1a044d1b.jpg?v=1709242129,2,,,,,,,,,,,
find-comfort-body-lotion-and-pump,,,,,,,,,,,,,,,,,,,,,,,,,https://cdn.shopify.com/s/files/1/0314/1143/7703/files/find-comfort-body-lotion-pump-01-1440x1952_69c0d3b7-1a95-4431-8ff0-618c800a73f6.jpg?v=1709242129,3,,,,,,,,,,,
find-comfort-body-lotion-and-pump,,,,,,,,,,,,,,,,,,,,,,,,,https://cdn.shopify.com/s/files/1/0314/1143/7703/files/find-comfort-body-lotion-closed-1440x1952_1.jpg?v=1709242129,4,,,,,,,,,,,
soft-pinch-luminous-powder-blush,Soft Pinch Luminous Powder Blush,"<p><span style=""font-family: -apple-system, BlinkMacSystemFont, 'San Francisco', 'Segoe UI', Roboto, 'Helvetica Neue', sans-serif; font-size: 0.875rem;""></span><span class=""NormalTextRun SCXW164845938 BCX0"">A</span><span class=""NormalTextRun SCXW164845938 BCX0""> radiant blush</span><span class=""NormalTextRun SCXW164845938 BCX0""> that</span><span class=""NormalTextRun SCXW164845938 BCX0""> lights up all skin tones with airy, seamless, and silky color </span><span class=""NormalTextRun SCXW164845938 BCX0"">to keep</span><span class=""NormalTextRun SCXW164845938 BCX0""> you beaming all day.</span></p>
<p> </p>",Rare Beauty,,Powder Blush,"non-returnable, Shop Sephora",TRUE,Shade,Cheer,,,,,FGPSU40001F1,0,,0,deny,manual,27.00,,TRUE,TRUE,840122906572,https://cdn.shopify.com/s/files/1/0314/1143/7703/files/ECOMM-SOFT-PINCH-LUMINOUS-POWDER-BLUSH-CHEER.jpg?v=1762292447,1,,,,,,g,,,,,active
soft-pinch-luminous-powder-blush,,,,,,,,,,,,,,,,,,,,,,,,,https://cdn.shopify.com/s/files/1/0314/1143/7703/files/CAMPAIGN-SELENA-SOFT-PINCH-LUMINOUS-POWDER-BLUSH-CHEER-02.jpg?v=1711393177,2,,,,,,,,,,,
soft-pinch-luminous-powder-blush,,,,,,,,,,,,,,,,,,,,,,,,,https://cdn.shopify.com/s/files/1/0314/1143/7703/files/ON-FIGURE-SOFT-PINCH-LUMINOUS-POWDER-BLUSH-CHEER.jpg?v=1711393177,3,,,,,,,,,,,
soft-pinch-luminous-powder-blush,,,,,,,,,,,,,,,,,,,,,,,,,https://cdn.shopify.com/s/files/1/0314/1143/7703/files/SWATCH-SOFT-PINCH-LUMINOUS-POWDER-BLUSH-CHEER.png?v=1711393177,4,,,,,,,,,,,
soft-pinch-luminous-powder-blush,,,,,,,,,,,,,,,,,,,,,,,,,https://cdn.shopify.com/s/files/1/0314/1143/7703/files/ECOMM-SOFT-PINCH-LUMINOUS-POWDER-BLUSH-HOPE.jpg?v=1711393177,5,,,,,,,,,,,
soft-pinch-luminous-powder-blush,,,,,,,,,,,,,,,,,,,,,,,,,https://cdn.shopify.com/s/files/1/0314/1143/7703/files/CAMPAIGN-CANDIDS-SOFT-PINCH-LUMINOUS-POWDER-BLUSH-HOPE.jpg?v=1711393177,6,,,,,,,,,,,
soft-pinch-luminous-powder-blush,,,,,,,,,,,,,,,,,,,,,,,,,https://cdn.shopify.com/s/files/1/0314/1143/7703/files/ON-FIGURE-SOFT-PINCH-LUMINOUS-POWDER-BLUSH-HOPE.jpg?v=1711393177,7,,,,,,,,,,,
soft-pinch-luminous-powder-blush,,,,,,,,,,,,,,,,,,,,,,,,,https://cdn.shopify.com/s/files/1/0314/1143/7703/files/CAMPAIGN-APPLICATION-SOFT-PINCH-LUMINOUS-POWDER-BLUSH-HOPE.jpg?v=1711393177,8,,,,,,,,,,,
soft-pinch-luminous-powder-blush,,,,,,,,,,,,,,,,,,,,,,,,,https://cdn.shopify.com/s/files/1/0314/1143/7703/files/SWATCH-SOFT-PINCH-LUMINOUS-POWDER-BLUSH-HOPE.png?v=1711393177,9,,,,,,,,,,,
soft-pinch-luminous-powder-blush,,,,,,,,,,,,,,,,,,,,,,,,,https://cdn.shopify.com/s/files/1/0314/1143/7703/files/ECOMM-SOFT-PINCH-LUMINOUS-POWDER-BLUSH-HAPPY.jpg?v=1711393177,10,,,,,,,,,,,
soft-pinch-luminous-powder-blush,,,,,,,,,,,,,,,,,,,,,,,,,https://cdn.shopify.com/s/files/1/0314/1143/7703/files/CAMPAIGN-SELENA-APPLICATION-SOFT-PINCH-LUMINOUS-POWDER-BLUSH-HAPPY-01.jpg?v=1711393177,11,,,,,,,,,,,
soft-pinch-luminous-powder-blush,,,,,,,,,,,,,,,,,,,,,,,,,https://cdn.shopify.com/s/files/1/0314/1143/7703/files/CAMPAIGN-CANDIDS-SOFT-PINCH-LUMINOUS-POWDER-BLUSH-HAPPY.jpg?v=1711393177,12,,,,,,,,,,,
soft-pinch-luminous-powder-blush,,,,,,,,,,,,,,,,,,,,,,,,,https://cdn.shopify.com/s/files/1/0314/1143/7703/files/ON-FIGURE-SOFT-PINCH-LUMINOUS-POWDER-BLUSH-HAPPY.jpg?v=1711393161,13,,,,,,,,,,,
soft-pinch-luminous-powder-blush,,,,,,,,,,,,,,,,,,,,,,,,,https://cdn.shopify.com/s/files/1/0314/1143/7703/files/SWATCH-SOFT-PINCH-LUMINOUS-POWDER-BLUSH-HAPPY.png?v=1711393161,14,,,,,,,,,,,
soft-pinch-luminous-powder-blush,,,,,,,,,,,,,,,,,,,,,,,,,https://cdn.shopify.com/s/files/1/0314/1143/7703/files/ECOMM-SOFT-PINCH-LUMINOUS-POWDER-BLUSH-JOY.jpg?v=1711393161,15,,,,,,,,,,,
soft-pinch-luminous-powder-blush,,,,,,,,,,,,,,,,,,,,,,,,,https://cdn.shopify.com/s/files/1/0314/1143/7703/files/CAMPAIGN-APPLICATION-SOFT-PINCH-LUMINOUS-POWDER-BLUSH-JOY.jpg?v=1711393161,16,,,,,,,,,,,
soft-pinch-luminous-powder-blush,,,,,,,,,,,,,,,,,,,,,,,,,https://cdn.shopify.com/s/files/1/0314/1143/7703/files/ON-FIGURE-SOFT-PINCH-LUMINOUS-POWDER-BLUSH-JOY.jpg?v=1711393161,17,,,,,,,,,,,
soft-pinch-luminous-powder-blush,,,,,,,,,,,,,,,,,,,,,,,,,https://cdn.shopify.com/s/files/1/0314/1143/7703/files/CAMPAIGN-CANDIDS-SOFT-PINCH-LUMINOUS-POWDER-BLUSH-JOY.jpg?v=1711393161,18,,,,,,,,,,,
soft-pinch-luminous-powder-blush,,,,,,,,,,,,,,,,,,,,,,,,,https://cdn.shopify.com/s/files/1/0314/1143/7703/files/SWATCH-SOFT-PINCH-LUMINOUS-POWDER-BLUSH-JOY.png?v=1711393161,19,,,,,,,,,,,
soft-pinch-luminous-powder-blush,,,,,,,,,,,,,,,,,,,,,,,,,https://cdn.shopify.com/s/files/1/0314/1143/7703/files/ECOMM-SOFT-PINCH-LUMINOUS-POWDER-BLUSH-TRUTH.jpg?v=1711393161,20,,,,,,,,,,,
soft-pinch-luminous-powder-blush,,,,,,,,,,,,,,,,,,,,,,,,,https://cdn.shopify.com/s/files/1/0314/1143/7703/files/CAMPAIGN-APPLICATION-SOFT-PINCH-LUMINOUS-POWDER-BLUSH-TRUTH.jpg?v=1711393161,21,,,,,,,,,,,
soft-pinch-luminous-powder-blush,,,,,,,,,,,,,,,,,,,,,,,,,https://cdn.shopify.com/s/files/1/0314/1143/7703/files/ON-FIGURE-SOFT-PINCH-LUMINOUS-POWDER-BLUSH-TRUTH.jpg?v=1711393161,22,,,,,,,,,,,
soft-pinch-luminous-powder-blush,,,,,,,,,,,,,,,,,,,,,,,,,https://cdn.shopify.com/s/files/1/0314/1143/7703/files/CAMPAIGN-CANDIDS-SOFT-PINCH-LUMINOUS-POWDER-BLUSH-TRUTH.jpg?v=1711393161,23,,,,,,,,,,,
soft-pinch-luminous-powder-blush,,,,,,,,,,,,,,,,,,,,,,,,,https://cdn.shopify.com/s/files/1/0314/1143/7703/files/SWATCH-SOFT-PINCH-LUMINOUS-POWDER-BLUSH-TRUTH.png?v=1711393161,24,,,,,,,,,,,
soft-pinch-luminous-powder-blush,,,,,,,,,,,,,,,,,,,,,,,,,https://cdn.shopify.com/s/files/1/0314/1143/7703/files/ECOMM-SOFT-PINCH-LUMINOUS-POWDER-BLUSH-LOVE.jpg?v=1711393161,25,,,,,,,,,,,
soft-pinch-luminous-powder-blush,,,,,,,,,,,,,,,,,,,,,,,,,https://cdn.shopify.com/s/files/1/0314/1143/7703/files/ON-FIGURE-SOFT-PINCH-LUMINOUS-POWDER-BLUSH-LOVE.jpg?v=1711393161,26,,,,,,,,,,,
soft-pinch-luminous-powder-blush,,,,,,,,,,,,,,,,,,,,,,,,,https://cdn.shopify.com/s/files/1/0314/1143/7703/files/SWATCH-SOFT-PINCH-LUMINOUS-POWDER-BLUSH-LOVE.png?v=1711393161,27,,,,,,,,,,,
soft-pinch-luminous-powder-blush,,,,,,,,,,,,,,,,,,,,,,,,,https://cdn.shopify.com/s/files/1/0314/1143/7703/files/ARM-SWATCHES-SOFT-PINCH-LUMINOUS-POWDER-BLUSH.jpg?v=1711393161,28,,,,,,,,,,,
soft-pinch-luminous-powder-blush,,,,,,,,,,,,,,,,,,,,,,,,,https://cdn.shopify.com/s/files/1/0314/1143/7703/files/STYLIZED-SOFT-PINCH-LUMINOUS-POWDER-BLUSH-GROUP-02.jpg?v=1711393161,29,,,,,,,,,,,
soft-pinch-luminous-powder-blush,,,,,,,,,,,,,,,,,,,,,,,,,https://cdn.shopify.com/s/files/1/0314/1143/7703/files/STYLIZED-SOFT-PINCH-FRANCHISE.jpg?v=1711393161,30,,,,,,,,,,,
soft-pinch-luminous-powder-blush,,,,,,,,,,,,,,,,,,,,,,,,,https://cdn.shopify.com/s/files/1/0314/1143/7703/files/STYLIZED-SOFT-PINCH-LUMINOUS-POWDER-BLUSH-GROUP-03.jpg?v=1711393161,31,,,,,,,,,,,
soft-pinch-luminous-powder-blush,,,,,,,,,,,,,,,,,,,,,,,,,https://cdn.shopify.com/s/files/1/0314/1143/7703/files/ECOMM-SOFT-PINCH-LUMINOUS-POWDER-BLUSH-CLOSED.jpg?v=1711393161,32,,,,,,,,,,,
soft-pinch-luminous-powder-blush,,,,,,,,,,,,,,,,,,,,,,,,,https://cdn.shopify.com/s/files/1/0314/1143/7703/files/CAMPAIGN-CANDIDS-SOFT-PINCH-LUMINOUS-POWDER-BLUSH-GROUP.jpg?v=1711393161,33,,,,,,,,,,,
soft-pinch-luminous-powder-blush,,,,,,,,,,,,,,,,,,,,,,,,,https://cdn.shopify.com/s/files/1/0314/1143/7703/files/STYLIZED-SOFT-PINCH-LUMINOUS-POWDER-BLUSH-DUO.jpg?v=1711393161,34,,,,,,,,,,,
soft-pinch-luminous-powder-blush,,"<p><span style=""font-family: -apple-system, BlinkMacSystemFont, 'San Francisco', 'Segoe UI', Roboto, 'Helvetica Neue', sans-serif; font-size: 0.875rem;""></span><span class=""NormalTextRun SCXW164845938 BCX0"">A</span><span class=""NormalTextRun SCXW164845938 BCX0""> radiant blush</span><span class=""NormalTextRun SCXW164845938 BCX0""> that</span><span class=""NormalTextRun SCXW164845938 BCX0""> lights up all skin tones with airy, seamless, and silky color </span><span class=""NormalTextRun SCXW164845938 BCX0"">to keep</span><span class=""NormalTextRun SCXW164845938 BCX0""> you beaming all day.</span></p>
<p> </p>",Rare Beauty,,Powder Blush,"non-returnable, Shop Sephora",TRUE,Shade,Hope,,,,,FGPSU40002F1,0,,0,deny,manual,27.00,,TRUE,TRUE,840122906589,,,,,,,,g,,,,,active
soft-pinch-luminous-powder-blush,,"<p><span style=""font-family: -apple-system, BlinkMacSystemFont, 'San Francisco', 'Segoe UI', Roboto, 'Helvetica Neue', sans-serif; font-size: 0.875rem;""></span><span class=""NormalTextRun SCXW164845938 BCX0"">A</span><span class=""NormalTextRun SCXW164845938 BCX0""> radiant blush</span><span class=""NormalTextRun SCXW164845938 BCX0""> that</span><span class=""NormalTextRun SCXW164845938 BCX0""> lights up all skin tones with airy, seamless, and silky color </span><span class=""NormalTextRun SCXW164845938 BCX0"">to keep</span><span class=""NormalTextRun SCXW164845938 BCX0""> you beaming all day.</span></p>
<p> </p>",Rare Beauty,,Powder Blush,"non-returnable, Shop Sephora",TRUE,Shade,Happy,,,,,FGPSU40003F1,0,,0,deny,manual,27.00,,TRUE,TRUE,840122906596,,,,,,,,g,,,,,active
soft-pinch-luminous-powder-blush,,"<p><span style=""font-family: -apple-system, BlinkMacSystemFont, 'San Francisco', 'Segoe UI', Roboto, 'Helvetica Neue', sans-serif; font-size: 0.875rem;""></span><span class=""NormalTextRun SCXW164845938 BCX0"">A</span><span class=""NormalTextRun SCXW164845938 BCX0""> radiant blush</span><span class=""NormalTextRun SCXW164845938 BCX0""> that</span><span class=""NormalTextRun SCXW164845938 BCX0""> lights up all skin tones with airy, seamless, and silky color </span><span class=""NormalTextRun SCXW164845938 BCX0"">to keep</span><span class=""NormalTextRun SCXW164845938 BCX0""> you beaming all day.</span></p>
<p> </p>",Rare Beauty,,Powder Blush,"non-returnable, Shop Sephora",TRUE,Shade,Joy,,,,,FGPSU40004F1,0,,0,deny,manual,27.00,,TRUE,TRUE,840122906602,,,,,,,,g,,,,,active
soft-pinch-luminous-powder-blush,,"<p><span style=""font-family: -apple-system, BlinkMacSystemFont, 'San Francisco', 'Segoe UI', Roboto, 'Helvetica Neue', sans-serif; font-size: 0.875rem;""></span><span class=""NormalTextRun SCXW164845938 BCX0"">A</span><span class=""NormalTextRun SCXW164845938 BCX0""> radiant blush</span><span class=""NormalTextRun SCXW164845938 BCX0""> that</span><span class=""NormalTextRun SCXW164845938 BCX0""> lights up all skin tones with airy, seamless, and silky color </span><span class=""NormalTextRun SCXW164845938 BCX0"">to keep</span><span class=""NormalTextRun SCXW164845938 BCX0""> you beaming all day.</span></p>
<p> </p>",Rare Beauty,,Powder Blush,"non-returnable, Shop Sephora",TRUE,Shade,Love,,,,,FGPSU40006F1,0,,0,deny,manual,27.00,,TRUE,TRUE,840122906626,,,,,,,,g,,,,,active
soft-pinch-luminous-powder-blush,,"<p><span style=""font-family: -apple-system, BlinkMacSystemFont, 'San Francisco', 'Segoe UI', Roboto, 'Helvetica Neue', sans-serif; font-size: 0.875rem;""></span><span class=""NormalTextRun SCXW164845938 BCX0"">A</span><span class=""NormalTextRun SCXW164845938 BCX0""> radiant blush</span><span class=""NormalTextRun SCXW164845938 BCX0""> that</span><span class=""NormalTextRun SCXW164845938 BCX0""> lights up all skin tones with airy, seamless, and silky color </span><span class=""NormalTextRun SCXW164845938 BCX0"">to keep</span><span class=""NormalTextRun SCXW164845938 BCX0""> you beaming all day.</span></p>
<p> </p>",Rare Beauty,,Powder Blush,"non-returnable, Shop Sephora",TRUE,Shade,Truth,,,,,FGPSU40005F1,0,,0,deny,manual,27.00,,TRUE,TRUE,840122906619,,,,,,,,g,,,,,active
positive-light-liquid-luminizer-mini,Positive Light Liquid Luminizer Mini,"<span data-contrast=""auto"" lang=""EN-US"" class=""TextRun SCXW213086957 BCX0"" data-mce-fragment=""1"" xml:lang=""EN-US""><span class=""NormalTextRun SCXW213086957 BCX0"" data-mce-fragment=""1"">A </span><span class=""NormalTextRun SCXW213086957 BCX0"" data-mce-fragment=""1"">mini version of our </span><span class=""NormalTextRun SCXW213086957 BCX0"" data-mce-fragment=""1"">bestselling </span><span class=""NormalTextRun SCXW213086957 BCX0"" data-mce-fragment=""1"">liquid highlighte</span><span class=""NormalTextRun SCXW213086957 BCX0"" data-mce-fragment=""1"">r. Keep </span><span class=""NormalTextRun SCXW213086957 BCX0"" data-mce-fragment=""1"">your skin </span><span class=""NormalTextRun SCXW213086957 BCX0"" data-mce-fragment=""1"">looking on the bright side all day with </span><span class=""NormalTextRun SCXW213086957 BCX0"" data-mce-fragment=""1"">a</span><span class=""NormalTextRun SCXW213086957 BCX0"" data-mce-fragment=""1""> </span><span class=""NormalTextRun SCXW213086957 BCX0"" data-mce-fragment=""1"">dewy, buildable glow </span><span class=""NormalTextRun SCXW213086957 BCX0"" data-mce-fragment=""1"">that also </span><span class=""NormalTextRun SCXW213086957 BCX0"" data-mce-fragment=""1"">nourish</span><span class=""NormalTextRun SCXW213086957 BCX0"" data-mce-fragment=""1"">es</span><span class=""NormalTextRun SCXW213086957 BCX0"" data-mce-fragment=""1"">.</span><span class=""NormalTextRun SCXW213086957 BCX0"" data-mce-fragment=""1""> </span></span>",Rare Beauty,,Luminizer,"Hazmat, non-returnable, Shop Sephora, variant-disabled:40970263462023, variant-disabled:40970263494791, variant-disabled:40970263527559",TRUE,Shade,Mesmerize,,,,,FGPPLL0003M1,0,,0,deny,manual,18.00,,TRUE,TRUE,840122902703,https://cdn.shopify.com/s/files/1/0314/1143/7703/files/ECOMM-MINI-POSITIVE-LIGHT-LIQUID-LUMINZER-MESMERIZE-PRODUCT-BOX.jpg?v=1762292447,1,,,,,,g,,,,,active
positive-light-liquid-luminizer-mini,,,,,,,,,,,,,,,,,,,,,,,,,https://cdn.shopify.com/s/files/1/0314/1143/7703/files/swatch-positive-light-liquid-luminizer-mesmerize-1440x1952_99d4db35-c791-4923-9dd5-27f33b8bc652.png?v=1712038276,2,,,,,,,,,,,
positive-light-liquid-luminizer-mini,,,,,,,,,,,,,,,,,,,,,,,,,https://cdn.shopify.com/s/files/1/0314/1143/7703/files/ECOMM-MINI-POSITIVE-LIGHT-LIQUID-LUMINZER-MESMERIZE-PRODUCT.jpg?v=1712038276,3,,,,,,,,,,,
positive-light-liquid-luminizer-mini,,,,,,,,,,,,,,,,,,,,,,,,,https://cdn.shopify.com/s/files/1/0314/1143/7703/files/ECOMM-MINI-POSITIVE-LIGHT-LIQUID-LUMINZER-MESMERIZE-BOX.jpg?v=1712038276,4,,,,,,,,,,,
positive-light-liquid-luminizer-mini,,,,,,,,,,,,,,,,,,,,,,,,,https://cdn.shopify.com/s/files/1/0314/1143/7703/files/ECOMM-MINI-POSITIVE-LIGHT-LIQUID-LUMINZER-ENCHANT-PRODUCT-BOX.jpg?v=1712038276,5,,,,,,,,,,,
positive-light-liquid-luminizer-mini,,,,,,,,,,,,,,,,,,,,,,,,,https://cdn.shopify.com/s/files/1/0314/1143/7703/files/swatch-positive-light-liquid-luminizer-enchant-1440x1952_22b24ec5-c2be-4e35-aa2f-4ca719d49d3a.png?v=1712038276,6,,,,,,,,,,,
positive-light-liquid-luminizer-mini,,,,,,,,,,,,,,,,,,,,,,,,,https://cdn.shopify.com/s/files/1/0314/1143/7703/files/ECOMM-MINI-POSITIVE-LIGHT-LIQUID-LUMINZER-ENCHANT-PRODUCT.jpg?v=1712038276,7,,,,,,,,,,,
positive-light-liquid-luminizer-mini,,,,,,,,,,,,,,,,,,,,,,,,,https://cdn.shopify.com/s/files/1/0314/1143/7703/files/ECOMM-MINI-POSITIVE-LIGHT-LIQUID-LUMINZER-ENCHANT-BOX.jpg?v=1712038276,8,,,,,,,,,,,
positive-light-liquid-luminizer-mini,,,,,,,,,,,,,,,,,,,,,,,,,https://cdn.shopify.com/s/files/1/0314/1143/7703/files/ECOMM-MINI-POSITIVE-LIGHT-LIQUID-LUMINZER-FLAUNT-PRODUCT-BOX.jpg?v=1712038276,9,,,,,,,,,,,
positive-light-liquid-luminizer-mini,,,,,,,,,,,,,,,,,,,,,,,,,https://cdn.shopify.com/s/files/1/0314/1143/7703/files/swatch-positive-light-liquid-luminizer-flaunt-1440x1952_5f23153e-7b2d-4df2-a118-fee412040a7a.png?v=1712038276,10,,,,,,,,,,,
positive-light-liquid-luminizer-mini,,,,,,,,,,,,,,,,,,,,,,,,,https://cdn.shopify.com/s/files/1/0314/1143/7703/files/ECOMM-MINI-POSITIVE-LIGHT-LIQUID-LUMINZER-FLAUNT-PRODUCT.jpg?v=1712038276,11,,,,,,,,,,,
positive-light-liquid-luminizer-mini,,,,,,,,,,,,,,,,,,,,,,,,,https://cdn.shopify.com/s/files/1/0314/1143/7703/files/ECOMM-MINI-POSITIVE-LIGHT-LIQUID-LUMINZER-FLAUNT-BOX.jpg?v=1712038276,12,,,,,,,,,,,
positive-light-liquid-luminizer-mini,,,,,,,,,,,,,,,,,,,,,,,,,https://cdn.shopify.com/s/files/1/0314/1143/7703/files/ECOMM-MINI-POSITIVE-LIGHT-LIQUID-LUMINZER-ENLIGHTEN-PRODUCT-BOX.jpg?v=1712038276,13,,,,,,,,,,,
positive-light-liquid-luminizer-mini,,,,,,,,,,,,,,,,,,,,,,,,,https://cdn.shopify.com/s/files/1/0314/1143/7703/files/swatch-positive-light-liquid-luminizer-enlighten-1440x1952_29af901a-e170-43ea-a85a-8611366d577d.png?v=1712038276,14,,,,,,,,,,,
positive-light-liquid-luminizer-mini,,,,,,,,,,,,,,,,,,,,,,,,,https://cdn.shopify.com/s/files/1/0314/1143/7703/files/ECOMM-MINI-POSITIVE-LIGHT-LIQUID-LUMINZER-ENLIGHTEN-PRODUCT.jpg?v=1712038276,15,,,,,,,,,,,
positive-light-liquid-luminizer-mini,,,,,,,,,,,,,,,,,,,,,,,,,https://cdn.shopify.com/s/files/1/0314/1143/7703/files/ECOMM-MINI-POSITIVE-LIGHT-LIQUID-LUMINZER-ENLIGHTEN-BOX.jpg?v=1712038276,16,,,,,,,,,,,
positive-light-liquid-luminizer-mini,,,,,,,,,,,,,,,,,,,,,,,,,https://cdn.shopify.com/s/files/1/0314/1143/7703/files/ECOMM-MINI-POSITIVE-LIGHT-LIQUID-LUMINZER-EXHILARATE-PRODUCT-BOX.jpg?v=1721083961,17,,,,,,,,,,,
positive-light-liquid-luminizer-mini,,,,,,,,,,,,,,,,,,,,,,,,,https://cdn.shopify.com/s/files/1/0314/1143/7703/files/SWATCH-MINI-POSITIVE-LIGHT-LIQUID-LUMINIZER-EXHILARATE.png?v=1721083960,18,,,,,,,,,,,
positive-light-liquid-luminizer-mini,,,,,,,,,,,,,,,,,,,,,,,,,https://cdn.shopify.com/s/files/1/0314/1143/7703/files/ECOMM-MINI-POSITIVE-LIGHT-LIQUID-LUMINZER-EXHILARATE-PRODUCT.jpg?v=1721084050,19,,,,,,,,,,,
positive-light-liquid-luminizer-mini,,,,,,,,,,,,,,,,,,,,,,,,,https://cdn.shopify.com/s/files/1/0314/1143/7703/files/SHADE-GRID-MINI-POSITIVE-LIGHT-LIQUID-LUMINIZER-EXHILARATE.jpg?v=1721083961,20,,,,,,,,,,,
positive-light-liquid-luminizer-mini,,,,,,,,,,,,,,,,,,,,,,,,,https://cdn.shopify.com/s/files/1/0314/1143/7703/files/ARM-SWATCHES-PL-LIQUID-LUMINIZER-1440x1952.jpg?v=1768350622,21,,,,,,,,,,,
positive-light-liquid-luminizer-mini,,,,,,,,,,,,,,,,,,,,,,,,,https://cdn.shopify.com/s/files/1/0314/1143/7703/files/STYLIZED-BOTF-FULL-MINI-LUMINIZER-GROUP.jpg?v=1723083539,22,,,,,,,,,,,
positive-light-liquid-luminizer-mini,,"<span data-contrast=""auto"" lang=""EN-US"" class=""TextRun SCXW213086957 BCX0"" data-mce-fragment=""1"" xml:lang=""EN-US""><span class=""NormalTextRun SCXW213086957 BCX0"" data-mce-fragment=""1"">A </span><span class=""NormalTextRun SCXW213086957 BCX0"" data-mce-fragment=""1"">mini version of our </span><span class=""NormalTextRun SCXW213086957 BCX0"" data-mce-fragment=""1"">bestselling </span><span class=""NormalTextRun SCXW213086957 BCX0"" data-mce-fragment=""1"">liquid highlighte</span><span class=""NormalTextRun SCXW213086957 BCX0"" data-mce-fragment=""1"">r. Keep </span><span class=""NormalTextRun SCXW213086957 BCX0"" data-mce-fragment=""1"">your skin </span><span class=""NormalTextRun SCXW213086957 BCX0"" data-mce-fragment=""1"">looking on the bright side all day with </span><span class=""NormalTextRun SCXW213086957 BCX0"" data-mce-fragment=""1"">a</span><span class=""NormalTextRun SCXW213086957 BCX0"" data-mce-fragment=""1""> </span><span class=""NormalTextRun SCXW213086957 BCX0"" data-mce-fragment=""1"">dewy, buildable glow </span><span class=""NormalTextRun SCXW213086957 BCX0"" data-mce-fragment=""1"">that also </span><span class=""NormalTextRun SCXW213086957 BCX0"" data-mce-fragment=""1"">nourish</span><span class=""NormalTextRun SCXW213086957 BCX0"" data-mce-fragment=""1"">es</span><span class=""NormalTextRun SCXW213086957 BCX0"" data-mce-fragment=""1"">.</span><span class=""NormalTextRun SCXW213086957 BCX0"" data-mce-fragment=""1""> </span></span>",Rare Beauty,,Luminizer,"Hazmat, non-returnable, Shop Sephora, variant-disabled:40970263462023, variant-disabled:40970263494791, variant-disabled:40970263527559",TRUE,Shade,Enchant,,,,,FGPPLL0002M1,18,,0,deny,manual,18.00,,TRUE,TRUE,840122901690,,,,,,,,g,,,,,active
positive-light-liquid-luminizer-mini,,"<span data-contrast=""auto"" lang=""EN-US"" class=""TextRun SCXW213086957 BCX0"" data-mce-fragment=""1"" xml:lang=""EN-US""><span class=""NormalTextRun SCXW213086957 BCX0"" data-mce-fragment=""1"">A </span><span class=""NormalTextRun SCXW213086957 BCX0"" data-mce-fragment=""1"">mini version of our </span><span class=""NormalTextRun SCXW213086957 BCX0"" data-mce-fragment=""1"">bestselling </span><span class=""NormalTextRun SCXW213086957 BCX0"" data-mce-fragment=""1"">liquid highlighte</span><span class=""NormalTextRun SCXW213086957 BCX0"" data-mce-fragment=""1"">r. Keep </span><span class=""NormalTextRun SCXW213086957 BCX0"" data-mce-fragment=""1"">your skin </span><span class=""NormalTextRun SCXW213086957 BCX0"" data-mce-fragment=""1"">looking on the bright side all day with </span><span class=""NormalTextRun SCXW213086957 BCX0"" data-mce-fragment=""1"">a</span><span class=""NormalTextRun SCXW213086957 BCX0"" data-mce-fragment=""1""> </span><span class=""NormalTextRun SCXW213086957 BCX0"" data-mce-fragment=""1"">dewy, buildable glow </span><span class=""NormalTextRun SCXW213086957 BCX0"" data-mce-fragment=""1"">that also </span><span class=""NormalTextRun SCXW213086957 BCX0"" data-mce-fragment=""1"">nourish</span><span class=""NormalTextRun SCXW213086957 BCX0"" data-mce-fragment=""1"">es</span><span class=""NormalTextRun SCXW213086957 BCX0"" data-mce-fragment=""1"">.</span><span class=""NormalTextRun SCXW213086957 BCX0"" data-mce-fragment=""1""> </span></span>",Rare Beauty,,Luminizer,"Hazmat, non-returnable, Shop Sephora, variant-disabled:40970263462023, variant-disabled:40970263494791, variant-disabled:40970263527559",TRUE,Shade,Flaunt,,,,,FGPPLL0006M1,0,,0,deny,manual,18.00,,TRUE,TRUE,840122901683,,,,,,,,g,,,,,active
positive-light-liquid-luminizer-mini,,"<span data-contrast=""auto"" lang=""EN-US"" class=""TextRun SCXW213086957 BCX0"" data-mce-fragment=""1"" xml:lang=""EN-US""><span class=""NormalTextRun SCXW213086957 BCX0"" data-mce-fragment=""1"">A </span><span class=""NormalTextRun SCXW213086957 BCX0"" data-mce-fragment=""1"">mini version of our </span><span class=""NormalTextRun SCXW213086957 BCX0"" data-mce-fragment=""1"">bestselling </span><span class=""NormalTextRun SCXW213086957 BCX0"" data-mce-fragment=""1"">liquid highlighte</span><span class=""NormalTextRun SCXW213086957 BCX0"" data-mce-fragment=""1"">r. Keep </span><span class=""NormalTextRun SCXW213086957 BCX0"" data-mce-fragment=""1"">your skin </span><span class=""NormalTextRun SCXW213086957 BCX0"" data-mce-fragment=""1"">looking on the bright side all day with </span><span class=""NormalTextRun SCXW213086957 BCX0"" data-mce-fragment=""1"">a</span><span class=""NormalTextRun SCXW213086957 BCX0"" data-mce-fragment=""1""> </span><span class=""NormalTextRun SCXW213086957 BCX0"" data-mce-fragment=""1"">dewy, buildable glow </span><span class=""NormalTextRun SCXW213086957 BCX0"" data-mce-fragment=""1"">that also </span><span class=""NormalTextRun SCXW213086957 BCX0"" data-mce-fragment=""1"">nourish</span><span class=""NormalTextRun SCXW213086957 BCX0"" data-mce-fragment=""1"">es</span><span class=""NormalTextRun SCXW213086957 BCX0"" data-mce-fragment=""1"">.</span><span class=""NormalTextRun SCXW213086957 BCX0"" data-mce-fragment=""1""> </span></span>",Rare Beauty,,Luminizer,"Hazmat, non-returnable, Shop Sephora, variant-disabled:40970263462023, variant-disabled:40970263494791, variant-disabled:40970263527559",TRUE,Shade,Enlighten,,,,,FGPPLL0001M1,0,,0,deny,manual,18.00,,TRUE,TRUE,840122901614,,,,,,,,g,,,,,active
positive-light-liquid-luminizer-mini,,"<span data-contrast=""auto"" lang=""EN-US"" class=""TextRun SCXW213086957 BCX0"" data-mce-fragment=""1"" xml:lang=""EN-US""><span class=""NormalTextRun SCXW213086957 BCX0"" data-mce-fragment=""1"">A </span><span class=""NormalTextRun SCXW213086957 BCX0"" data-mce-fragment=""1"">mini version of our </span><span class=""NormalTextRun SCXW213086957 BCX0"" data-mce-fragment=""1"">bestselling </span><span class=""NormalTextRun SCXW213086957 BCX0"" data-mce-fragment=""1"">liquid highlighte</span><span class=""NormalTextRun SCXW213086957 BCX0"" data-mce-fragment=""1"">r. Keep </span><span class=""NormalTextRun SCXW213086957 BCX0"" data-mce-fragment=""1"">your skin </span><span class=""NormalTextRun SCXW213086957 BCX0"" data-mce-fragment=""1"">looking on the bright side all day with </span><span class=""NormalTextRun SCXW213086957 BCX0"" data-mce-fragment=""1"">a</span><span class=""NormalTextRun SCXW213086957 BCX0"" data-mce-fragment=""1""> </span><span class=""NormalTextRun SCXW213086957 BCX0"" data-mce-fragment=""1"">dewy, buildable glow </span><span class=""NormalTextRun SCXW213086957 BCX0"" data-mce-fragment=""1"">that also </span><span class=""NormalTextRun SCXW213086957 BCX0"" data-mce-fragment=""1"">nourish</span><span class=""NormalTextRun SCXW213086957 BCX0"" data-mce-fragment=""1"">es</span><span class=""NormalTextRun SCXW213086957 BCX0"" data-mce-fragment=""1"">.</span><span class=""NormalTextRun SCXW213086957 BCX0"" data-mce-fragment=""1""> </span></span>",Rare Beauty,,Luminizer,"Hazmat, non-returnable, Shop Sephora, variant-disabled:40970263462023, variant-disabled:40970263494791, variant-disabled:40970263527559",TRUE,Shade,Exhilarate,,,,,FGPPLL0010M1,0,,0,deny,manual,18.00,,TRUE,TRUE,840122901874,,,,,,,,g,,,,,active
mini-puffy-tote-keychain,Mini Puffy Tote Keychain,"<span><span dir=""ltr"" class=""ui-provider a b c d e f g h i j k l m n o p q r s t u v w x y z ab ac ae af ag ah ai aj ak"">Our favorite Puffy Traveler Tote is now a keychain! This tiny pouch is perfect for all your small essentials on the go.</span></span>",Rare Beauty,,Keychain,"Badge: Exclusive, non-returnable",TRUE,Title,Default Title,,,,,MKTRAR0039X1,0,,0,deny,manual,15.00,,TRUE,TRUE,840122907548,https://cdn.shopify.com/s/files/1/0314/1143/7703/files/mini-puffy-key-chain-1440x1952-01.jpg?v=1762294460,1,,,,,,g,,,,,active
mini-puffy-tote-keychain,,,,,,,,,,,,,,,,,,,,,,,,,https://cdn.shopify.com/s/files/1/0314/1143/7703/files/mini-puffy-key-chain-1440x1952-02-with-copy.jpg?v=1713319151,2,,,,,,,,,,,
find-comfort-gentle-exfoliating-body-wash,Find Comfort Gentle Exfoliating Body Wash,"<p><meta charset=""utf-8""><span data-contrast=""auto"" lang=""EN-GB"" class=""TextRun SCXW210574067 BCX0"" xml:lang=""EN-GB""><span class=""NormalTextRun SCXW210574067 BCX0"">A daily revitalizing body wash that hugs skin with </span></span><span data-contrast=""none"" lang=""EN-GB"" class=""TextRun SCXW210574067 BCX0"" xml:lang=""EN-GB""><span class=""NormalTextRun SCXW210574067 BCX0"">uplifting notes of bright lemon zest, sweet jasmine, and warm cashmere wood while gently buffing with plant-derived konjac jelly.</span></span></p>
<!---->",Rare Beauty,,Body Wash,"non-returnable, Shop Sephora",TRUE,Title,Default Title,,,,,FGPSP40005F1,0,,0,deny,manual,24.00,,TRUE,TRUE,840122901805,https://cdn.shopify.com/s/files/1/0314/1143/7703/files/FIND-COMFORT-EXFOLIATING-BODY-WASH-ECOMM.jpg?v=1762294840,1,,,,,,g,,,,,active
find-comfort-gentle-exfoliating-body-wash,,,,,,,,,,,,,,,,,,,,,,,,,https://cdn.shopify.com/s/files/1/0314/1143/7703/files/FIND-COMFORT-EXFOLIATING-BODY-WASH-ECOMM-SWATCH.jpg?v=1715968139,2,,,,,,,,,,,
find-comfort-gentle-exfoliating-body-wash,,,,,,,,,,,,,,,,,,,,,,,,,https://cdn.shopify.com/s/files/1/0314/1143/7703/files/FIND-COMFORT-EXFOLIATING-BODY-WASH-INGREDIENTS.jpg?v=1715968139,3,,,,,,,,,,,
find-comfort-gentle-exfoliating-body-wash,,,,,,,,,,,,,,,,,,,,,,,,,https://cdn.shopify.com/s/files/1/0314/1143/7703/files/FIND-COMFORT-EXFOLIATING-BODY-WASH-FRAGRANCE-NOTES.jpg?v=1715968139,4,,,,,,,,,,,
dry-brush-cleaner,Dry Brush Cleaner,"<p><meta charset=""utf-8""><span>A reusable makeup brush-cleaning pad that removes powder pigment quickly without soap or water so you can switch between shades in seconds.</span></p>",Rare Beauty,,Brush Cleaner,"Badge: Exclusive, non-returnable",TRUE,Title,Default Title,,,,,MKTDBC0001X2,0,,0,deny,manual,12.00,,TRUE,TRUE,840122901799,https://cdn.shopify.com/s/files/1/0314/1143/7703/files/ECOMM-DRY-BRUSH-CLEANER-MERLOT-OPEN.jpg?v=1759252915,1,,,,,,g,,,,,active
dry-brush-cleaner,,,,,,,,,,,,,,,,,,,,,,,,,https://cdn.shopify.com/s/files/1/0314/1143/7703/files/ECOMM-DRY-BRUSH-CLEANER-MERLOT-CLOSED.jpg?v=1759252915,2,,,,,,,,,,,
soft-touch-powder-puff,Soft Touch Powder Puff,"<p><meta charset=""utf-8""><span class=""NormalTextRun SCXW65318483 BCX0"">Made of</span><span class=""NormalTextRun SCXW65318483 BCX0""> soft-touch velvet, </span><span class=""NormalTextRun SCXW65318483 BCX0"">this diamond-shaped powder puff pairs perfectly with our tinted pressed powder for smooth, seamless, and precise application. It includes an easy-to-clean sleeve for touch-ups on the go.</span></p>
<!---->",Rare Beauty,,Sponge,"non-returnable, Shop Sephora",TRUE,Title,Default Title,,,,,FGPFA40000F1,0,,0,deny,manual,15.00,,TRUE,TRUE,840122906695,https://cdn.shopify.com/s/files/1/0314/1143/7703/files/ECOMM-SOFT-TOUCH-POWDER-PUFF-SINGLE.jpg?v=1762295277,1,,,,,,g,,,,,active
soft-touch-powder-puff,,,,,,,,,,,,,,,,,,,,,,,,,https://cdn.shopify.com/s/files/1/0314/1143/7703/files/EVERGREEN-STYLIZED-TRUE-TO-MYSELF-TINTED-PRESSED-FINISHING-POWDER-PUFF.jpg?v=1719970819,2,,,,,,,,,,,
soft-touch-powder-puff,,,,,,,,,,,,,,,,,,,,,,,,,https://cdn.shopify.com/s/files/1/0314/1143/7703/files/CAMPAIGN-SELENA-TRUE-TO-MYSELF-TINTED-PRESSED-FINISHING-POWDER-IVORY-02.jpg?v=1719970819,3,,,,,,,,,,,
soft-touch-powder-puff,,,,,,,,,,,,,,,,,,,,,,,,,https://cdn.shopify.com/s/files/1/0314/1143/7703/files/CAMPAIGN-KHASNAA-TRUE-TO-MYSELF-TINTED-PRESSED-FINISHING-POWDER-SEPIA-01.jpg?v=1719970819,4,,,,,,,,,,,
soft-touch-powder-puff,,,,,,,,,,,,,,,,,,,,,,,,,https://cdn.shopify.com/s/files/1/0314/1143/7703/files/CAMPAIGN-RATA-TRUE-TO-MYSELF-TINTED-PRESSED-FINISHING-POWDER-LIGHT-BEIGE-02.jpg?v=1719970819,5,,,,,,,,,,,
soft-touch-powder-puff,,,,,,,,,,,,,,,,,,,,,,,,,https://cdn.shopify.com/s/files/1/0314/1143/7703/files/EVERGREEN-STYLIZED-POWDER-PUFF-GROUP.jpg?v=1719970815,6,,,,,,,,,,,
true-to-myself-tinted-pressed-finishing-powder,True To Myself Tinted Pressed Finishing Powder,"<p><meta charset=""utf-8""><meta charset=""utf-8""><span data-contrast=""auto"" lang=""EN-GB"" class=""TextRun SCXW114167735 BCX0""><span class=""NormalTextRun SCXW114167735 BCX0"">A weightless tinted powder that does it all: instantly blurs, smooths, reduces shine, and sets makeup with a natural finish that stays true to you—and your skin. This talc-free formula gives a diffused cloud effect that lets radiance filter through, layering seamlessly (and undetectably) over bare skin or makeup. A convenient half-moon </span><span class=""NormalTextRun ContextualSpellingAndGrammarErrorV2Themed SCXW114167735 BCX0"">compact</span><span class=""NormalTextRun SCXW114167735 BCX0""> and no-mess formula make it perfect for touch-ups on the go. </span></span><span class=""EOP SCXW114167735 BCX0"" data-ccp-props='{""335557856"":16777215,""335559739"":160}'> </span><br></p>
<!---->",Rare Beauty,,Tinted Powder,"non-returnable, Shop Sephora",TRUE,Shade,Opal,,,,,FGPFA40015F1,0,,0,deny,manual,32.00,,TRUE,TRUE,840122909139,https://cdn.shopify.com/s/files/1/0314/1143/7703/files/ECOMM-TRUE-TO-MYSELF-TINTED-PRESSED-FINISHING-POWDER-PORCELAIN.jpg?v=1762295582,1,,,,,,g,,,,,active
true-to-myself-tinted-pressed-finishing-powder,,,,,,,,,,,,,,,,,,,,,,,,,https://cdn.shopify.com/s/files/1/0314/1143/7703/files/ON-FIGURE-TRUE-TO-MYSELF-TINTED-PRESSED-FINISHING-POWDER-PORCELAIN-02.jpg?v=1720480727,2,,,,,,,,,,,
true-to-myself-tinted-pressed-finishing-powder,,,,,,,,,,,,,,,,,,,,,,,,,https://cdn.shopify.com/s/files/1/0314/1143/7703/files/ON-FIGURE-TRUE-TO-MYSELF-TINTED-PRESSED-FINISHING-POWDER-PORCELAIN-01.jpg?v=1720480727,3,,,,,,,,,,,
true-to-myself-tinted-pressed-finishing-powder,,,,,,,,,,,,,,,,,,,,,,,,,https://cdn.shopify.com/s/files/1/0314/1143/7703/files/SWATCH-TRUE-TO-MYSELF-TINTED-PRESSED-FINISHING-POWDER-PORCELAIN.png?v=1720480726,4,,,,,,,,,,,
true-to-myself-tinted-pressed-finishing-powder,,,,,,,,,,,,,,,,,,,,,,,,,https://cdn.shopify.com/s/files/1/0314/1143/7703/files/ECOMM-TRUE-TO-MYSELF-TINTED-PRESSED-FINISHING-POWDER-IVORY.jpg?v=1720480779,5,,,,,,,,,,,
true-to-myself-tinted-pressed-finishing-powder,,,,,,,,,,,,,,,,,,,,,,,,,https://cdn.shopify.com/s/files/1/0314/1143/7703/files/ON-FIGURE-TRUE-TO-MYSELF-TINTED-PRESSED-FINISHING-POWDER-IVORY-02.jpg?v=1720480779,6,,,,,,,,,,,
true-to-myself-tinted-pressed-finishing-powder,,,,,,,,,,,,,,,,,,,,,,,,,https://cdn.shopify.com/s/files/1/0314/1143/7703/files/ON-FIGURE-TRUE-TO-MYSELF-TINTED-PRESSED-FINISHING-POWDER-IVORY-01.jpg?v=1720480779,7,,,,,,,,,,,
true-to-myself-tinted-pressed-finishing-powder,,,,,,,,,,,,,,,,,,,,,,,,,https://cdn.shopify.com/s/files/1/0314/1143/7703/files/CAMPAIGN-NEO-TRUE-TO-MYSELF-TINTED-PRESSED-FINISHING-POWDER-IVORY-01.jpg?v=1720480779,8,,,,,,,,,,,
true-to-myself-tinted-pressed-finishing-powder,,,,,,,,,,,,,,,,,,,,,,,,,https://cdn.shopify.com/s/files/1/0314/1143/7703/files/CAMPAIGN-SELENA-TRUE-TO-MYSELF-TINTED-PRESSED-FINISHING-POWDER-IVORY-01.jpg?v=1720480779,9,,,,,,,,,,,
true-to-myself-tinted-pressed-finishing-powder,,,,,,,,,,,,,,,,,,,,,,,,,https://cdn.shopify.com/s/files/1/0314/1143/7703/files/CAMPAIGN-SELENA-TRUE-TO-MYSELF-TINTED-PRESSED-FINISHING-POWDER-IVORY-02_88a26449-7202-452a-87c6-b48b230e72e6.jpg?v=1720480779,10,,,,,,,,,,,
true-to-myself-tinted-pressed-finishing-powder,,,,,,,,,,,,,,,,,,,,,,,,,https://cdn.shopify.com/s/files/1/0314/1143/7703/files/SWATCH-TRUE-TO-MYSELF-TINTED-PRESSED-FINISHING-POWDER-IVORY.png?v=1720480777,11,,,,,,,,,,,
true-to-myself-tinted-pressed-finishing-powder,,,,,,,,,,,,,,,,,,,,,,,,,https://cdn.shopify.com/s/files/1/0314/1143/7703/files/ECOMM-TRUE-TO-MYSELF-TINTED-PRESSED-FINISHING-POWDER-NATURAL.jpg?v=1720480934,12,,,,,,,,,,,
true-to-myself-tinted-pressed-finishing-powder,,,,,,,,,,,,,,,,,,,,,,,,,https://cdn.shopify.com/s/files/1/0314/1143/7703/files/ON-FIGURE-TRUE-TO-MYSELF-TINTED-PRESSED-FINISHING-POWDER-NATURAL-02.jpg?v=1720480934,13,,,,,,,,,,,
true-to-myself-tinted-pressed-finishing-powder,,,,,,,,,,,,,,,,,,,,,,,,,https://cdn.shopify.com/s/files/1/0314/1143/7703/files/ON-FIGURE-TRUE-TO-MYSELF-TINTED-PRESSED-FINISHING-POWDER-NATURAL-01.jpg?v=1720480934,14,,,,,,,,,,,
true-to-myself-tinted-pressed-finishing-powder,,,,,,,,,,,,,,,,,,,,,,,,,https://cdn.shopify.com/s/files/1/0314/1143/7703/files/SWATCH-TRUE-TO-MYSELF-TINTED-PRESSED-FINISHING-POWDER-NATURAL.png?v=1720480933,15,,,,,,,,,,,
true-to-myself-tinted-pressed-finishing-powder,,,,,,,,,,,,,,,,,,,,,,,,,https://cdn.shopify.com/s/files/1/0314/1143/7703/files/ECOMM-TRUE-TO-MYSELF-TINTED_PRESSED-FINISHING-POWDER-LIGHT-BEIGE.jpg?v=1720486664,16,,,,,,,,,,,
true-to-myself-tinted-pressed-finishing-powder,,,,,,,,,,,,,,,,,,,,,,,,,https://cdn.shopify.com/s/files/1/0314/1143/7703/files/ON-FIGURE-TRUE-TO-MYSELF-TINTED-PRESSED-FINISHING-POWDER-LIGHT-BEIGE-02.jpg?v=1720486664,17,,,,,,,,,,,
true-to-myself-tinted-pressed-finishing-powder,,,,,,,,,,,,,,,,,,,,,,,,,https://cdn.shopify.com/s/files/1/0314/1143/7703/files/ON-FIGURE-TRUE-TO-MYSELF-TINTED-PRESSED-FINISHING-POWDER-LIGHT-BEIGE-01.jpg?v=1720486664,18,,,,,,,,,,,
true-to-myself-tinted-pressed-finishing-powder,,,,,,,,,,,,,,,,,,,,,,,,,https://cdn.shopify.com/s/files/1/0314/1143/7703/files/CAMPAIGN-CALEB-TRUE-TO-MYSELF-TINTED-PRESSED-FINISHING-POWDER-LIGHT-BEIGE-02.jpg?v=1721351377,19,,,,,,,,,,,
true-to-myself-tinted-pressed-finishing-powder,,,,,,,,,,,,,,,,,,,,,,,,,https://cdn.shopify.com/s/files/1/0314/1143/7703/files/CAMPAIGN-RATA-TRUE-TO-MYSELF-TINTED-PRESSED-FINISHING-POWDER-LIGHT-BEIGE-01.jpg?v=1720486664,20,,,,,,,,,,,
true-to-myself-tinted-pressed-finishing-powder,,,,,,,,,,,,,,,,,,,,,,,,,https://cdn.shopify.com/s/files/1/0314/1143/7703/files/SWATCH-TRUE-TO-MYSELF-TINTED-PRESSED-FINISHING-POWDER-LIGHT-BEIGE.png?v=1720486663,21,,,,,,,,,,,
true-to-myself-tinted-pressed-finishing-powder,,,,,,,,,,,,,,,,,,,,,,,,,https://cdn.shopify.com/s/files/1/0314/1143/7703/files/ECOMM-TRUE-TO-MYSELF-TINTED_PRESSED-FINISHING-POWDER-BUFF.jpg?v=1720486812,22,,,,,,,,,,,
true-to-myself-tinted-pressed-finishing-powder,,,,,,,,,,,,,,,,,,,,,,,,,https://cdn.shopify.com/s/files/1/0314/1143/7703/files/ON-FIGURE-TRUE-TO-MYSELF-TINTED-PRESSED-FINISHING-POWDER-BUFF-02.jpg?v=1720486812,23,,,,,,,,,,,
true-to-myself-tinted-pressed-finishing-powder,,,,,,,,,,,,,,,,,,,,,,,,,https://cdn.shopify.com/s/files/1/0314/1143/7703/files/ON-FIGURE-TRUE-TO-MYSELF-TINTED-PRESSED-FINISHING-POWDER-BUFF-01.jpg?v=1720486813,24,,,,,,,,,,,
true-to-myself-tinted-pressed-finishing-powder,,,,,,,,,,,,,,,,,,,,,,,,,https://cdn.shopify.com/s/files/1/0314/1143/7703/files/CAMPAIGN-SARITA-TRUE-TO-MYSELF-TINTED-PRESSED-FINISHING-POWDER-BUFF-01.jpg?v=1720486813,25,,,,,,,,,,,
true-to-myself-tinted-pressed-finishing-powder,,,,,,,,,,,,,,,,,,,,,,,,,https://cdn.shopify.com/s/files/1/0314/1143/7703/files/SWATCH-TRUE-TO-MYSELF-TINTED-PRESSED-FINISHING-POWDER-BUFF.png?v=1720486811,26,,,,,,,,,,,
true-to-myself-tinted-pressed-finishing-powder,,,,,,,,,,,,,,,,,,,,,,,,,https://cdn.shopify.com/s/files/1/0314/1143/7703/files/ECOMM-TRUE-TO-MYSELF-TINTED_PRESSED-FINISHING-POWDER-SAND.jpg?v=1720487357,27,,,,,,,,,,,
true-to-myself-tinted-pressed-finishing-powder,,,,,,,,,,,,,,,,,,,,,,,,,https://cdn.shopify.com/s/files/1/0314/1143/7703/files/ON-FIGURE-TRUE-TO-MYSELF-TINTED-PRESSED-FINISHING-POWDER-SAND-02.jpg?v=1720487357,28,,,,,,,,,,,
true-to-myself-tinted-pressed-finishing-powder,,,,,,,,,,,,,,,,,,,,,,,,,https://cdn.shopify.com/s/files/1/0314/1143/7703/files/ON-FIGURE-TRUE-TO-MYSELF-TINTED-PRESSED-FINISHING-POWDER-SAND-01.jpg?v=1720487357,29,,,,,,,,,,,
true-to-myself-tinted-pressed-finishing-powder,,,,,,,,,,,,,,,,,,,,,,,,,https://cdn.shopify.com/s/files/1/0314/1143/7703/files/SWATCH-TRUE-TO-MYSELF-TINTED-PRESSED-FINISHING-POWDER-SAND.png?v=1720487357,30,,,,,,,,,,,
true-to-myself-tinted-pressed-finishing-powder,,,,,,,,,,,,,,,,,,,,,,,,,https://cdn.shopify.com/s/files/1/0314/1143/7703/files/ECOMM-TRUE-TO-MYSELF-TINTED_PRESSED-FINISHING-POWDER-ALMOND.jpg?v=1720487496,31,,,,,,,,,,,
true-to-myself-tinted-pressed-finishing-powder,,,,,,,,,,,,,,,,,,,,,,,,,https://cdn.shopify.com/s/files/1/0314/1143/7703/files/ON-FIGURE-TRUE-TO-MYSELF-TINTED-PRESSED-FINISHING-POWDER-ALMOND-02.jpg?v=1720487496,32,,,,,,,,,,,
true-to-myself-tinted-pressed-finishing-powder,,,,,,,,,,,,,,,,,,,,,,,,,https://cdn.shopify.com/s/files/1/0314/1143/7703/files/ON-FIGURE-TRUE-TO-MYSELF-TINTED-PRESSED-FINISHING-POWDER-ALMOND-01.jpg?v=1720487497,33,,,,,,,,,,,
true-to-myself-tinted-pressed-finishing-powder,,,,,,,,,,,,,,,,,,,,,,,,,https://cdn.shopify.com/s/files/1/0314/1143/7703/files/SWATCH-TRUE-TO-MYSELF-TINTED-PRESSED-FINISHING-POWDER-ALMOND.png?v=1720487496,34,,,,,,,,,,,
true-to-myself-tinted-pressed-finishing-powder,,,,,,,,,,,,,,,,,,,,,,,,,https://cdn.shopify.com/s/files/1/0314/1143/7703/files/ECOMM-TRUE-TO-MYSELF-TINTED_PRESSED-FINISHING-POWDER-GOLDEN-TAN.jpg?v=1720487579,35,,,,,,,,,,,
true-to-myself-tinted-pressed-finishing-powder,,,,,,,,,,,,,,,,,,,,,,,,,https://cdn.shopify.com/s/files/1/0314/1143/7703/files/ON-FIGURE-TRUE-TO-MYSELF-TINTED-PRESSED-FINISHING-POWDER-GOLDEN-TAN_02.jpg?v=1720487579,36,,,,,,,,,,,
true-to-myself-tinted-pressed-finishing-powder,,,,,,,,,,,,,,,,,,,,,,,,,https://cdn.shopify.com/s/files/1/0314/1143/7703/files/ON-FIGURE-TRUE-TO-MYSELF-TINTED-PRESSED-FINISHING-POWDER-GOLDEN-TAN_01.jpg?v=1720487579,37,,,,,,,,,,,
true-to-myself-tinted-pressed-finishing-powder,,,,,,,,,,,,,,,,,,,,,,,,,https://cdn.shopify.com/s/files/1/0314/1143/7703/files/CAMPAIGN-PERLA-TRUE-TO-MYSELF-TINTED-PRESSED-FINISHING-POWDER-GOLDEN-TAN-01.jpg?v=1720487579,38,,,,,,,,,,,
true-to-myself-tinted-pressed-finishing-powder,,,,,,,,,,,,,,,,,,,,,,,,,https://cdn.shopify.com/s/files/1/0314/1143/7703/files/CAMPAIGN-PERLA-TRUE-TO-MYSELF-TINTED-PRESSED-FINISHING-POWDER-GOLDEN-TAN-02.jpg?v=1720487579,39,,,,,,,,,,,
true-to-myself-tinted-pressed-finishing-powder,,,,,,,,,,,,,,,,,,,,,,,,,https://cdn.shopify.com/s/files/1/0314/1143/7703/files/SWATCH-TRUE-TO-MYSELF-TINTED-PRESSED-FINISHING-POWDER-GOLDEN-TAN.png?v=1720487578,40,,,,,,,,,,,
true-to-myself-tinted-pressed-finishing-powder,,,,,,,,,,,,,,,,,,,,,,,,,https://cdn.shopify.com/s/files/1/0314/1143/7703/files/ECOMM-TRUE-TO-MYSELF-TINTED_PRESSED-FINISHING-POWDER-HONEY.jpg?v=1720487689,41,,,,,,,,,,,
true-to-myself-tinted-pressed-finishing-powder,,,,,,,,,,,,,,,,,,,,,,,,,https://cdn.shopify.com/s/files/1/0314/1143/7703/files/ON-FIGURE-TRUE-TO-MYSELF-TINTED-PRESSED-FINISHING-POWDER-HONEY-02.jpg?v=1720487689,42,,,,,,,,,,,
true-to-myself-tinted-pressed-finishing-powder,,,,,,,,,,,,,,,,,,,,,,,,,https://cdn.shopify.com/s/files/1/0314/1143/7703/files/ON-FIGURE-TRUE-TO-MYSELF-TINTED-PRESSED-FINISHING-POWDER-HONEY-01.jpg?v=1720487689,43,,,,,,,,,,,
true-to-myself-tinted-pressed-finishing-powder,,,,,,,,,,,,,,,,,,,,,,,,,https://cdn.shopify.com/s/files/1/0314/1143/7703/files/SWATCH-TRUE-TO-MYSELF-TINTED-PRESSED-FINISHING-POWDER-HONEY.png?v=1720487689,44,,,,,,,,,,,
true-to-myself-tinted-pressed-finishing-powder,,,,,,,,,,,,,,,,,,,,,,,,,https://cdn.shopify.com/s/files/1/0314/1143/7703/files/ECOMM-TRUE-TO-MYSELF-TINTED_PRESSED-FINISHING-POWDER-AMBER.jpg?v=1720487768,45,,,,,,,,,,,
true-to-myself-tinted-pressed-finishing-powder,,,,,,,,,,,,,,,,,,,,,,,,,https://cdn.shopify.com/s/files/1/0314/1143/7703/files/ON-FIGURE-TRUE-TO-MYSELF-TINTED-PRESSED-FINISHING-POWDER-AMBER-02.jpg?v=1720487768,46,,,,,,,,,,,
true-to-myself-tinted-pressed-finishing-powder,,,,,,,,,,,,,,,,,,,,,,,,,https://cdn.shopify.com/s/files/1/0314/1143/7703/files/ON-FIGURE-TRUE-TO-MYSELF-TINTED-PRESSED-FINISHING-POWDER-AMBER-01.jpg?v=1720487769,47,,,,,,,,,,,
true-to-myself-tinted-pressed-finishing-powder,,,,,,,,,,,,,,,,,,,,,,,,,https://cdn.shopify.com/s/files/1/0314/1143/7703/files/SWATCH-TRUE-TO-MYSELF-TINTED-PRESSED-FINISHING-POWDER-AMBER.png?v=1720487768,48,,,,,,,,,,,
true-to-myself-tinted-pressed-finishing-powder,,,,,,,,,,,,,,,,,,,,,,,,,https://cdn.shopify.com/s/files/1/0314/1143/7703/files/ECOMM-TRUE-TO-MYSELF-TINTED-PRESSED-FINISHING-POWDER-TRUE-CARAMEL.jpg?v=1720487850,49,,,,,,,,,,,
true-to-myself-tinted-pressed-finishing-powder,,,,,,,,,,,,,,,,,,,,,,,,,https://cdn.shopify.com/s/files/1/0314/1143/7703/files/ON-FIGURE-TRUE-TO-MYSELF-TINTED-PRESSED-FINISHING-POWDER-TRUE-CARAMEL-02.jpg?v=1720487850,50,,,,,,,,,,,
true-to-myself-tinted-pressed-finishing-powder,,,,,,,,,,,,,,,,,,,,,,,,,https://cdn.shopify.com/s/files/1/0314/1143/7703/files/ON-FIGURE-TRUE-TO-MYSELF-TINTED-PRESSED-FINISHING-POWDER-TRUE-CARAMEL-01.jpg?v=1720487851,51,,,,,,,,,,,
true-to-myself-tinted-pressed-finishing-powder,,,,,,,,,,,,,,,,,,,,,,,,,https://cdn.shopify.com/s/files/1/0314/1143/7703/files/SWATCH-TRUE-TO-MYSELF-TINTED-PRESSED-FINISHING-POWDER-TRUE-CARAMEL.png?v=1720487850,52,,,,,,,,,,,
true-to-myself-tinted-pressed-finishing-powder,,,,,,,,,,,,,,,,,,,,,,,,,https://cdn.shopify.com/s/files/1/0314/1143/7703/files/ECOMM-TRUE-TO-MYSELF-TINTED-PRESSED-FINISHING-POWDER-CHESTNUT.jpg?v=1720489996,53,,,,,,,,,,,
true-to-myself-tinted-pressed-finishing-powder,,,,,,,,,,,,,,,,,,,,,,,,,https://cdn.shopify.com/s/files/1/0314/1143/7703/files/ON-FIGURE-TRUE-TO-MYSELF-TINTED-PRESSED-FINISHING-POWDER-CHESTNUT-02.jpg?v=1720489997,54,,,,,,,,,,,
true-to-myself-tinted-pressed-finishing-powder,,,,,,,,,,,,,,,,,,,,,,,,,https://cdn.shopify.com/s/files/1/0314/1143/7703/files/ON-FIGURE-TRUE-TO-MYSELF-TINTED-PRESSED-FINISHING-POWDER-CHESTNUT-01.jpg?v=1720489997,55,,,,,,,,,,,
true-to-myself-tinted-pressed-finishing-powder,,,,,,,,,,,,,,,,,,,,,,,,,https://cdn.shopify.com/s/files/1/0314/1143/7703/files/CAMPAIGN-IFEOMA-TRUE-TO-MYSELF-TINTED-PRESSED-FINISHING-POWDER-CHESTNUT-01.jpg?v=1720489997,56,,,,,,,,,,,
true-to-myself-tinted-pressed-finishing-powder,,,,,,,,,,,,,,,,,,,,,,,,,https://cdn.shopify.com/s/files/1/0314/1143/7703/files/SWATCH-TRUE-TO-MYSELF-TINTED-PRESSED-FINISHING-POWDER-CHESTNUT.png?v=1720489996,57,,,,,,,,,,,
true-to-myself-tinted-pressed-finishing-powder,,,,,,,,,,,,,,,,,,,,,,,,,https://cdn.shopify.com/s/files/1/0314/1143/7703/files/CAMPAIGN-KHASNAA-TRUE-TO-MYSELF-TINTED-PRESSED-FINISHING-POWDER-SEPIA-02.jpg?v=1720490087,58,,,,,,,,,,,
true-to-myself-tinted-pressed-finishing-powder,,,,,,,,,,,,,,,,,,,,,,,,,https://cdn.shopify.com/s/files/1/0314/1143/7703/files/ECOMM-TRUE-TO-MYSELF-TINTED-PRESSED-FINISHING-POWDER-SEPIA.jpg?v=1720490087,59,,,,,,,,,,,
true-to-myself-tinted-pressed-finishing-powder,,,,,,,,,,,,,,,,,,,,,,,,,https://cdn.shopify.com/s/files/1/0314/1143/7703/files/ON-FIGURE-TRUE-TO-MYSELF-TINTED-PRESSED-FINISHING-POWDER-SEPIA-02.jpg?v=1720490087,60,,,,,,,,,,,
true-to-myself-tinted-pressed-finishing-powder,,,,,,,,,,,,,,,,,,,,,,,,,https://cdn.shopify.com/s/files/1/0314/1143/7703/files/ON-FIGURE-TRUE-TO-MYSELF-TINTED-PRESSED-FINISHING-POWDER-SEPIA-01.jpg?v=1720490087,61,,,,,,,,,,,
true-to-myself-tinted-pressed-finishing-powder,,,,,,,,,,,,,,,,,,,,,,,,,https://cdn.shopify.com/s/files/1/0314/1143/7703/files/SWATCH-TRUE-TO-MYSELF-TINTED-PRESSED-FINISHING-POWDER-SEPIA.png?v=1720490086,62,,,,,,,,,,,
true-to-myself-tinted-pressed-finishing-powder,,,,,,,,,,,,,,,,,,,,,,,,,https://cdn.shopify.com/s/files/1/0314/1143/7703/files/ECOMM-TRUE-TO-MYSELF-TINTED-PRESSED-FINISHING-POWDER-ESPRESSO.jpg?v=1720490212,63,,,,,,,,,,,
true-to-myself-tinted-pressed-finishing-powder,,,,,,,,,,,,,,,,,,,,,,,,,https://cdn.shopify.com/s/files/1/0314/1143/7703/files/ON-FIGURE-TRUE-TO-MYSELF-TINTED-PRESSED-FINISHING-POWDER-ESPRESSO-02.jpg?v=1720490213,64,,,,,,,,,,,
true-to-myself-tinted-pressed-finishing-powder,,,,,,,,,,,,,,,,,,,,,,,,,https://cdn.shopify.com/s/files/1/0314/1143/7703/files/ON-FIGURE-TRUE-TO-MYSELF-TINTED-PRESSED-FINISHING-POWDER-ESPRESSO-01.jpg?v=1720490212,65,,,,,,,,,,,
true-to-myself-tinted-pressed-finishing-powder,,,,,,,,,,,,,,,,,,,,,,,,,https://cdn.shopify.com/s/files/1/0314/1143/7703/files/SWATCH-TRUE-TO-MYSELF-TINTED-PRESSED-FINISHING-POWDER-ESPRESSO.png?v=1720490211,66,,,,,,,,,,,
true-to-myself-tinted-pressed-finishing-powder,,,,,,,,,,,,,,,,,,,,,,,,,https://cdn.shopify.com/s/files/1/0314/1143/7703/files/ECOMM-TRUE-TO-MYSELF-TINTED-PRESSED-FINISHING-POWDER-OPAL.jpg?v=1751930622,67,,,,,,,,,,,
true-to-myself-tinted-pressed-finishing-powder,,,,,,,,,,,,,,,,,,,,,,,,,https://cdn.shopify.com/s/files/1/0314/1143/7703/files/ON-FIGURE-TRUE-TO-MYSELF-TINTED-PRESSED-FINISHING-POWDER-OPAL-2.jpg?v=1751930622,68,,,,,,,,,,,
true-to-myself-tinted-pressed-finishing-powder,,,,,,,,,,,,,,,,,,,,,,,,,https://cdn.shopify.com/s/files/1/0314/1143/7703/files/ON-FIGURE-TRUE-TO-MYSELF-TINTED-PRESSED-FINISHING-POWDER-OPAL.jpg?v=1751930622,69,,,,,,,,,,,
true-to-myself-tinted-pressed-finishing-powder,,,,,,,,,,,,,,,,,,,,,,,,,https://cdn.shopify.com/s/files/1/0314/1143/7703/files/SWATCH-TRUE-TO-MYSELF-TINTED-PRESSED-FINISHING-POWDER-OPAL.png?v=1751930622,70,,,,,,,,,,,
true-to-myself-tinted-pressed-finishing-powder,,,,,,,,,,,,,,,,,,,,,,,,,https://cdn.shopify.com/s/files/1/0314/1143/7703/files/ECOMM-TRUE-TO-MYSELF-TINTED-PRESSED-FINISHING-POWDER-LINEN.jpg?v=1751930766,71,,,,,,,,,,,
true-to-myself-tinted-pressed-finishing-powder,,,,,,,,,,,,,,,,,,,,,,,,,https://cdn.shopify.com/s/files/1/0314/1143/7703/files/ON-FIGURE-TRUE-TO-MYSELF-TINTED-PRESSED-FINISHING-POWDER-LINEN-2.jpg?v=1751930766,72,,,,,,,,,,,
true-to-myself-tinted-pressed-finishing-powder,,,,,,,,,,,,,,,,,,,,,,,,,https://cdn.shopify.com/s/files/1/0314/1143/7703/files/ON-FIGURE-TRUE-TO-MYSELF-TINTED-PRESSED-FINISHING-POWDER-LINEN.jpg?v=1751930766,73,,,,,,,,,,,
true-to-myself-tinted-pressed-finishing-powder,,,,,,,,,,,,,,,,,,,,,,,,,https://cdn.shopify.com/s/files/1/0314/1143/7703/files/SWATCH-TRUE-TO-MYSELF-TINTED-PRESSED-FINISHING-POWDER-LIGHT-LINEN.png?v=1751930766,74,,,,,,,,,,,
true-to-myself-tinted-pressed-finishing-powder,,,,,,,,,,,,,,,,,,,,,,,,,https://cdn.shopify.com/s/files/1/0314/1143/7703/files/ECOMM-TRUE-TO-MYSELF-TINTED-PRESSED-FINISHING-POWDER-CLOSED.jpg?v=1751930766,75,,,,,,,,,,,
true-to-myself-tinted-pressed-finishing-powder,,,,,,,,,,,,,,,,,,,,,,,,,https://cdn.shopify.com/s/files/1/0314/1143/7703/files/SHADE-PAIRING-CHART-TRUE-TO-MYSELF-TINTED-PRESSED-FINISHING-POWDER-16-SHADES_9a4a6b97-4c50-4f95-95c6-f3583070edca.jpg?v=1769537875,76,,,,,,,,,,,
true-to-myself-tinted-pressed-finishing-powder,,,,,,,,,,,,,,,,,,,,,,,,,https://cdn.shopify.com/s/files/1/0314/1143/7703/files/EVERGREEN-STYLIZED-TRUE-TO-MYSELF-TINTED-PRESSED-FINISHING-POWDER-DUO.jpg?v=1769537875,77,,,,,,,,,,,
true-to-myself-tinted-pressed-finishing-powder,,"<p><meta charset=""utf-8""><meta charset=""utf-8""><span data-contrast=""auto"" lang=""EN-GB"" class=""TextRun SCXW114167735 BCX0""><span class=""NormalTextRun SCXW114167735 BCX0"">A weightless tinted powder that does it all: instantly blurs, smooths, reduces shine, and sets makeup with a natural finish that stays true to you—and your skin. This talc-free formula gives a diffused cloud effect that lets radiance filter through, layering seamlessly (and undetectably) over bare skin or makeup. A convenient half-moon </span><span class=""NormalTextRun ContextualSpellingAndGrammarErrorV2Themed SCXW114167735 BCX0"">compact</span><span class=""NormalTextRun SCXW114167735 BCX0""> and no-mess formula make it perfect for touch-ups on the go. </span></span><span class=""EOP SCXW114167735 BCX0"" data-ccp-props='{""335557856"":16777215,""335559739"":160}'> </span><br></p>
<!---->",Rare Beauty,,Tinted Powder,"non-returnable, Shop Sephora",TRUE,Shade,Linen,,,,,FGPFA40016F1,0,,0,deny,manual,32.00,,TRUE,TRUE,840122909146,,,,,,,,g,,,,,active
true-to-myself-tinted-pressed-finishing-powder,,"<p><meta charset=""utf-8""><meta charset=""utf-8""><span data-contrast=""auto"" lang=""EN-GB"" class=""TextRun SCXW114167735 BCX0""><span class=""NormalTextRun SCXW114167735 BCX0"">A weightless tinted powder that does it all: instantly blurs, smooths, reduces shine, and sets makeup with a natural finish that stays true to you—and your skin. This talc-free formula gives a diffused cloud effect that lets radiance filter through, layering seamlessly (and undetectably) over bare skin or makeup. A convenient half-moon </span><span class=""NormalTextRun ContextualSpellingAndGrammarErrorV2Themed SCXW114167735 BCX0"">compact</span><span class=""NormalTextRun SCXW114167735 BCX0""> and no-mess formula make it perfect for touch-ups on the go. </span></span><span class=""EOP SCXW114167735 BCX0"" data-ccp-props='{""335557856"":16777215,""335559739"":160}'> </span><br></p>
<!---->",Rare Beauty,,Tinted Powder,"non-returnable, Shop Sephora",TRUE,Shade,Porcelain,,,,,FGPFA40001F1,0,,0,deny,manual,32.00,,TRUE,TRUE,840122902024,,,,,,,,g,,,,,active
true-to-myself-tinted-pressed-finishing-powder,,"<p><meta charset=""utf-8""><meta charset=""utf-8""><span data-contrast=""auto"" lang=""EN-GB"" class=""TextRun SCXW114167735 BCX0""><span class=""NormalTextRun SCXW114167735 BCX0"">A weightless tinted powder that does it all: instantly blurs, smooths, reduces shine, and sets makeup with a natural finish that stays true to you—and your skin. This talc-free formula gives a diffused cloud effect that lets radiance filter through, layering seamlessly (and undetectably) over bare skin or makeup. A convenient half-moon </span><span class=""NormalTextRun ContextualSpellingAndGrammarErrorV2Themed SCXW114167735 BCX0"">compact</span><span class=""NormalTextRun SCXW114167735 BCX0""> and no-mess formula make it perfect for touch-ups on the go. </span></span><span class=""EOP SCXW114167735 BCX0"" data-ccp-props='{""335557856"":16777215,""335559739"":160}'> </span><br></p>
<!---->",Rare Beauty,,Tinted Powder,"non-returnable, Shop Sephora",TRUE,Shade,Ivory,,,,,FGPFA40002F1,0,,0,deny,manual,32.00,,TRUE,TRUE,840122902031,,,,,,,,g,,,,,active
true-to-myself-tinted-pressed-finishing-powder,,"<p><meta charset=""utf-8""><meta charset=""utf-8""><span data-contrast=""auto"" lang=""EN-GB"" class=""TextRun SCXW114167735 BCX0""><span class=""NormalTextRun SCXW114167735 BCX0"">A weightless tinted powder that does it all: instantly blurs, smooths, reduces shine, and sets makeup with a natural finish that stays true to you—and your skin. This talc-free formula gives a diffused cloud effect that lets radiance filter through, layering seamlessly (and undetectably) over bare skin or makeup. A convenient half-moon </span><span class=""NormalTextRun ContextualSpellingAndGrammarErrorV2Themed SCXW114167735 BCX0"">compact</span><span class=""NormalTextRun SCXW114167735 BCX0""> and no-mess formula make it perfect for touch-ups on the go. </span></span><span class=""EOP SCXW114167735 BCX0"" data-ccp-props='{""335557856"":16777215,""335559739"":160}'> </span><br></p>
<!---->",Rare Beauty,,Tinted Powder,"non-returnable, Shop Sephora",TRUE,Shade,Natural,,,,,FGPFA40003F1,0,,0,deny,manual,32.00,,TRUE,TRUE,840122902048,,,,,,,,g,,,,,active
true-to-myself-tinted-pressed-finishing-powder,,"<p><meta charset=""utf-8""><meta charset=""utf-8""><span data-contrast=""auto"" lang=""EN-GB"" class=""TextRun SCXW114167735 BCX0""><span class=""NormalTextRun SCXW114167735 BCX0"">A weightless tinted powder that does it all: instantly blurs, smooths, reduces shine, and sets makeup with a natural finish that stays true to you—and your skin. This talc-free formula gives a diffused cloud effect that lets radiance filter through, layering seamlessly (and undetectably) over bare skin or makeup. A convenient half-moon </span><span class=""NormalTextRun ContextualSpellingAndGrammarErrorV2Themed SCXW114167735 BCX0"">compact</span><span class=""NormalTextRun SCXW114167735 BCX0""> and no-mess formula make it perfect for touch-ups on the go. </span></span><span class=""EOP SCXW114167735 BCX0"" data-ccp-props='{""335557856"":16777215,""335559739"":160}'> </span><br></p>
<!---->",Rare Beauty,,Tinted Powder,"non-returnable, Shop Sephora",TRUE,Shade,Light Beige,,,,,FGPFA40004F1,0,,0,deny,manual,32.00,,TRUE,TRUE,840122902055,,,,,,,,g,,,,,active
true-to-myself-tinted-pressed-finishing-powder,,"<p><meta charset=""utf-8""><meta charset=""utf-8""><span data-contrast=""auto"" lang=""EN-GB"" class=""TextRun SCXW114167735 BCX0""><span class=""NormalTextRun SCXW114167735 BCX0"">A weightless tinted powder that does it all: instantly blurs, smooths, reduces shine, and sets makeup with a natural finish that stays true to you—and your skin. This talc-free formula gives a diffused cloud effect that lets radiance filter through, layering seamlessly (and undetectably) over bare skin or makeup. A convenient half-moon </span><span class=""NormalTextRun ContextualSpellingAndGrammarErrorV2Themed SCXW114167735 BCX0"">compact</span><span class=""NormalTextRun SCXW114167735 BCX0""> and no-mess formula make it perfect for touch-ups on the go. </span></span><span class=""EOP SCXW114167735 BCX0"" data-ccp-props='{""335557856"":16777215,""335559739"":160}'> </span><br></p>
<!---->",Rare Beauty,,Tinted Powder,"non-returnable, Shop Sephora",TRUE,Shade,Buff,,,,,FGPFA40005F1,0,,0,deny,manual,32.00,,TRUE,TRUE,840122902062,,,,,,,,g,,,,,active
true-to-myself-tinted-pressed-finishing-powder,,"<p><meta charset=""utf-8""><meta charset=""utf-8""><span data-contrast=""auto"" lang=""EN-GB"" class=""TextRun SCXW114167735 BCX0""><span class=""NormalTextRun SCXW114167735 BCX0"">A weightless tinted powder that does it all: instantly blurs, smooths, reduces shine, and sets makeup with a natural finish that stays true to you—and your skin. This talc-free formula gives a diffused cloud effect that lets radiance filter through, layering seamlessly (and undetectably) over bare skin or makeup. A convenient half-moon </span><span class=""NormalTextRun ContextualSpellingAndGrammarErrorV2Themed SCXW114167735 BCX0"">compact</span><span class=""NormalTextRun SCXW114167735 BCX0""> and no-mess formula make it perfect for touch-ups on the go. </span></span><span class=""EOP SCXW114167735 BCX0"" data-ccp-props='{""335557856"":16777215,""335559739"":160}'> </span><br></p>
<!---->",Rare Beauty,,Tinted Powder,"non-returnable, Shop Sephora",TRUE,Shade,Sand,,,,,FGPFA40006F1,0,,0,deny,manual,32.00,,TRUE,TRUE,840122902079,,,,,,,,g,,,,,active
true-to-myself-tinted-pressed-finishing-powder,,"<p><meta charset=""utf-8""><meta charset=""utf-8""><span data-contrast=""auto"" lang=""EN-GB"" class=""TextRun SCXW114167735 BCX0""><span class=""NormalTextRun SCXW114167735 BCX0"">A weightless tinted powder that does it all: instantly blurs, smooths, reduces shine, and sets makeup with a natural finish that stays true to you—and your skin. This talc-free formula gives a diffused cloud effect that lets radiance filter through, layering seamlessly (and undetectably) over bare skin or makeup. A convenient half-moon </span><span class=""NormalTextRun ContextualSpellingAndGrammarErrorV2Themed SCXW114167735 BCX0"">compact</span><span class=""NormalTextRun SCXW114167735 BCX0""> and no-mess formula make it perfect for touch-ups on the go. </span></span><span class=""EOP SCXW114167735 BCX0"" data-ccp-props='{""335557856"":16777215,""335559739"":160}'> </span><br></p>
<!---->",Rare Beauty,,Tinted Powder,"non-returnable, Shop Sephora",TRUE,Shade,Almond,,,,,FGPFA40007F1,0,,0,deny,manual,32.00,,TRUE,TRUE,840122902086,,,,,,,,g,,,,,active
true-to-myself-tinted-pressed-finishing-powder,,"<p><meta charset=""utf-8""><meta charset=""utf-8""><span data-contrast=""auto"" lang=""EN-GB"" class=""TextRun SCXW114167735 BCX0""><span class=""NormalTextRun SCXW114167735 BCX0"">A weightless tinted powder that does it all: instantly blurs, smooths, reduces shine, and sets makeup with a natural finish that stays true to you—and your skin. This talc-free formula gives a diffused cloud effect that lets radiance filter through, layering seamlessly (and undetectably) over bare skin or makeup. A convenient half-moon </span><span class=""NormalTextRun ContextualSpellingAndGrammarErrorV2Themed SCXW114167735 BCX0"">compact</span><span class=""NormalTextRun SCXW114167735 BCX0""> and no-mess formula make it perfect for touch-ups on the go. </span></span><span class=""EOP SCXW114167735 BCX0"" data-ccp-props='{""335557856"":16777215,""335559739"":160}'> </span><br></p>
<!---->",Rare Beauty,,Tinted Powder,"non-returnable, Shop Sephora",TRUE,Shade,Golden Tan,,,,,FGPFA40008F1,0,,0,deny,manual,32.00,,TRUE,TRUE,840122902093,,,,,,,,g,,,,,active
true-to-myself-tinted-pressed-finishing-powder,,"<p><meta charset=""utf-8""><meta charset=""utf-8""><span data-contrast=""auto"" lang=""EN-GB"" class=""TextRun SCXW114167735 BCX0""><span class=""NormalTextRun SCXW114167735 BCX0"">A weightless tinted powder that does it all: instantly blurs, smooths, reduces shine, and sets makeup with a natural finish that stays true to you—and your skin. This talc-free formula gives a diffused cloud effect that lets radiance filter through, layering seamlessly (and undetectably) over bare skin or makeup. A convenient half-moon </span><span class=""NormalTextRun ContextualSpellingAndGrammarErrorV2Themed SCXW114167735 BCX0"">compact</span><span class=""NormalTextRun SCXW114167735 BCX0""> and no-mess formula make it perfect for touch-ups on the go. </span></span><span class=""EOP SCXW114167735 BCX0"" data-ccp-props='{""335557856"":16777215,""335559739"":160}'> </span><br></p>
<!---->",Rare Beauty,,Tinted Powder,"non-returnable, Shop Sephora",TRUE,Shade,Honey,,,,,FGPFA40009F1,0,,0,deny,manual,32.00,,TRUE,TRUE,840122902109,,,,,,,,g,,,,,active
true-to-myself-tinted-pressed-finishing-powder,,"<p><meta charset=""utf-8""><meta charset=""utf-8""><span data-contrast=""auto"" lang=""EN-GB"" class=""TextRun SCXW114167735 BCX0""><span class=""NormalTextRun SCXW114167735 BCX0"">A weightless tinted powder that does it all: instantly blurs, smooths, reduces shine, and sets makeup with a natural finish that stays true to you—and your skin. This talc-free formula gives a diffused cloud effect that lets radiance filter through, layering seamlessly (and undetectably) over bare skin or makeup. A convenient half-moon </span><span class=""NormalTextRun ContextualSpellingAndGrammarErrorV2Themed SCXW114167735 BCX0"">compact</span><span class=""NormalTextRun SCXW114167735 BCX0""> and no-mess formula make it perfect for touch-ups on the go. </span></span><span class=""EOP SCXW114167735 BCX0"" data-ccp-props='{""335557856"":16777215,""335559739"":160}'> </span><br></p>
<!---->",Rare Beauty,,Tinted Powder,"non-returnable, Shop Sephora",TRUE,Shade,Amber,,,,,FGPFA40010F1,0,,0,deny,manual,32.00,,TRUE,TRUE,840122901539,,,,,,,,g,,,,,active
true-to-myself-tinted-pressed-finishing-powder,,"<p><meta charset=""utf-8""><meta charset=""utf-8""><span data-contrast=""auto"" lang=""EN-GB"" class=""TextRun SCXW114167735 BCX0""><span class=""NormalTextRun SCXW114167735 BCX0"">A weightless tinted powder that does it all: instantly blurs, smooths, reduces shine, and sets makeup with a natural finish that stays true to you—and your skin. This talc-free formula gives a diffused cloud effect that lets radiance filter through, layering seamlessly (and undetectably) over bare skin or makeup. A convenient half-moon </span><span class=""NormalTextRun ContextualSpellingAndGrammarErrorV2Themed SCXW114167735 BCX0"">compact</span><span class=""NormalTextRun SCXW114167735 BCX0""> and no-mess formula make it perfect for touch-ups on the go. </span></span><span class=""EOP SCXW114167735 BCX0"" data-ccp-props='{""335557856"":16777215,""335559739"":160}'> </span><br></p>
<!---->",Rare Beauty,,Tinted Powder,"non-returnable, Shop Sephora",TRUE,Shade,True Caramel,,,,,FGPFA40011F1,0,,0,deny,manual,32.00,,TRUE,TRUE,840122901546,,,,,,,,g,,,,,active
true-to-myself-tinted-pressed-finishing-powder,,"<p><meta charset=""utf-8""><meta charset=""utf-8""><span data-contrast=""auto"" lang=""EN-GB"" class=""TextRun SCXW114167735 BCX0""><span class=""NormalTextRun SCXW114167735 BCX0"">A weightless tinted powder that does it all: instantly blurs, smooths, reduces shine, and sets makeup with a natural finish that stays true to you—and your skin. This talc-free formula gives a diffused cloud effect that lets radiance filter through, layering seamlessly (and undetectably) over bare skin or makeup. A convenient half-moon </span><span class=""NormalTextRun ContextualSpellingAndGrammarErrorV2Themed SCXW114167735 BCX0"">compact</span><span class=""NormalTextRun SCXW114167735 BCX0""> and no-mess formula make it perfect for touch-ups on the go. </span></span><span class=""EOP SCXW114167735 BCX0"" data-ccp-props='{""335557856"":16777215,""335559739"":160}'> </span><br></p>
<!---->",Rare Beauty,,Tinted Powder,"non-returnable, Shop Sephora",TRUE,Shade,Chestnut,,,,,FGPFA40012F1,0,,0,deny,manual,32.00,,TRUE,TRUE,840122901553,,,,,,,,g,,,,,active
true-to-myself-tinted-pressed-finishing-powder,,"<p><meta charset=""utf-8""><meta charset=""utf-8""><span data-contrast=""auto"" lang=""EN-GB"" class=""TextRun SCXW114167735 BCX0""><span class=""NormalTextRun SCXW114167735 BCX0"">A weightless tinted powder that does it all: instantly blurs, smooths, reduces shine, and sets makeup with a natural finish that stays true to you—and your skin. This talc-free formula gives a diffused cloud effect that lets radiance filter through, layering seamlessly (and undetectably) over bare skin or makeup. A convenient half-moon </span><span class=""NormalTextRun ContextualSpellingAndGrammarErrorV2Themed SCXW114167735 BCX0"">compact</span><span class=""NormalTextRun SCXW114167735 BCX0""> and no-mess formula make it perfect for touch-ups on the go. </span></span><span class=""EOP SCXW114167735 BCX0"" data-ccp-props='{""335557856"":16777215,""335559739"":160}'> </span><br></p>
<!---->",Rare Beauty,,Tinted Powder,"non-returnable, Shop Sephora",TRUE,Shade,Sepia,,,,,FGPFA40013F1,0,,0,deny,manual,32.00,,TRUE,TRUE,840122901560,,,,,,,,g,,,,,active
true-to-myself-tinted-pressed-finishing-powder,,"<p><meta charset=""utf-8""><meta charset=""utf-8""><span data-contrast=""auto"" lang=""EN-GB"" class=""TextRun SCXW114167735 BCX0""><span class=""NormalTextRun SCXW114167735 BCX0"">A weightless tinted powder that does it all: instantly blurs, smooths, reduces shine, and sets makeup with a natural finish that stays true to you—and your skin. This talc-free formula gives a diffused cloud effect that lets radiance filter through, layering seamlessly (and undetectably) over bare skin or makeup. A convenient half-moon </span><span class=""NormalTextRun ContextualSpellingAndGrammarErrorV2Themed SCXW114167735 BCX0"">compact</span><span class=""NormalTextRun SCXW114167735 BCX0""> and no-mess formula make it perfect for touch-ups on the go. </span></span><span class=""EOP SCXW114167735 BCX0"" data-ccp-props='{""335557856"":16777215,""335559739"":160}'> </span><br></p>
<!---->",Rare Beauty,,Tinted Powder,"non-returnable, Shop Sephora",TRUE,Shade,Espresso,,,,,FGPFA40014F1,0,,0,deny,manual,32.00,,TRUE,TRUE,840122901577,,,,,,,,g,,,,,active
mini-puffy-tote-keychain-merlot,Mini Puffy Tote Keychain - Merlot,"<p><meta charset=""utf-8""><span data-contrast=""auto"" lang=""EN-US"" class=""TextRun SCXW236200520 BCX0"" xml:lang=""EN-US""><span class=""NormalTextRun SCXW236200520 BCX0"">A tiny keychain version of the fan-fave Puffy Traveler Tote, now in a rich berry colorway! Perfect for your mini Soft Pinch Liquid Blush, Positive Light Liquid Luminizers, and other small essentials on the go. </span></span><span data-contrast=""none"" lang=""EN-US"" class=""TextRun SCXW236200520 BCX0"" xml:lang=""EN-US""><span class=""NormalTextRun SCXW236200520 BCX0""> </span></span></p>
<!---->",Rare Beauty,,Bag,"Badge: Exclusive, non-returnable, Shop Sephora",TRUE,Title,Default Title,,,,,MKTRAR0041X1,5,,0,deny,manual,15.00,,TRUE,TRUE,840122907722,https://cdn.shopify.com/s/files/1/0314/1143/7703/files/ECOMM-MINI-PUFFY-KEYCHAIN-MERLOT.jpg?v=1762296435,1,,,,,,g,,,,,active
everyday-quarter-zip-sweatshirt,Everyday Quarter Zip Sweatshirt,"<p><meta charset=""utf-8""><meta charset=""utf-8""><span class=""NormalTextRun SCXW189344627 BCX0"">Everything you need </span><span class=""NormalTextRun ContextualSpellingAndGrammarErrorV2Themed SCXW189344627 BCX0"">a sweatshirt</span><span class=""NormalTextRun SCXW189344627 BCX0""> to </span><span class=""NormalTextRun ContextualSpellingAndGrammarErrorV2Themed SCXW189344627 BCX0"">be:</span><span class=""NormalTextRun SCXW189344627 BCX0""> soft, </span><span class=""NormalTextRun SCXW189344627 BCX0"">comfy</span><span class=""NormalTextRun SCXW189344627 BCX0"">, and versatile, with an oversized fit for all the cozy feels and a quarter zip that lets you </span><span class=""NormalTextRun ContextualSpellingAndGrammarErrorV2Themed SCXW189344627 BCX0"">change up</span><span class=""NormalTextRun SCXW189344627 BCX0""> your style. </span><br></p>",Rare Beauty,,Sweater,"Badge: Exclusive, non-returnable",TRUE,Shade,X Small,,,,,MKTAPP005XS1,0,,0,deny,manual,45.00,,TRUE,TRUE,840122907739,https://cdn.shopify.com/s/files/1/0314/1143/7703/files/ECOMM-EVERYDAY-QUARTER-ZIP-SWEATSHIRT-01.jpg?v=1762296436,1,,,,,,g,,,,,active
everyday-quarter-zip-sweatshirt,,,,,,,,,,,,,,,,,,,,,,,,,https://cdn.shopify.com/s/files/1/0314/1143/7703/files/ECOMM-EVERYDAY-QUARTER-ZIP-SWEATSHIRT-02.jpg?v=1729712639,2,,,,,,,,,,,
everyday-quarter-zip-sweatshirt,,,,,,,,,,,,,,,,,,,,,,,,,https://cdn.shopify.com/s/files/1/0314/1143/7703/files/ECOMM-EVERYDAY-QUARTER-ZIP-SWEATSHIRT-03.jpg?v=1729712639,3,,,,,,,,,,,
everyday-quarter-zip-sweatshirt,,,,,,,,,,,,,,,,,,,,,,,,,https://cdn.shopify.com/s/files/1/0314/1143/7703/files/ON-FIGURE-QUARTER-ZIP-SWEATSHIRT-XS.jpg?v=1729712718,4,,,,,,,,,,,
everyday-quarter-zip-sweatshirt,,,,,,,,,,,,,,,,,,,,,,,,,https://cdn.shopify.com/s/files/1/0314/1143/7703/files/ON-FIGURE-QUARTER-ZIP-SWEATSHIRT-S.jpg?v=1729712922,5,,,,,,,,,,,
everyday-quarter-zip-sweatshirt,,,,,,,,,,,,,,,,,,,,,,,,,https://cdn.shopify.com/s/files/1/0314/1143/7703/files/ON-FIGURE-QUARTER-ZIP-SWEATSHIRT-M.jpg?v=1729712954,6,,,,,,,,,,,
everyday-quarter-zip-sweatshirt,,,,,,,,,,,,,,,,,,,,,,,,,https://cdn.shopify.com/s/files/1/0314/1143/7703/files/ON-FIGURE-QUARTER-ZIP-SWEATSHIRT-L.jpg?v=1729712954,7,,,,,,,,,,,
everyday-quarter-zip-sweatshirt,,,,,,,,,,,,,,,,,,,,,,,,,https://cdn.shopify.com/s/files/1/0314/1143/7703/files/ON-FIGURE-QUARTER-ZIP-SWEATSHIRT-XL.jpg?v=1729712827,8,,,,,,,,,,,
everyday-quarter-zip-sweatshirt,,,,,,,,,,,,,,,,,,,,,,,,,https://cdn.shopify.com/s/files/1/0314/1143/7703/files/ON-FIGURE-QUARTER-ZIP-SWEATSHIRT-XXL.jpg?v=1729712954,9,,,,,,,,,,,
everyday-quarter-zip-sweatshirt,,,,,,,,,,,,,,,,,,,,,,,,,https://cdn.shopify.com/s/files/1/0314/1143/7703/files/EVERYDAY-QUARTER-ZIP-SWEATSHIRT-SIZE-GUIDE.jpg?v=1729713782,10,,,,,,,,,,,
everyday-quarter-zip-sweatshirt,,,,,,,,,,,,,,,,,,,,,,,,,https://cdn.shopify.com/s/files/1/0314/1143/7703/files/ON-FIGURE-EVERYDAY-QUARTER-ZIP-SWEATSHIRT-DETAILS-01.jpg?v=1729712639,11,,,,,,,,,,,
everyday-quarter-zip-sweatshirt,,,,,,,,,,,,,,,,,,,,,,,,,https://cdn.shopify.com/s/files/1/0314/1143/7703/files/ON-FIGURE-EVERYDAY-QUARTER-ZIP-SWEATSHIRT-DETAILS-02.jpg?v=1729712639,12,,,,,,,,,,,
everyday-quarter-zip-sweatshirt,,,,,,,,,,,,,,,,,,,,,,,,,https://cdn.shopify.com/s/files/1/0314/1143/7703/files/ON-FIGURE-EVERYDAY-QUARTER-ZIP-SWEATSHIRT-DUO-01.jpg?v=1729712638,13,,,,,,,,,,,
everyday-quarter-zip-sweatshirt,,,,,,,,,,,,,,,,,,,,,,,,,https://cdn.shopify.com/s/files/1/0314/1143/7703/files/ON-FIGURE-EVERYDAY-QUARTER-ZIP-SWEATSHIRT-DUO-02.jpg?v=1729712639,14,,,,,,,,,,,
everyday-quarter-zip-sweatshirt,,,,,,,,,,,,,,,,,,,,,,,,,https://cdn.shopify.com/s/files/1/0314/1143/7703/files/ON-FIGURE-EVERYDAY-QUARTER-ZIP-SWEATSHIRT-GROUP-SHOT.jpg?v=1729712639,15,,,,,,,,,,,
everyday-quarter-zip-sweatshirt,,"<p><meta charset=""utf-8""><meta charset=""utf-8""><span class=""NormalTextRun SCXW189344627 BCX0"">Everything you need </span><span class=""NormalTextRun ContextualSpellingAndGrammarErrorV2Themed SCXW189344627 BCX0"">a sweatshirt</span><span class=""NormalTextRun SCXW189344627 BCX0""> to </span><span class=""NormalTextRun ContextualSpellingAndGrammarErrorV2Themed SCXW189344627 BCX0"">be:</span><span class=""NormalTextRun SCXW189344627 BCX0""> soft, </span><span class=""NormalTextRun SCXW189344627 BCX0"">comfy</span><span class=""NormalTextRun SCXW189344627 BCX0"">, and versatile, with an oversized fit for all the cozy feels and a quarter zip that lets you </span><span class=""NormalTextRun ContextualSpellingAndGrammarErrorV2Themed SCXW189344627 BCX0"">change up</span><span class=""NormalTextRun SCXW189344627 BCX0""> your style. </span><br></p>",Rare Beauty,,Sweater,"Badge: Exclusive, non-returnable",TRUE,Shade,Small,,,,,MKTAPP005SM1,0,,0,deny,manual,45.00,,TRUE,TRUE,840122907746,,,,,,,,g,,,,,active
everyday-quarter-zip-sweatshirt,,"<p><meta charset=""utf-8""><meta charset=""utf-8""><span class=""NormalTextRun SCXW189344627 BCX0"">Everything you need </span><span class=""NormalTextRun ContextualSpellingAndGrammarErrorV2Themed SCXW189344627 BCX0"">a sweatshirt</span><span class=""NormalTextRun SCXW189344627 BCX0""> to </span><span class=""NormalTextRun ContextualSpellingAndGrammarErrorV2Themed SCXW189344627 BCX0"">be:</span><span class=""NormalTextRun SCXW189344627 BCX0""> soft, </span><span class=""NormalTextRun SCXW189344627 BCX0"">comfy</span><span class=""NormalTextRun SCXW189344627 BCX0"">, and versatile, with an oversized fit for all the cozy feels and a quarter zip that lets you </span><span class=""NormalTextRun ContextualSpellingAndGrammarErrorV2Themed SCXW189344627 BCX0"">change up</span><span class=""NormalTextRun SCXW189344627 BCX0""> your style. </span><br></p>",Rare Beauty,,Sweater,"Badge: Exclusive, non-returnable",TRUE,Shade,Medium,,,,,MKTAPP005MD1,0,,0,deny,manual,45.00,,TRUE,TRUE,840122907753,,,,,,,,g,,,,,active
everyday-quarter-zip-sweatshirt,,"<p><meta charset=""utf-8""><meta charset=""utf-8""><span class=""NormalTextRun SCXW189344627 BCX0"">Everything you need </span><span class=""NormalTextRun ContextualSpellingAndGrammarErrorV2Themed SCXW189344627 BCX0"">a sweatshirt</span><span class=""NormalTextRun SCXW189344627 BCX0""> to </span><span class=""NormalTextRun ContextualSpellingAndGrammarErrorV2Themed SCXW189344627 BCX0"">be:</span><span class=""NormalTextRun SCXW189344627 BCX0""> soft, </span><span class=""NormalTextRun SCXW189344627 BCX0"">comfy</span><span class=""NormalTextRun SCXW189344627 BCX0"">, and versatile, with an oversized fit for all the cozy feels and a quarter zip that lets you </span><span class=""NormalTextRun ContextualSpellingAndGrammarErrorV2Themed SCXW189344627 BCX0"">change up</span><span class=""NormalTextRun SCXW189344627 BCX0""> your style. </span><br></p>",Rare Beauty,,Sweater,"Badge: Exclusive, non-returnable",TRUE,Shade,Large,,,,,MKTAPP005LG1,0,,0,deny,manual,45.00,,TRUE,TRUE,840122907760,,,,,,,,g,,,,,active
everyday-quarter-zip-sweatshirt,,"<p><meta charset=""utf-8""><meta charset=""utf-8""><span class=""NormalTextRun SCXW189344627 BCX0"">Everything you need </span><span class=""NormalTextRun ContextualSpellingAndGrammarErrorV2Themed SCXW189344627 BCX0"">a sweatshirt</span><span class=""NormalTextRun SCXW189344627 BCX0""> to </span><span class=""NormalTextRun ContextualSpellingAndGrammarErrorV2Themed SCXW189344627 BCX0"">be:</span><span class=""NormalTextRun SCXW189344627 BCX0""> soft, </span><span class=""NormalTextRun SCXW189344627 BCX0"">comfy</span><span class=""NormalTextRun SCXW189344627 BCX0"">, and versatile, with an oversized fit for all the cozy feels and a quarter zip that lets you </span><span class=""NormalTextRun ContextualSpellingAndGrammarErrorV2Themed SCXW189344627 BCX0"">change up</span><span class=""NormalTextRun SCXW189344627 BCX0""> your style. </span><br></p>",Rare Beauty,,Sweater,"Badge: Exclusive, non-returnable",TRUE,Shade,X Large,,,,,MKTAPP005XL1,0,,0,deny,manual,45.00,,TRUE,TRUE,840122907777,,,,,,,,g,,,,,active
everyday-quarter-zip-sweatshirt,,"<p><meta charset=""utf-8""><meta charset=""utf-8""><span class=""NormalTextRun SCXW189344627 BCX0"">Everything you need </span><span class=""NormalTextRun ContextualSpellingAndGrammarErrorV2Themed SCXW189344627 BCX0"">a sweatshirt</span><span class=""NormalTextRun SCXW189344627 BCX0""> to </span><span class=""NormalTextRun ContextualSpellingAndGrammarErrorV2Themed SCXW189344627 BCX0"">be:</span><span class=""NormalTextRun SCXW189344627 BCX0""> soft, </span><span class=""NormalTextRun SCXW189344627 BCX0"">comfy</span><span class=""NormalTextRun SCXW189344627 BCX0"">, and versatile, with an oversized fit for all the cozy feels and a quarter zip that lets you </span><span class=""NormalTextRun ContextualSpellingAndGrammarErrorV2Themed SCXW189344627 BCX0"">change up</span><span class=""NormalTextRun SCXW189344627 BCX0""> your style. </span><br></p>",Rare Beauty,,Sweater,"Badge: Exclusive, non-returnable",TRUE,Shade,XX Large,,,,,MKTAPP0052X1,0,,0,deny,manual,45.00,,TRUE,TRUE,840122907784,,,,,,,,g,,,,,active
selena-s-essential-eye-duo,Selena’s Essential Eye Duo,"<p><span class=""TextRun SCXW182691722 BCX0"" lang=""EN-US"" data-contrast=""auto""><span class=""NormalTextRun SCXW182691722 BCX0"">A set of Selena’s latest </span><span class=""NormalTextRun SpellingErrorV2Themed SCXW182691722 BCX0"">faves</span><span class=""NormalTextRun SCXW182691722 BCX0""> for creating a classic smokey eye, featuring a full-size All of the Above Weightless Eyeshadow Stick in set-exclusive shade Perspective (</span><span class=""NormalTextRun SCXW182691722 BCX0"">deep golden</span><span class=""NormalTextRun SCXW182691722 BCX0""> olive), and a </span><span class=""NormalTextRun ContextualSpellingAndGrammarErrorV2Themed SCXW182691722 BCX0"">mini Perfect</span><span class=""NormalTextRun SCXW182691722 BCX0""> Strokes Universal Volumizing Mascara in Black</span><span class=""NormalTextRun SCXW182691722 BCX0"">. A $36 value.</span></span></p>",Rare Beauty,,Mascara,"non-returnable, Shop Sephora",TRUE,Title,Default Title,,,,,FGPHOL0014F1,0,,0,deny,manual,28.00,36.00,TRUE,TRUE,840122906664,https://cdn.shopify.com/s/files/1/0314/1143/7703/files/ECOMM-SELENAS-ESSENTIAL-EYE-DUO-PRODUCT-BOX.jpg?v=1762297047,1,,,,,,g,,,,,active
selena-s-essential-eye-duo,,,,,,,,,,,,,,,,,,,,,,,,,https://cdn.shopify.com/s/files/1/0314/1143/7703/files/ECOMM-SWATCH-SELENAS-ESSENTIAL-EYE-DUO-02.jpg?v=1725396842,2,,,,,,,,,,,
selena-s-essential-eye-duo,,,,,,,,,,,,,,,,,,,,,,,,,https://cdn.shopify.com/s/files/1/0314/1143/7703/files/MACRO-EYES-SELENAS-ESSENTIAL-EYE-DUO.jpg?v=1725396842,3,,,,,,,,,,,
selena-s-essential-eye-duo,,,,,,,,,,,,,,,,,,,,,,,,,https://cdn.shopify.com/s/files/1/0314/1143/7703/files/CAMPAIGN-CANDIDS-SELENAS-ESSENTIAL-EYE-DUO-CHARITY.jpg?v=1725396842,4,,,,,,,,,,,
selena-s-essential-eye-duo,,,,,,,,,,,,,,,,,,,,,,,,,https://cdn.shopify.com/s/files/1/0314/1143/7703/files/CAMPAIGN-CANDIDS-SELENAS-ESSENTIAL-EYE-DUO-ASPEN.jpg?v=1725396842,5,,,,,,,,,,,
selena-s-essential-eye-duo,,,,,,,,,,,,,,,,,,,,,,,,,https://cdn.shopify.com/s/files/1/0314/1143/7703/files/CAMPAIGN-CANDIDS-SELENAS-ESSENTIAL-EYE-DUO-PEYTIE.jpg?v=1725396842,6,,,,,,,,,,,
selena-s-essential-eye-duo,,,,,,,,,,,,,,,,,,,,,,,,,https://cdn.shopify.com/s/files/1/0314/1143/7703/files/ARM-SWATCHES-SELENAS-ESSENTIAL-EYE-DUO.jpg?v=1725396842,7,,,,,,,,,,,
selena-s-essential-eye-duo,,,,,,,,,,,,,,,,,,,,,,,,,https://cdn.shopify.com/s/files/1/0314/1143/7703/files/ECOMM-SELENAS-ESSENTIAL-EYE-DUO-PRODUCT.jpg?v=1725396842,8,,,,,,,,,,,
selena-s-essential-eye-duo,,,,,,,,,,,,,,,,,,,,,,,,,https://cdn.shopify.com/s/files/1/0314/1143/7703/files/ECOMM-SELENAS-ESSENTIAL-EYE-DUO-BOX.jpg?v=1725396842,9,,,,,,,,,,,
soft-pooch-blush-dog-toy-faith,Soft Pooch Blush Dog Toy - Faith,"<p><meta charset=""utf-8""><meta charset=""utf-8""><span data-contrast=""auto"" lang=""EN-US"" class=""TextRun SCXW35366196 BCX0"" xml:lang=""EN-US""><span class=""NormalTextRun SCXW35366196 BCX0"">The community </span><span class=""NormalTextRun SpellingErrorV2Themed SCXW35366196 BCX0"">fave</span><span class=""NormalTextRun SCXW35366196 BCX0""> Soft Pooch Dog Toy now comes in a </span><span class=""NormalTextRun ContextualSpellingAndGrammarErrorV2Themed SCXW35366196 BCX0"">brand new</span><span class=""NormalTextRun SCXW35366196 BCX0""> shade! </span></span><span data-contrast=""none"" lang=""EN-US"" class=""TextRun SCXW35366196 BCX0"" xml:lang=""EN-US""><span class=""NormalTextRun SCXW35366196 BCX0"">With a plush tube and squeaky, crinkly handle that detaches, your furry friend will love playing with makeup as much as you do. This toy was created in honor of our Leaping Bunny certification, and to celebrate our commitment to animal well-being.</span></span><span class=""EOP SCXW35366196 BCX0"" data-ccp-props=""{}""> </span><br></p>",Rare Beauty,,Dog Toy,"Badge: Exclusive, non-returnable",TRUE,Title,Default Title,,,,,MKTRAR0043X1,36,,0,deny,manual,18.00,,TRUE,TRUE,840122908514,https://cdn.shopify.com/s/files/1/0314/1143/7703/files/SOFT-POOCH-BLUSH-DOG-TOY-FAITH-V01.jpg?v=1762297050,1,,,,,,g,,,,,active
soft-pooch-blush-dog-toy-faith,,,,,,,,,,,,,,,,,,,,,,,,,https://cdn.shopify.com/s/files/1/0314/1143/7703/files/SOFT-POOCH-BLUSH-DOG-TOY-FAITH-MODEL1.jpg?v=1729107791,2,,,,,,,,,,,
soft-pooch-blush-dog-toy-faith,,,,,,,,,,,,,,,,,,,,,,,,,https://cdn.shopify.com/s/files/1/0314/1143/7703/files/SOFT-POOCH-BLUSH-DOG-TOY-FAITH-V02.jpg?v=1729107791,3,,,,,,,,,,,
soft-pooch-blush-dog-toy-faith,,,,,,,,,,,,,,,,,,,,,,,,,https://cdn.shopify.com/s/files/1/0314/1143/7703/files/SOFT-POOCH-BLUSH-DOG-TOY-FAITH-V03.jpg?v=1729107790,4,,,,,,,,,,,
soft-pooch-blush-dog-toy-faith,,,,,,,,,,,,,,,,,,,,,,,,,https://cdn.shopify.com/s/files/1/0314/1143/7703/files/SOFT-POOCH-BLUSH-DOG-TOY-FAITH-MODEL2.jpg?v=1729107790,5,,,,,,,,,,,
find-comfort-body-hair-fragrance-mist-awaken-confidence,Find Comfort Body & Hair Fragrance Mist - Awaken Confidence,"<p><meta charset=""utf-8""><span data-contrast=""auto"" lang=""EN-GB"" class=""TextRun SCXW150824307 BCX0"" xml:lang=""EN-GB""><span class=""NormalTextRun SCXW150824307 BCX0"">Now in a new scent! With bright notes of juicy peach and fresh flower blossom, this super fine fragrance mist softens hair and leaves skin feeling nourished and moisturized.</span></span></p>",Rare Beauty,,Body & Hair Mist,non-returnable,TRUE,Title,Default Title,,,,,FGPSP40012F1,227,,0,deny,manual,28.00,,TRUE,TRUE,840122907081,https://cdn.shopify.com/s/files/1/0314/1143/7703/files/ECOMM-AWAKEN-CONFIDENCE-BODY-HAIR-MIST-CLOSED.jpg?v=1762299284,1,,,,,,g,,,,,active
find-comfort-body-hair-fragrance-mist-awaken-confidence,,,,,,,,,,,,,,,,,,,,,,,,,https://cdn.shopify.com/s/files/1/0314/1143/7703/files/SCENT-AWAKEN-CONFIDENCE-BODY-COLLECTION.jpg?v=1732567904,2,,,,,,,,,,,
find-comfort-body-hair-fragrance-mist-awaken-confidence,,,,,,,,,,,,,,,,,,,,,,,,,https://cdn.shopify.com/s/files/1/0314/1143/7703/files/PDP-USAGE-AWAKEN-CONFIDENCE-BODY-HAIR-MIST.jpg?v=1747356991,3,,,,,,,,,,,
find-comfort-body-hair-fragrance-mist-awaken-confidence,,,,,,,,,,,,,,,,,,,,,,,,,https://cdn.shopify.com/s/files/1/0314/1143/7703/files/LIFESTYLE-AWAKEN-CONFIDENCE-BODY-HAIR-MIST.jpg?v=1732567904,4,,,,,,,,,,,
find-comfort-body-hair-fragrance-mist-awaken-confidence,,,,,,,,,,,,,,,,,,,,,,,,,https://cdn.shopify.com/s/files/1/0314/1143/7703/files/CAMPAIGN-MODEL-AWAKEN-CONFIDENCE-BODY-HAIR-MIST.jpg?v=1747356991,5,,,,,,,,,,,
find-comfort-body-hair-fragrance-mist-awaken-confidence,,,,,,,,,,,,,,,,,,,,,,,,,https://cdn.shopify.com/s/files/1/0314/1143/7703/files/STYLIZED-AWAKEN-CONFIDENCE-BODY-COLLECTION-SCENT.jpg?v=1732732705,6,,,,,,,,,,,
find-comfort-body-hair-fragrance-mist-awaken-confidence,,,,,,,,,,,,,,,,,,,,,,,,,https://cdn.shopify.com/s/files/1/0314/1143/7703/files/ECOMM-AWAKEN-CONFIDENCE-BODY-HAIR-MIST.jpg?v=1732567860,7,,,,,,,,,,,
find-comfort-body-hair-fragrance-mist-awaken-confidence,,,,,,,,,,,,,,,,,,,,,,,,,https://cdn.shopify.com/s/files/1/0314/1143/7703/files/LIFESTYLE-AWAKEN-CONFIDENCE-BODY-COLLECTION.jpg?v=1732567923,8,,,,,,,,,,,
find-comfort-bouncy-body-cream,Find Comfort Bouncy Body Cream - Awaken Confidence,"<p><meta charset=""utf-8""><meta charset=""utf-8""><span>A rich, pudding-like body cream that renews skin with a refreshing burst of hydration, restoring bounce and radiance while wrapping you in a bright, peach-floral scent.</span><br></p>",Rare Beauty,,Lotion,non-returnable,TRUE,Title,Default Title,,,,,FGPSP40007F1,0,,0,deny,manual,36.00,,TRUE,TRUE,840122906800,https://cdn.shopify.com/s/files/1/0314/1143/7703/files/ECOMM-AWAKEN-CONFIDENCE-BODY-CREAM-CLOSED.jpg?v=1762299285,1,,,,,,g,,,,,active
find-comfort-bouncy-body-cream,,,,,,,,,,,,,,,,,,,,,,,,,https://cdn.shopify.com/s/files/1/0314/1143/7703/files/ECOMM-AWAKEN-CONFIDENCE-BODY-CREAM.jpg?v=1732569701,2,,,,,,,,,,,
find-comfort-bouncy-body-cream,,,,,,,,,,,,,,,,,,,,,,,,,https://cdn.shopify.com/s/files/1/0314/1143/7703/files/SCENT-AWAKEN-CONFIDENCE-BODY-COLLECTION_89331bc8-aca5-4b0e-af1d-a33b663ec690.jpg?v=1732569750,3,,,,,,,,,,,
find-comfort-bouncy-body-cream,,,,,,,,,,,,,,,,,,,,,,,,,https://cdn.shopify.com/s/files/1/0314/1143/7703/files/PDP-USAGE-AWAKEN-CONFIDENCE-BODY-CREAM.jpg?v=1732653977,4,,,,,,,,,,,
find-comfort-bouncy-body-cream,,,,,,,,,,,,,,,,,,,,,,,,,https://cdn.shopify.com/s/files/1/0314/1143/7703/files/SWATCH-ECOMM-AWAKEN-CONFIDENCE-BODY-CREAM.jpg?v=1732569700,5,,,,,,,,,,,
find-comfort-bouncy-body-cream,,,,,,,,,,,,,,,,,,,,,,,,,https://cdn.shopify.com/s/files/1/0314/1143/7703/files/ON-FIGURE-AWAKEN-CONFIDENCE-BODY-CREAM.jpg?v=1732569731,6,,,,,,,,,,,
find-comfort-bouncy-body-cream,,,,,,,,,,,,,,,,,,,,,,,,,https://cdn.shopify.com/s/files/1/0314/1143/7703/files/CAMPAIGN-MODEL-AWAKEN-CONFIDENCE-BODY-CREAM-V2.jpg?v=1732569731,7,,,,,,,,,,,
find-comfort-bouncy-body-cream,,,,,,,,,,,,,,,,,,,,,,,,,https://cdn.shopify.com/s/files/1/0314/1143/7703/files/CAMPAIGN-MODEL-AWAKEN-CONFIDENCE-BODY-CREAM-V1.jpg?v=1732569731,8,,,,,,,,,,,
find-comfort-bouncy-body-cream,,,,,,,,,,,,,,,,,,,,,,,,,https://cdn.shopify.com/s/files/1/0314/1143/7703/files/STYLIZED-AWAKEN-CONFIDENCE-BODY-COLLECTION-SCENT.jpg?v=1732732705,9,,,,,,,,,,,
puffy-carryall-tote-awaken-confidence,Puffy Carryall Tote – Awaken Confidence,"<p><meta charset=""utf-8""><span data-contrast=""auto"" lang=""EN-US"" class=""TextRun SCXW130162843 BCX0""><span class=""NormalTextRun SCXW130162843 BCX0"">A puffy, protective nylon tote designed for your day to day, with a roomy interior and plenty of pockets for everything from your laptop to your water bottle. </span></span></p>",Rare Beauty,,Bag,"Badge: Exclusive, non-returnable",TRUE,Title,Default Title,,,,,MKTBAG0020X1,0,,0,deny,manual,55.00,,TRUE,TRUE,840122908736,https://cdn.shopify.com/s/files/1/0314/1143/7703/files/ECOMM-PUFFY-CARRYALL-TOTE-DUSTY-ROSE-01.jpg?v=1762299396,1,,,,,,g,,,,,active
puffy-carryall-tote-awaken-confidence,,,,,,,,,,,,,,,,,,,,,,,,,https://cdn.shopify.com/s/files/1/0314/1143/7703/files/ECOMM-PUFFY-CARRYALL-TOTE-DUSTY-ROSE-02.jpg?v=1734403726,2,,,,,,,,,,,
puffy-carryall-tote-awaken-confidence,,,,,,,,,,,,,,,,,,,,,,,,,https://cdn.shopify.com/s/files/1/0314/1143/7703/files/ECOMM-PUFFY-CARRYALL-TOTE-DUSTY-ROSE-04.jpg?v=1734403739,3,,,,,,,,,,,
puffy-carryall-tote-awaken-confidence,,,,,,,,,,,,,,,,,,,,,,,,,https://cdn.shopify.com/s/files/1/0314/1143/7703/files/ECOMM-PUFFY-CARRYALL-TOTE-DUSTY-ROSE-03.jpg?v=1734403739,4,,,,,,,,,,,
puffy-essentials-pouch,Puffy Essentials Pouch,"<p><span class=""TextRun Highlight SCXW7248934 BCX0"" lang=""EN-US"" data-contrast=""auto""><span class=""NormalTextRun SCXW7248934 BCX0"">A puffy zip-around pouch perfect for keeping your essentials safe and organized while on the go.</span></span></p>
<p> </p>",Rare Beauty,,Bag,non-returnable,TRUE,Title,Default Title,,,,,MKTRAR0044X1,0,,0,deny,manual,28.00,,TRUE,TRUE,840122908521,https://cdn.shopify.com/s/files/1/0314/1143/7703/files/ECOMM-PUFFY-ESSENTIALS-POUCH-MERLOT-01.jpg?v=1762299949,1,,,,,,g,,,,,active
puffy-essentials-pouch,,,,,,,,,,,,,,,,,,,,,,,,,https://cdn.shopify.com/s/files/1/0314/1143/7703/files/ECOMM-PUFFY-ESSENTIALS-POUCH-MERLOT-02.jpg?v=1731365056,2,,,,,,,,,,,
puffy-essentials-pouch,,,,,,,,,,,,,,,,,,,,,,,,,https://cdn.shopify.com/s/files/1/0314/1143/7703/files/ECOMM-PUFFY-ESSENTIALS-POUCH-MERLOT-03.jpg?v=1731365056,3,,,,,,,,,,,
find-comfort-claw-clip-awaken-confidence,Find Comfort Claw Clip – Awaken Confidence,"<p><meta charset=""utf-8""><span data-contrast=""auto"" lang=""EN-US"" class=""TextRun SCXW169806605 BCX0""><span class=""NormalTextRun SCXW169806605 BCX0"">Hold your hair up in style—this sturdy claw clip keeps strands up and out of your way with a sleek design that’s extra kind to your hair.</span></span></p>",Rare Beauty,,Hair Accessories,"Badge: Exclusive, non-returnable",TRUE,Title,Default Title,,,,,MKTRAR0045X1,0,,0,deny,manual,10.00,,TRUE,TRUE,840122908606,https://cdn.shopify.com/s/files/1/0314/1143/7703/files/ECOMM-FIND-COMFORT-CLAW-CLIP-01.jpg?v=1762299950,1,,,,,,g,,,,,active
find-comfort-claw-clip-awaken-confidence,,,,,,,,,,,,,,,,,,,,,,,,,https://cdn.shopify.com/s/files/1/0314/1143/7703/files/ECOMM-FIND-COMFORT-CLAW-CLIP-ON-FIGURE.jpg?v=1739243057,2,,,,,,,,,,,
find-comfort-claw-clip-awaken-confidence,,,,,,,,,,,,,,,,,,,,,,,,,https://cdn.shopify.com/s/files/1/0314/1143/7703/files/ECOMM-FIND-COMFORT-CLAW-CLIP-02.jpg?v=1739243057,3,,,,,,,,,,,
awaken-confidence-scented-candle,Awaken Confidence Scented Candle,"<p class=""MsoNormal"" style=""margin-bottom: 0in; line-height: normal;"">A joyful, vibrant scent—like juicy peaches and fresh flower blossoms—that makes you feel like the best version of<i style=""mso-bidi-font-style: normal;""> you. </i>With notes of sweet peach nectar, lush orange blossom, and creamy white sandalwood, this double-wick soy candle invites you to find comfort—and the confidence that comes with it.</p>",Rare Beauty,,Candle,"Badge: Exclusive, non-returnable",TRUE,Title,Default Title,,,,,MKTRAR0048X1,159,,0,deny,manual,35.00,,TRUE,TRUE,840122908910,https://cdn.shopify.com/s/files/1/0314/1143/7703/files/ECOMM-FC-CANDLE-AWAKEN-CONFIDENCE-3WICK-01.jpg?v=1762299950,1,,,,,,g,,,,,active
awaken-confidence-scented-candle,,,,,,,,,,,,,,,,,,,,,,,,,https://cdn.shopify.com/s/files/1/0314/1143/7703/files/ECOMM-FC-CANDLE-AWAKEN-CONFIDENCE-3WICK-02.jpg?v=1733335110,2,,,,,,,,,,,
soft-pinch-liquid-contour,Soft Pinch Liquid Contour,"<p><meta charset=""utf-8""><span data-contrast=""auto"" lang=""EN-GB"" class=""TextRun SCXW64938577 BCX0""><span class=""NormalTextRun SCXW64938577 BCX0"">A</span><span class=""NormalTextRun SCXW64938577 BCX0""> weightless, easy-to-blend liquid contour that defines and enhances your </span><span class=""NormalTextRun SpellingErrorV2Themed SCXW64938577 BCX0"">fave</span><span class=""NormalTextRun SCXW64938577 BCX0""> features for a naturally lifted look that lasts. Just dot, blend, and </span><span class=""NormalTextRun SCXW64938577 BCX0"">you’re</span><span class=""NormalTextRun SCXW64938577 BCX0""> done.</span></span></p>",Rare Beauty,,Contour,non-returnable,TRUE,Shade,Gentle,,,,,FGPSU50011F1,14,,0,deny,manual,30.00,,TRUE,TRUE,840122907234,https://cdn.shopify.com/s/files/1/0314/1143/7703/files/ECOMM-SOFT-PINCH-LIQUID-CONTOUR-GENTLE.jpg?v=1762300534,1,,,,,,g,,,,,active
soft-pinch-liquid-contour,,,,,,,,,,,,,,,,,,,,,,,,,https://cdn.shopify.com/s/files/1/0314/1143/7703/files/CAMPAIGN-CANDIDS-SOFT-PINCH-LIQUID-CONTOUR-GENTLE.jpg?v=1736878048,2,,,,,,,,,,,
soft-pinch-liquid-contour,,,,,,,,,,,,,,,,,,,,,,,,,https://cdn.shopify.com/s/files/1/0314/1143/7703/files/SWATCH-SOFT-PINCH-LIQUID-CONTOUR-GENTLE.png?v=1736878048,3,,,,,,,,,,,
soft-pinch-liquid-contour,,,,,,,,,,,,,,,,,,,,,,,,,https://cdn.shopify.com/s/files/1/0314/1143/7703/files/ECOMM-SOFT-PINCH-LIQUID-CONTOUR-MELLOW.jpg?v=1736878195,4,,,,,,,,,,,
soft-pinch-liquid-contour,,,,,,,,,,,,,,,,,,,,,,,,,https://cdn.shopify.com/s/files/1/0314/1143/7703/files/CAMPAIGN-CANDIDS-SOFT-PINCH-LIQUID-CONTOUR-MELLOW.jpg?v=1736878195,5,,,,,,,,,,,
soft-pinch-liquid-contour,,,,,,,,,,,,,,,,,,,,,,,,,https://cdn.shopify.com/s/files/1/0314/1143/7703/files/APPLICATION-SOFT-PINCH-LIQUID-CONTOUR-MELLOW-2.jpg?v=1737609699,6,,,,,,,,,,,
soft-pinch-liquid-contour,,,,,,,,,,,,,,,,,,,,,,,,,https://cdn.shopify.com/s/files/1/0314/1143/7703/files/APPLICATION-SOFT-PINCH-LIQUID-CONTOUR-MELLOW.jpg?v=1768350496,7,,,,,,,,,,,
soft-pinch-liquid-contour,,,,,,,,,,,,,,,,,,,,,,,,,https://cdn.shopify.com/s/files/1/0314/1143/7703/files/SWATCH-SOFT-PINCH-LIQUID-CONTOUR-MELLOW.png?v=1737609699,8,,,,,,,,,,,
soft-pinch-liquid-contour,,,,,,,,,,,,,,,,,,,,,,,,,https://cdn.shopify.com/s/files/1/0314/1143/7703/files/ECOMM-SOFT-PINCH-LIQUID-CONTOUR-SOLACE.jpg?v=1737609699,9,,,,,,,,,,,
soft-pinch-liquid-contour,,,,,,,,,,,,,,,,,,,,,,,,,https://cdn.shopify.com/s/files/1/0314/1143/7703/files/CAMPAIGN-SOFT-PINCH-LIQUID-CONTOUR-SOLACE-SG-1.jpg?v=1737658942,10,,,,,,,,,,,
soft-pinch-liquid-contour,,,,,,,,,,,,,,,,,,,,,,,,,https://cdn.shopify.com/s/files/1/0314/1143/7703/files/CAMPAIGN-CANDIDS-SOFT-PINCH-LIQUID-CONTOUR-SOLACE.jpg?v=1737658942,11,,,,,,,,,,,
soft-pinch-liquid-contour,,,,,,,,,,,,,,,,,,,,,,,,,https://cdn.shopify.com/s/files/1/0314/1143/7703/files/APPLICATION-SOFT-PINCH-LIQUID-CONTOUR-SOLACE.jpg?v=1737658942,12,,,,,,,,,,,
soft-pinch-liquid-contour,,,,,,,,,,,,,,,,,,,,,,,,,https://cdn.shopify.com/s/files/1/0314/1143/7703/files/SWATCH-SOFT-PINCH-LIQUID-CONTOUR-SOLACE.png?v=1737658942,13,,,,,,,,,,,
soft-pinch-liquid-contour,,,,,,,,,,,,,,,,,,,,,,,,,https://cdn.shopify.com/s/files/1/0314/1143/7703/files/ECOMM-SOFT-PINCH-LIQUID-CONTOUR-SERENE.jpg?v=1737658942,14,,,,,,,,,,,
soft-pinch-liquid-contour,,,,,,,,,,,,,,,,,,,,,,,,,https://cdn.shopify.com/s/files/1/0314/1143/7703/files/CAMPAIGN-CANDIDS-SOFT-PINCH-LIQUID-CONTOUR-SERENE.jpg?v=1737658942,15,,,,,,,,,,,
soft-pinch-liquid-contour,,,,,,,,,,,,,,,,,,,,,,,,,https://cdn.shopify.com/s/files/1/0314/1143/7703/files/APPLICATION-SOFT-PINCH-LIQUID-CONTOUR-SERENE.jpg?v=1768350496,16,,,,,,,,,,,
soft-pinch-liquid-contour,,,,,,,,,,,,,,,,,,,,,,,,,https://cdn.shopify.com/s/files/1/0314/1143/7703/files/SWATCH-SOFT-PINCH-LIQUID-CONTOUR-SERENE.png?v=1737658942,17,,,,,,,,,,,
soft-pinch-liquid-contour,,,,,,,,,,,,,,,,,,,,,,,,,https://cdn.shopify.com/s/files/1/0314/1143/7703/files/ECOMM-SOFT-PINCH-LIQUID-CONTOUR-TRANQUIL.jpg?v=1737658942,18,,,,,,,,,,,
soft-pinch-liquid-contour,,,,,,,,,,,,,,,,,,,,,,,,,https://cdn.shopify.com/s/files/1/0314/1143/7703/files/CAMPAIGN-CANDIDS-SOFT-PINCH-LIQUID-CONTOUR-TRANQUIL.jpg?v=1737658942,19,,,,,,,,,,,
soft-pinch-liquid-contour,,,,,,,,,,,,,,,,,,,,,,,,,https://cdn.shopify.com/s/files/1/0314/1143/7703/files/APPLICATION-SOFT-PINCH-LIQUID-CONTOUR-TRANQUIL.jpg?v=1737658942,20,,,,,,,,,,,
soft-pinch-liquid-contour,,,,,,,,,,,,,,,,,,,,,,,,,https://cdn.shopify.com/s/files/1/0314/1143/7703/files/SWATCH-SOFT-PINCH-LIQUID-CONTOUR-TRANQUIL.png?v=1737658942,21,,,,,,,,,,,
soft-pinch-liquid-contour,,,,,,,,,,,,,,,,,,,,,,,,,https://cdn.shopify.com/s/files/1/0314/1143/7703/files/ECOMM-SOFT-PINCH-LIQUID-CONTOUR-PEACEFUL.jpg?v=1737658942,22,,,,,,,,,,,
soft-pinch-liquid-contour,,,,,,,,,,,,,,,,,,,,,,,,,https://cdn.shopify.com/s/files/1/0314/1143/7703/files/CAMPAIGN-CANDIDS-SOFT-PINCH-LIQUID-CONTOUR-PEACEFUL.jpg?v=1737658942,23,,,,,,,,,,,
soft-pinch-liquid-contour,,,,,,,,,,,,,,,,,,,,,,,,,https://cdn.shopify.com/s/files/1/0314/1143/7703/files/SWATCH-SOFT-PINCH-LIQUID-CONTOUR-PEACEFUL.png?v=1737658942,24,,,,,,,,,,,
soft-pinch-liquid-contour,,,,,,,,,,,,,,,,,,,,,,,,,https://cdn.shopify.com/s/files/1/0314/1143/7703/files/ECOMM-SOFT-PINCH-LIQUID-CONTOUR-SUBLIME.jpg?v=1737658942,25,,,,,,,,,,,
soft-pinch-liquid-contour,,,,,,,,,,,,,,,,,,,,,,,,,https://cdn.shopify.com/s/files/1/0314/1143/7703/files/CAMPAIGN-CANDIDS-SOFT-PINCH-LIQUID-CONTOUR-SUBLIME.jpg?v=1737658942,26,,,,,,,,,,,
soft-pinch-liquid-contour,,,,,,,,,,,,,,,,,,,,,,,,,https://cdn.shopify.com/s/files/1/0314/1143/7703/files/SWATCH-SOFT-PINCH-LIQUID-CONTOUR-SUBLIME.png?v=1737658942,27,,,,,,,,,,,
soft-pinch-liquid-contour,,,,,,,,,,,,,,,,,,,,,,,,,https://cdn.shopify.com/s/files/1/0314/1143/7703/files/CAMPAIGN-SOFT-PINCH-LIQUID-CONTOUR-SOLACE-SG-2.jpg?v=1737658942,28,,,,,,,,,,,
soft-pinch-liquid-contour,,"<p><meta charset=""utf-8""><span data-contrast=""auto"" lang=""EN-GB"" class=""TextRun SCXW64938577 BCX0""><span class=""NormalTextRun SCXW64938577 BCX0"">A</span><span class=""NormalTextRun SCXW64938577 BCX0""> weightless, easy-to-blend liquid contour that defines and enhances your </span><span class=""NormalTextRun SpellingErrorV2Themed SCXW64938577 BCX0"">fave</span><span class=""NormalTextRun SCXW64938577 BCX0""> features for a naturally lifted look that lasts. Just dot, blend, and </span><span class=""NormalTextRun SCXW64938577 BCX0"">you’re</span><span class=""NormalTextRun SCXW64938577 BCX0""> done.</span></span></p>",Rare Beauty,,Contour,non-returnable,TRUE,Shade,Mellow,,,,,FGPSU50012F1,0,,0,deny,manual,30.00,,TRUE,TRUE,840122907241,,,,,,,,g,,,,,active
soft-pinch-liquid-contour,,"<p><meta charset=""utf-8""><span data-contrast=""auto"" lang=""EN-GB"" class=""TextRun SCXW64938577 BCX0""><span class=""NormalTextRun SCXW64938577 BCX0"">A</span><span class=""NormalTextRun SCXW64938577 BCX0""> weightless, easy-to-blend liquid contour that defines and enhances your </span><span class=""NormalTextRun SpellingErrorV2Themed SCXW64938577 BCX0"">fave</span><span class=""NormalTextRun SCXW64938577 BCX0""> features for a naturally lifted look that lasts. Just dot, blend, and </span><span class=""NormalTextRun SCXW64938577 BCX0"">you’re</span><span class=""NormalTextRun SCXW64938577 BCX0""> done.</span></span></p>",Rare Beauty,,Contour,non-returnable,TRUE,Shade,Solace,,,,,FGPSU50013F1,0,,0,deny,manual,30.00,,TRUE,TRUE,840122907258,,,,,,,,g,,,,,active
soft-pinch-liquid-contour,,"<p><meta charset=""utf-8""><span data-contrast=""auto"" lang=""EN-GB"" class=""TextRun SCXW64938577 BCX0""><span class=""NormalTextRun SCXW64938577 BCX0"">A</span><span class=""NormalTextRun SCXW64938577 BCX0""> weightless, easy-to-blend liquid contour that defines and enhances your </span><span class=""NormalTextRun SpellingErrorV2Themed SCXW64938577 BCX0"">fave</span><span class=""NormalTextRun SCXW64938577 BCX0""> features for a naturally lifted look that lasts. Just dot, blend, and </span><span class=""NormalTextRun SCXW64938577 BCX0"">you’re</span><span class=""NormalTextRun SCXW64938577 BCX0""> done.</span></span></p>",Rare Beauty,,Contour,non-returnable,TRUE,Shade,Serene,,,,,FGPSU50014F1,0,,0,deny,manual,30.00,,TRUE,TRUE,840122907265,,,,,,,,g,,,,,active
soft-pinch-liquid-contour,,"<p><meta charset=""utf-8""><span data-contrast=""auto"" lang=""EN-GB"" class=""TextRun SCXW64938577 BCX0""><span class=""NormalTextRun SCXW64938577 BCX0"">A</span><span class=""NormalTextRun SCXW64938577 BCX0""> weightless, easy-to-blend liquid contour that defines and enhances your </span><span class=""NormalTextRun SpellingErrorV2Themed SCXW64938577 BCX0"">fave</span><span class=""NormalTextRun SCXW64938577 BCX0""> features for a naturally lifted look that lasts. Just dot, blend, and </span><span class=""NormalTextRun SCXW64938577 BCX0"">you’re</span><span class=""NormalTextRun SCXW64938577 BCX0""> done.</span></span></p>",Rare Beauty,,Contour,non-returnable,TRUE,Shade,Tranquil,,,,,FGPSU50015F1,0,,0,deny,manual,30.00,,TRUE,TRUE,840122907272,,,,,,,,g,,,,,active
soft-pinch-liquid-contour,,"<p><meta charset=""utf-8""><span data-contrast=""auto"" lang=""EN-GB"" class=""TextRun SCXW64938577 BCX0""><span class=""NormalTextRun SCXW64938577 BCX0"">A</span><span class=""NormalTextRun SCXW64938577 BCX0""> weightless, easy-to-blend liquid contour that defines and enhances your </span><span class=""NormalTextRun SpellingErrorV2Themed SCXW64938577 BCX0"">fave</span><span class=""NormalTextRun SCXW64938577 BCX0""> features for a naturally lifted look that lasts. Just dot, blend, and </span><span class=""NormalTextRun SCXW64938577 BCX0"">you’re</span><span class=""NormalTextRun SCXW64938577 BCX0""> done.</span></span></p>",Rare Beauty,,Contour,non-returnable,TRUE,Shade,Peaceful,,,,,FGPSU50016F1,0,,0,deny,manual,30.00,,TRUE,TRUE,840122907289,,,,,,,,g,,,,,active
soft-pinch-liquid-contour,,"<p><meta charset=""utf-8""><span data-contrast=""auto"" lang=""EN-GB"" class=""TextRun SCXW64938577 BCX0""><span class=""NormalTextRun SCXW64938577 BCX0"">A</span><span class=""NormalTextRun SCXW64938577 BCX0""> weightless, easy-to-blend liquid contour that defines and enhances your </span><span class=""NormalTextRun SpellingErrorV2Themed SCXW64938577 BCX0"">fave</span><span class=""NormalTextRun SCXW64938577 BCX0""> features for a naturally lifted look that lasts. Just dot, blend, and </span><span class=""NormalTextRun SCXW64938577 BCX0"">you’re</span><span class=""NormalTextRun SCXW64938577 BCX0""> done.</span></span></p>",Rare Beauty,,Contour,non-returnable,TRUE,Shade,Sublime,,,,,FGPSU50018F1,0,,0,deny,manual,30.00,,TRUE,TRUE,840122908811,,,,,,,,g,,,,,active
soft-pinch-mini-cheek-lip-set,Soft Pinch Mini Cheek & Lip Set,"<p><meta charset=""utf-8""><span class=""TextRun SCXW142849077 BCX0"" lang=""EN-US"" data-contrast=""none""><span class=""NormalTextRun SCXW142849077 BCX0"">Come alive with dewy, everyday looks that pop. Soft Pinch Liquid Blush in W</span></span><span class=""TextRun SCXW142849077 BCX0"" lang=""EN-US"" data-contrast=""auto""><span class=""NormalTextRun SCXW142849077 BCX0"">orth (true</span></span><span class=""TextRun SCXW142849077 BCX0"" lang=""EN-US"" data-contrast=""none""><span class=""NormalTextRun SCXW142849077 BCX0""> </span></span><span class=""TextRun SCXW142849077 BCX0"" lang=""EN-US"" data-contrast=""none""><span class=""NormalTextRun SCXW142849077 BCX0"">rose) gives cheeks a lasting flush, while Soft Pinch Tinted Lip Oil in set-exclusive Beloved (soft burgundy) leaves lips looking soft and full</span><span class=""NormalTextRun SCXW142849077 BCX0"">. A $31 value.</span></span></p>",Rare Beauty,,Face,"Finish: Dewy, non-returnable",TRUE,Title,Default Title,,,,,FGPBTF0007F1,0,,0,deny,manual,26.00,31.00,TRUE,TRUE,840122906831,https://cdn.shopify.com/s/files/1/0314/1143/7703/files/ECOMM-BOTF-SP-MINI-CHEEK-LIP-SET-BOX-PRODUCT-BOX.jpg?v=1762300534,1,,,,,,g,,,,,active
soft-pinch-mini-cheek-lip-set,,,,,,,,,,,,,,,,,,,,,,,,,https://cdn.shopify.com/s/files/1/0314/1143/7703/files/SWATCH-ECOMM-BOTF-SP-MINI-CHEEK-LIP-SET.jpg?v=1734470115,2,,,,,,,,,,,
soft-pinch-mini-cheek-lip-set,,,,,,,,,,,,,,,,,,,,,,,,,https://cdn.shopify.com/s/files/1/0314/1143/7703/files/ON-FIGURE-BOTF-SP-MINI-CHEEK-LIP-SET-01.jpg?v=1734470115,3,,,,,,,,,,,
soft-pinch-mini-cheek-lip-set,,,,,,,,,,,,,,,,,,,,,,,,,https://cdn.shopify.com/s/files/1/0314/1143/7703/files/ON-FIGURE-BOTF-SP-MINI-CHEEK-LIP-SET-02.jpg?v=1734470115,4,,,,,,,,,,,
soft-pinch-mini-cheek-lip-set,,,,,,,,,,,,,,,,,,,,,,,,,https://cdn.shopify.com/s/files/1/0314/1143/7703/files/ARM-SWATCHES-RARE-IMPACT-LIP-DUO_5d8eb365-0cbb-47c4-8e1a-980d0dd51f90.jpg?v=1734470088,5,,,,,,,,,,,
soft-pinch-mini-cheek-lip-set,,,,,,,,,,,,,,,,,,,,,,,,,https://cdn.shopify.com/s/files/1/0314/1143/7703/files/ECOMM-BOTF-SP-MINI-CHEEK-LIP-SET-BOX.jpg?v=1734470088,6,,,,,,,,,,,
soft-pinch-mini-cheek-lip-set,,,,,,,,,,,,,,,,,,,,,,,,,https://cdn.shopify.com/s/files/1/0314/1143/7703/files/ECOMM-BOTF-SP-MINI-CHEEK-LIP-SET-PRODUCT.jpg?v=1734470088,7,,,,,,,,,,,
soft-pinch-liquid-blush-duo,Soft Pinch Liquid Blush Duo,"<p><meta charset=""utf-8""><span class=""TextRun SCXW209031599 BCX0"" lang=""EN-US"" data-contrast=""auto""><span class=""NormalTextRun SCXW209031599 BCX0"">Celebrate 5 radiant years of Selena’s iconic </span></span><span class=""TextRun SCXW209031599 BCX0"" lang=""EN-US"" data-contrast=""auto""><span class=""NormalTextRun ContextualSpellingAndGrammarErrorV2Themed SCXW209031599 BCX0"">Rare</span><span class=""NormalTextRun SCXW209031599 BCX0""> </span></span><span class=""TextRun SCXW209031599 BCX0"" lang=""EN-US"" data-contrast=""auto""><span class=""NormalTextRun SCXW209031599 BCX0"">album with bestselling Soft Pinch Liquid Blush in fan-</span><span class=""NormalTextRun SpellingErrorV2Themed SCXW209031599 BCX0"">fave</span><span class=""NormalTextRun SCXW209031599 BCX0""> Happy (cool pink) and new, set-exclusive Souvenir (deep tea rose). A $50 value.</span></span></p>",Rare Beauty,,Blush,non-returnable,TRUE,Title,Default Title,,,,,FGPKIT0009F1,0,,0,deny,manual,40.00,50.00,TRUE,TRUE,840122908873,https://cdn.shopify.com/s/files/1/0314/1143/7703/files/ECOMM-RARE-ALBUM-ANNIVERSARY-KIT-SP-LIQUID-BLUSH-DUO-PRODUCT-BOX.jpg?v=1762300886,1,,,,,,g,,,,,active
soft-pinch-liquid-blush-duo,,,,,,,,,,,,,,,,,,,,,,,,,https://cdn.shopify.com/s/files/1/0314/1143/7703/files/ECOMM-RARE-ALBUM-ANNIVERSARY-KIT-SP-LIQUID-BLUSH-DUO-SWATCHES.jpg?v=1736373827,2,,,,,,,,,,,
soft-pinch-liquid-blush-duo,,,,,,,,,,,,,,,,,,,,,,,,,https://cdn.shopify.com/s/files/1/0314/1143/7703/files/SHADE-GRID-RARE-ALBUM-ANNIVERSARY-KIT-SP-LIQUID-BLUSH-DUO-HAPPY.jpg?v=1736373827,3,,,,,,,,,,,
soft-pinch-liquid-blush-duo,,,,,,,,,,,,,,,,,,,,,,,,,https://cdn.shopify.com/s/files/1/0314/1143/7703/files/SHADE-GRID-RARE-ALBUM-ANNIVERSARY-KIT-SP-LIQUID-BLUSH-DUO-SOUVENIR.jpg?v=1736373827,4,,,,,,,,,,,
soft-pinch-liquid-blush-duo,,,,,,,,,,,,,,,,,,,,,,,,,https://cdn.shopify.com/s/files/1/0314/1143/7703/files/ON-FIGURE-RARE-ALBUM-ANNIVERSARY-KIT-SP-LIQUID-BLUSH-DUO-AKESHA-DEEP-HAPPY.jpg?v=1736373827,5,,,,,,,,,,,
soft-pinch-liquid-blush-duo,,,,,,,,,,,,,,,,,,,,,,,,,https://cdn.shopify.com/s/files/1/0314/1143/7703/files/ON-FIGURE-RARE-ALBUM-ANNIVERSARY-KIT-SP-LIQUID-BLUSH-DUO-CHARLIE-LIGHT-HAPPY.jpg?v=1736373827,6,,,,,,,,,,,
soft-pinch-liquid-blush-duo,,,,,,,,,,,,,,,,,,,,,,,,,https://cdn.shopify.com/s/files/1/0314/1143/7703/files/ON-FIGURE-RARE-ALBUM-ANNIVERSARY-KIT-SP-LIQUID-BLUSH-DUO-NAOMI-MEDIUM-HAPPY.jpg?v=1736373827,7,,,,,,,,,,,
soft-pinch-liquid-blush-duo,,,,,,,,,,,,,,,,,,,,,,,,,https://cdn.shopify.com/s/files/1/0314/1143/7703/files/ON-FIGURE-RARE-ALBUM-ANNIVERSARY-KIT-SP-LIQUID-BLUSH-DUO-CHARLIE-LIGHT-SOUVENIR.jpg?v=1736373827,8,,,,,,,,,,,
soft-pinch-liquid-blush-duo,,,,,,,,,,,,,,,,,,,,,,,,,https://cdn.shopify.com/s/files/1/0314/1143/7703/files/ON-FIGURE-RARE-ALBUM-ANNIVERSARY-KIT-SP-LIQUID-BLUSH-DUO-NAOMI-MEDIUM-SOUVENIR.jpg?v=1736373827,9,,,,,,,,,,,
soft-pinch-liquid-blush-duo,,,,,,,,,,,,,,,,,,,,,,,,,https://cdn.shopify.com/s/files/1/0314/1143/7703/files/ON-FIGURE-RARE-ALBUM-ANNIVERSARY-KIT-SP-LIQUID-BLUSH-DUO-AKESHA-DEEP-SOUVENIR.jpg?v=1736373827,10,,,,,,,,,,,
soft-pinch-liquid-blush-duo,,,,,,,,,,,,,,,,,,,,,,,,,https://cdn.shopify.com/s/files/1/0314/1143/7703/files/ECOMM-RARE-ALBUM-ANNIVERSARY-KIT-SP-LIQUID-BLUSH-DUO-ARM-SWATCHES.jpg?v=1736373827,11,,,,,,,,,,,
soft-pinch-liquid-blush-duo,,,,,,,,,,,,,,,,,,,,,,,,,https://cdn.shopify.com/s/files/1/0314/1143/7703/files/ECOMM-RARE-ALBUM-ANNIVERSARY-KIT-SP-LIQUID-BLUSH-DUO-BOX.jpg?v=1736373804,12,,,,,,,,,,,
soft-pinch-liquid-blush-duo,,,,,,,,,,,,,,,,,,,,,,,,,https://cdn.shopify.com/s/files/1/0314/1143/7703/files/ECOMM-RARE-ALBUM-ANNIVERSARY-KIT-SP-LIQUID-BLUSH-DUO-PRODUCT.jpg?v=1736373804,13,,,,,,,,,,,
soft-pinch-liquid-blush-duo,,,,,,,,,,,,,,,,,,,,,,,,,https://cdn.shopify.com/s/files/1/0314/1143/7703/files/ECOMM-RARE-ALBUM-ANNIVERSARY-KIT-SP-LIQUID-BLUSH-DUO-STYLIZED.jpg?v=1736373804,14,,,,,,,,,,,
find-comfort-body-hair-fragrance-mist-mini,Find Comfort Body & Hair Fragrance Mist Mini,"<p><meta charset=""utf-8""><span data-contrast=""auto"" lang=""EN-US"" class=""TextRun SCXW87696668 BCX0""><span class=""NormalTextRun SCXW87696668 BCX0"">A super fine fragrance mist that smells like soft cashmere and jasmine petals—now in a mini size! Infused with biotin, niacinamide, and peach flower extract, it instantly refreshes skin and softens hair without feeling sticky. </span></span></p>",Rare Beauty,,Body & Hair Mist,non-returnable,TRUE,Title,Default Title,,,,,FGPSP40003M1,227,,0,deny,manual,16.00,,TRUE,TRUE,840122907050,https://cdn.shopify.com/s/files/1/0314/1143/7703/files/ECOMM-FIND-COMFORT-BODY-HAIR-FRAGRANCE-MIST-MINI-CLOSED.jpg?v=1762301243,1,,,,,,g,,,,,active
find-comfort-body-hair-fragrance-mist-mini,,,,,,,,,,,,,,,,,,,,,,,,,https://cdn.shopify.com/s/files/1/0314/1143/7703/files/ECOMM-FIND-COMFORT-BODY-HAIR-FRAGRANCE-MIST-MINI.jpg?v=1740424689,2,,,,,,,,,,,
find-comfort-hydrating-body-lotion-mini,Find Comfort Hydrating Body Lotion Mini,"<p><meta charset=""utf-8""><span data-contrast=""auto"" lang=""EN-US"" class=""TextRun Highlight SCXW214534483 BCX0""><span class=""NormalTextRun SCXW214534483 BCX0"">Now in a mini size! With warm and cozy notes of soft cashmere and jasmine petals, </span></span><span data-contrast=""auto"" lang=""EN-US"" class=""TextRun SCXW214534483 BCX0""><span class=""NormalTextRun SCXW214534483 BCX0"">this lightweight, nutrient-infused body lotion hydrates up to 24 hours while nourishing and softening skin for a healthy, renewed glow. </span></span></p>",Rare Beauty,,Lotion,non-returnable,TRUE,Title,Default Title,,,,,FGPSP40001M1,0,,0,deny,manual,17.00,,TRUE,TRUE,840122907043,https://cdn.shopify.com/s/files/1/0314/1143/7703/files/ECOMM-FIND-COMFORT-BODY-LOTION-MINI-CLOSED.jpg?v=1762301243,1,,,,,,g,,,,,active
find-comfort-hydrating-body-lotion-mini,,,,,,,,,,,,,,,,,,,,,,,,,https://cdn.shopify.com/s/files/1/0314/1143/7703/files/find-comfort-body-lotion-swatch-02-1440x1952.jpg?v=1740432681,2,,,,,,,,,,,
find-comfort-hydrating-body-lotion-mini,,,,,,,,,,,,,,,,,,,,,,,,,https://cdn.shopify.com/s/files/1/0314/1143/7703/files/ECOMM-FIND-COMFORT-BODY-LOTION-MINI.jpg?v=1740432681,3,,,,,,,,,,,
find-comfort-gentle-exfoliating-body-wash-mini,Find Comfort Gentle Exfoliating Body Wash Mini,"<p><meta charset=""utf-8""><span class=""TextRun SCXW96745378 BCX0"" lang=""EN-US"" data-contrast=""auto""><span class=""NormalTextRun SCXW96745378 BCX0"">Now in a travel-ready size! This daily nourishing body wash hugs skin with </span></span><span class=""TextRun SCXW96745378 BCX0"" lang=""EN-US"" data-contrast=""none""><span class=""NormalTextRun SCXW96745378 BCX0"">warm and cozy notes of soft cashmere and jasmine petals while gently buffing with plant-derived konjac jelly. </span></span></p>",Rare Beauty,,Body Wash,non-returnable,TRUE,Title,Default Title,,,,,FGPSP40005M1,0,,0,deny,manual,12.00,,TRUE,TRUE,840122907104,https://cdn.shopify.com/s/files/1/0314/1143/7703/files/ECOMM-FIND-COMFORT-EXFOLIATING-BODY-WASH-MINI.jpg?v=1762301245,1,,,,,,g,,,,,active
find-comfort-gentle-exfoliating-body-wash-mini,,,,,,,,,,,,,,,,,,,,,,,,,https://cdn.shopify.com/s/files/1/0314/1143/7703/files/FIND-COMFORT-EXFOLIATING-BODY-WASH-ECOMM-SWATCH.jpg?v=1715968139,2,,,,,,,,,,,
find-comfort-gentle-exfoliating-body-wash-mini,,,,,,,,,,,,,,,,,,,,,,,,,https://cdn.shopify.com/s/files/1/0314/1143/7703/files/FIND-COMFORT-EXFOLIATING-BODY-WASH-INGREDIENTS.jpg?v=1715968139,3,,,,,,,,,,,
soft-pinch-matte-bouncy-blush,Soft Pinch Matte Bouncy Blush,"<p><meta charset=""utf-8""><meta charset=""utf-8""><span data-contrast=""auto"" lang=""EN-GB"" class=""TextRun SCXW149013769 BCX0""><span class=""NormalTextRun SCXW149013769 BCX0"">A cushiony cream-to-powder blush that gives the dreamiest flush of </span><span class=""NormalTextRun SpellingErrorV2Themed SCXW149013769 BCX0"">color</span><span class=""NormalTextRun SCXW149013769 BCX0""> with a lasting, blurred matte finish.</span></span><span class=""EOP SCXW149013769 BCX0"" data-ccp-props='{""335557856"":16777215,""335559737"":-20}'> </span></p>",Rare Beauty,,Cream Blush,non-returnable,TRUE,Shade,Hope,,,,,FGPSU50001F1,0,,0,deny,manual,27.00,,TRUE,TRUE,840122907173,https://cdn.shopify.com/s/files/1/0314/1143/7703/files/ECOMM-SP-MATTE-BOUNCY-BLUSH-HOPE.jpg?v=1762301246,1,,,,,,g,,,,,active
soft-pinch-matte-bouncy-blush,,,,,,,,,,,,,,,,,,,,,,,,,https://cdn.shopify.com/s/files/1/0314/1143/7703/files/CAMPAIGN-CANDIDS-SAMANTHA-SP-MATTE-BOUNCY-BLUSH-HOPE-01.jpg?v=1738367184,2,,,,,,,,,,,
soft-pinch-matte-bouncy-blush,,,,,,,,,,,,,,,,,,,,,,,,,https://cdn.shopify.com/s/files/1/0314/1143/7703/files/SHADE-GRIDS-SP-MATTE-BOUNCY-BLUSH-HOPE.jpg?v=1738367184,3,,,,,,,,,,,
soft-pinch-matte-bouncy-blush,,,,,,,,,,,,,,,,,,,,,,,,,https://cdn.shopify.com/s/files/1/0314/1143/7703/files/SWATCH-SP-MATTE-BOUNCY-BLUSH-HOPE.png?v=1738367184,4,,,,,,,,,,,
soft-pinch-matte-bouncy-blush,,,,,,,,,,,,,,,,,,,,,,,,,https://cdn.shopify.com/s/files/1/0314/1143/7703/files/ECOMM-SP-MATTE-BOUNCY-BLUSH-HOPE-CLOSED.jpg?v=1768000456,5,,,,,,,,,,,
soft-pinch-matte-bouncy-blush,,,,,,,,,,,,,,,,,,,,,,,,,https://cdn.shopify.com/s/files/1/0314/1143/7703/files/ECOMM-SP-MATTE-BOUNCY-BLUSH-HAPPY.jpg?v=1742429182,6,,,,,,,,,,,
soft-pinch-matte-bouncy-blush,,,,,,,,,,,,,,,,,,,,,,,,,https://cdn.shopify.com/s/files/1/0314/1143/7703/files/CAMPAIGN-CANDIDS-NATASSIA-SP-MATTE-BOUNCY-BLUSH-HAPPY-01.jpg?v=1742429382,7,,,,,,,,,,,
soft-pinch-matte-bouncy-blush,,,,,,,,,,,,,,,,,,,,,,,,,https://cdn.shopify.com/s/files/1/0314/1143/7703/files/SHADE-GRIDS-SP-MATTE-BOUNCY-BLUSH-HAPPY.jpg?v=1742429382,8,,,,,,,,,,,
soft-pinch-matte-bouncy-blush,,,,,,,,,,,,,,,,,,,,,,,,,https://cdn.shopify.com/s/files/1/0314/1143/7703/files/SWATCH-SP-MATTE-BOUNCY-BLUSH-HAPPY.png?v=1742429382,9,,,,,,,,,,,
soft-pinch-matte-bouncy-blush,,,,,,,,,,,,,,,,,,,,,,,,,https://cdn.shopify.com/s/files/1/0314/1143/7703/files/ECOMM-SP-MATTE-BOUNCY-BLUSH-HAPPY-CLOSED.jpg?v=1768000456,10,,,,,,,,,,,
soft-pinch-matte-bouncy-blush,,,,,,,,,,,,,,,,,,,,,,,,,https://cdn.shopify.com/s/files/1/0314/1143/7703/files/ECOMM-SP-MATTE-BOUNCY-BLUSH-WORTH.jpg?v=1742429382,11,,,,,,,,,,,
soft-pinch-matte-bouncy-blush,,,,,,,,,,,,,,,,,,,,,,,,,https://cdn.shopify.com/s/files/1/0314/1143/7703/files/CAMPAIGN-CANDIDS-CAROLINA-SP-MATTE-BOUNCY-BLUSH-WORTH-01.jpg?v=1742429382,12,,,,,,,,,,,
soft-pinch-matte-bouncy-blush,,,,,,,,,,,,,,,,,,,,,,,,,https://cdn.shopify.com/s/files/1/0314/1143/7703/files/SHADE-GRIDS-SP-MATTE-BOUNCY-BLUSH-WORTH.jpg?v=1742429382,13,,,,,,,,,,,
soft-pinch-matte-bouncy-blush,,,,,,,,,,,,,,,,,,,,,,,,,https://cdn.shopify.com/s/files/1/0314/1143/7703/files/SWATCH-SP-MATTE-BOUNCY-BLUSH-WORTH.png?v=1742429382,14,,,,,,,,,,,
soft-pinch-matte-bouncy-blush,,,,,,,,,,,,,,,,,,,,,,,,,https://cdn.shopify.com/s/files/1/0314/1143/7703/files/ECOMM-SP-MATTE-BOUNCY-BLUSH-WORTH-CLOSED.jpg?v=1768000456,15,,,,,,,,,,,
soft-pinch-matte-bouncy-blush,,,,,,,,,,,,,,,,,,,,,,,,,https://cdn.shopify.com/s/files/1/0314/1143/7703/files/ECOMM-SP-MATTE-BOUNCY-BLUSH-ALIVE.jpg?v=1742429382,16,,,,,,,,,,,
soft-pinch-matte-bouncy-blush,,,,,,,,,,,,,,,,,,,,,,,,,https://cdn.shopify.com/s/files/1/0314/1143/7703/files/SHADE-GRIDS-SP-MATTE-BOUNCY-BLUSH-ALIVE.jpg?v=1742429382,17,,,,,,,,,,,
soft-pinch-matte-bouncy-blush,,,,,,,,,,,,,,,,,,,,,,,,,https://cdn.shopify.com/s/files/1/0314/1143/7703/files/SWATCH-SP-MATTE-BOUNCY-BLUSH-ALIVE.png?v=1742429382,18,,,,,,,,,,,
soft-pinch-matte-bouncy-blush,,,,,,,,,,,,,,,,,,,,,,,,,https://cdn.shopify.com/s/files/1/0314/1143/7703/files/ECOMM-SP-MATTE-BOUNCY-BLUSH-ALIVE-CLOSED.jpg?v=1768000456,19,,,,,,,,,,,
soft-pinch-matte-bouncy-blush,,,,,,,,,,,,,,,,,,,,,,,,,https://cdn.shopify.com/s/files/1/0314/1143/7703/files/ECOMM-SP-MATTE-BOUNCY-BLUSH-GRATEFUL.jpg?v=1742429382,20,,,,,,,,,,,
soft-pinch-matte-bouncy-blush,,,,,,,,,,,,,,,,,,,,,,,,,https://cdn.shopify.com/s/files/1/0314/1143/7703/files/CAMPAIGN-CANDIDS-ZARRIA-SP-MATTE-BOUNCY-BLUSH-GRATEFUL-01.jpg?v=1742429382,21,,,,,,,,,,,
soft-pinch-matte-bouncy-blush,,,,,,,,,,,,,,,,,,,,,,,,,https://cdn.shopify.com/s/files/1/0314/1143/7703/files/CAMPAIGN-CANDIDS-ZARRIA-SP-MATTE-BOUNCY-BLUSH-GRATEFUL-02.jpg?v=1742429382,22,,,,,,,,,,,
soft-pinch-matte-bouncy-blush,,,,,,,,,,,,,,,,,,,,,,,,,https://cdn.shopify.com/s/files/1/0314/1143/7703/files/SHADE-GRIDS-SP-MATTE-BOUNCY-BLUSH-GRATEFUL.jpg?v=1742429382,23,,,,,,,,,,,
soft-pinch-matte-bouncy-blush,,,,,,,,,,,,,,,,,,,,,,,,,https://cdn.shopify.com/s/files/1/0314/1143/7703/files/SWATCH-SP-MATTE-BOUNCY-BLUSH-GRATEFUL.png?v=1742429382,24,,,,,,,,,,,
soft-pinch-matte-bouncy-blush,,,,,,,,,,,,,,,,,,,,,,,,,https://cdn.shopify.com/s/files/1/0314/1143/7703/files/ECOMM-SP-MATTE-BOUNCY-BLUSH-GRATEFUL-CLOSED.jpg?v=1768000456,25,,,,,,,,,,,
soft-pinch-matte-bouncy-blush,,,,,,,,,,,,,,,,,,,,,,,,,https://cdn.shopify.com/s/files/1/0314/1143/7703/files/ECOMM-SP-MATTE-BOUNCY-BLUSH-THRIVING.jpg?v=1742429382,26,,,,,,,,,,,
soft-pinch-matte-bouncy-blush,,,,,,,,,,,,,,,,,,,,,,,,,https://cdn.shopify.com/s/files/1/0314/1143/7703/files/SHADE-GRIDS-SP-MATTE-BOUNCY-BLUSH-THRIVING.jpg?v=1742429382,27,,,,,,,,,,,
soft-pinch-matte-bouncy-blush,,,,,,,,,,,,,,,,,,,,,,,,,https://cdn.shopify.com/s/files/1/0314/1143/7703/files/SWATCH-SP-MATTE-BOUNCY-BLUSH-THRIVING.png?v=1742429382,28,,,,,,,,,,,
soft-pinch-matte-bouncy-blush,,,,,,,,,,,,,,,,,,,,,,,,,https://cdn.shopify.com/s/files/1/0314/1143/7703/files/ECOMM-SP-MATTE-BOUNCY-BLUSH-THRIVING-CLOSED.jpg?v=1768000456,29,,,,,,,,,,,
soft-pinch-matte-bouncy-blush,,,,,,,,,,,,,,,,,,,,,,,,,https://cdn.shopify.com/s/files/1/0314/1143/7703/files/ECOMM-SP-MATTE-BOUNCY-BLUSH-TRUTH.jpg?v=1742429382,30,,,,,,,,,,,
soft-pinch-matte-bouncy-blush,,,,,,,,,,,,,,,,,,,,,,,,,https://cdn.shopify.com/s/files/1/0314/1143/7703/files/SHADE-GRIDS-SP-MATTE-BOUNCY-BLUSH-TRUTH.jpg?v=1742429382,31,,,,,,,,,,,
soft-pinch-matte-bouncy-blush,,,,,,,,,,,,,,,,,,,,,,,,,https://cdn.shopify.com/s/files/1/0314/1143/7703/files/SWATCH-SP-MATTE-BOUNCY-BLUSH-TRUTH.png?v=1738367184,32,,,,,,,,,,,
soft-pinch-matte-bouncy-blush,,,,,,,,,,,,,,,,,,,,,,,,,https://cdn.shopify.com/s/files/1/0314/1143/7703/files/ECOMM-SP-MATTE-BOUNCY-BLUSH-TRUTH-CLOSED.jpg?v=1768000456,33,,,,,,,,,,,
soft-pinch-matte-bouncy-blush,,,,,,,,,,,,,,,,,,,,,,,,,https://cdn.shopify.com/s/files/1/0314/1143/7703/files/ECOMM-SP-MATTE-BOUNCY-BLUSH-DIVINE.jpg?v=1767911200,34,,,,,,,,,,,
soft-pinch-matte-bouncy-blush,,,,,,,,,,,,,,,,,,,,,,,,,https://cdn.shopify.com/s/files/1/0314/1143/7703/files/CAMPAIGN-SELENA-SP-MATTE-BOUNCY-BLUSH-DIVINE.jpg?v=1768000456,35,,,,,,,,,,,
soft-pinch-matte-bouncy-blush,,,,,,,,,,,,,,,,,,,,,,,,,https://cdn.shopify.com/s/files/1/0314/1143/7703/files/SHADE-GRIDS-SP-MATTE-BOUNCY-BLUSH-DIVINE.jpg?v=1768000456,36,,,,,,,,,,,
soft-pinch-matte-bouncy-blush,,,,,,,,,,,,,,,,,,,,,,,,,https://cdn.shopify.com/s/files/1/0314/1143/7703/files/BA-SP-MATTE-BOUNCY-BLUSH-DIVINE.jpg?v=1768000456,37,,,,,,,,,,,
soft-pinch-matte-bouncy-blush,,,,,,,,,,,,,,,,,,,,,,,,,https://cdn.shopify.com/s/files/1/0314/1143/7703/files/SWATCH-SP-MATTE-BOUNCY-BLUSH-DIVINE.png?v=1768000456,38,,,,,,,,,,,
soft-pinch-matte-bouncy-blush,,,,,,,,,,,,,,,,,,,,,,,,,https://cdn.shopify.com/s/files/1/0314/1143/7703/files/ECOMM-SP-MATTE-BOUNCY-BLUSH-DIVINE-CLOSED.jpg?v=1768000456,39,,,,,,,,,,,
soft-pinch-matte-bouncy-blush,,,,,,,,,,,,,,,,,,,,,,,,,https://cdn.shopify.com/s/files/1/0314/1143/7703/files/ECOMM-SP-MATTE-BOUNCY-BLUSH-SPIRITED.jpg?v=1768000456,40,,,,,,,,,,,
soft-pinch-matte-bouncy-blush,,,,,,,,,,,,,,,,,,,,,,,,,https://cdn.shopify.com/s/files/1/0314/1143/7703/files/SHADE-GRIDS-SP-MATTE-BOUNCY-BLUSH-SPIRITED.jpg?v=1768000456,41,,,,,,,,,,,
soft-pinch-matte-bouncy-blush,,,,,,,,,,,,,,,,,,,,,,,,,https://cdn.shopify.com/s/files/1/0314/1143/7703/files/BA-SP-MATTE-BOUNCY-BLUSH-SPIRITED.jpg?v=1768000456,42,,,,,,,,,,,
soft-pinch-matte-bouncy-blush,,,,,,,,,,,,,,,,,,,,,,,,,https://cdn.shopify.com/s/files/1/0314/1143/7703/files/SWATCH-SP-MATTE-BOUNCY-BLUSH-SPIRITED.png?v=1768000456,43,,,,,,,,,,,
soft-pinch-matte-bouncy-blush,,,,,,,,,,,,,,,,,,,,,,,,,https://cdn.shopify.com/s/files/1/0314/1143/7703/files/ECOMM-SP-MATTE-BOUNCY-BLUSH-SPIRITED-CLOSED.jpg?v=1768000456,44,,,,,,,,,,,
soft-pinch-matte-bouncy-blush,,,,,,,,,,,,,,,,,,,,,,,,,https://cdn.shopify.com/s/files/1/0314/1143/7703/files/ECOMM-SP-MATTE-BOUNCY-BLUSH-SOULFUL.jpg?v=1768000456,45,,,,,,,,,,,
soft-pinch-matte-bouncy-blush,,,,,,,,,,,,,,,,,,,,,,,,,https://cdn.shopify.com/s/files/1/0314/1143/7703/files/SHADE-GRIDS-SP-MATTE-BOUNCY-BLUSH-SOULFUL.jpg?v=1768000456,46,,,,,,,,,,,
soft-pinch-matte-bouncy-blush,,,,,,,,,,,,,,,,,,,,,,,,,https://cdn.shopify.com/s/files/1/0314/1143/7703/files/BA-SP-MATTE-BOUNCY-BLUSH-SOULFUL.jpg?v=1768000456,47,,,,,,,,,,,
soft-pinch-matte-bouncy-blush,,,,,,,,,,,,,,,,,,,,,,,,,https://cdn.shopify.com/s/files/1/0314/1143/7703/files/SWATCH-SP-MATTE-BOUNCY-BLUSH-SOULFUL.png?v=1768000456,48,,,,,,,,,,,
soft-pinch-matte-bouncy-blush,,,,,,,,,,,,,,,,,,,,,,,,,https://cdn.shopify.com/s/files/1/0314/1143/7703/files/ECOMM-SP-MATTE-BOUNCY-BLUSH-SOULFUL-CLOSED.jpg?v=1768000456,49,,,,,,,,,,,
soft-pinch-matte-bouncy-blush,,,,,,,,,,,,,,,,,,,,,,,,,https://cdn.shopify.com/s/files/1/0314/1143/7703/files/ARM-SWATCHES-SP-MATTE-BOUNCY-BLUSH_7a72542c-cd75-4d8b-86e7-961e6d161a7b.jpg?v=1768000456,50,,,,,,,,,,,
soft-pinch-matte-bouncy-blush,,,,,,,,,,,,,,,,,,,,,,,,,https://cdn.shopify.com/s/files/1/0314/1143/7703/files/ON-FIGURE-SP-MATTE-BOUNCY-BLUSH-APPLICATION-CHART.jpg?v=1768000456,51,,,,,,,,,,,
soft-pinch-matte-bouncy-blush,,,,,,,,,,,,,,,,,,,,,,,,,https://cdn.shopify.com/s/files/1/0314/1143/7703/files/STYLIZED-SP-MATTE-BOUNCY-BLUSH.jpg?v=1768000456,52,,,,,,,,,,,
soft-pinch-matte-bouncy-blush,,,,,,,,,,,,,,,,,,,,,,,,,https://cdn.shopify.com/s/files/1/0314/1143/7703/files/STYLIZED-SP-MATTE-BOUNCY-BLUSH-GROUP.jpg?v=1768000456,53,,,,,,,,,,,
soft-pinch-matte-bouncy-blush,,"<p><meta charset=""utf-8""><meta charset=""utf-8""><span data-contrast=""auto"" lang=""EN-GB"" class=""TextRun SCXW149013769 BCX0""><span class=""NormalTextRun SCXW149013769 BCX0"">A cushiony cream-to-powder blush that gives the dreamiest flush of </span><span class=""NormalTextRun SpellingErrorV2Themed SCXW149013769 BCX0"">color</span><span class=""NormalTextRun SCXW149013769 BCX0""> with a lasting, blurred matte finish.</span></span><span class=""EOP SCXW149013769 BCX0"" data-ccp-props='{""335557856"":16777215,""335559737"":-20}'> </span></p>",Rare Beauty,,Cream Blush,non-returnable,TRUE,Shade,Happy,,,,,FGPSU50002F1,0,,0,deny,manual,27.00,,TRUE,TRUE,840122907180,,,,,,,,g,,,,,active
soft-pinch-matte-bouncy-blush,,"<p><meta charset=""utf-8""><meta charset=""utf-8""><span data-contrast=""auto"" lang=""EN-GB"" class=""TextRun SCXW149013769 BCX0""><span class=""NormalTextRun SCXW149013769 BCX0"">A cushiony cream-to-powder blush that gives the dreamiest flush of </span><span class=""NormalTextRun SpellingErrorV2Themed SCXW149013769 BCX0"">color</span><span class=""NormalTextRun SCXW149013769 BCX0""> with a lasting, blurred matte finish.</span></span><span class=""EOP SCXW149013769 BCX0"" data-ccp-props='{""335557856"":16777215,""335559737"":-20}'> </span></p>",Rare Beauty,,Cream Blush,non-returnable,TRUE,Shade,Spirited,,,,,FGPSU50009F1,0,,0,deny,manual,27.00,,TRUE,TRUE,840122909931,,,,,,,,g,,,,,active
soft-pinch-matte-bouncy-blush,,"<p><meta charset=""utf-8""><meta charset=""utf-8""><span data-contrast=""auto"" lang=""EN-GB"" class=""TextRun SCXW149013769 BCX0""><span class=""NormalTextRun SCXW149013769 BCX0"">A cushiony cream-to-powder blush that gives the dreamiest flush of </span><span class=""NormalTextRun SpellingErrorV2Themed SCXW149013769 BCX0"">color</span><span class=""NormalTextRun SCXW149013769 BCX0""> with a lasting, blurred matte finish.</span></span><span class=""EOP SCXW149013769 BCX0"" data-ccp-props='{""335557856"":16777215,""335559737"":-20}'> </span></p>",Rare Beauty,,Cream Blush,non-returnable,TRUE,Shade,Divine,,,,,FGPSU50010F1,0,,0,deny,manual,27.00,,TRUE,TRUE,840122909948,,,,,,,,g,,,,,active
soft-pinch-matte-bouncy-blush,,"<p><meta charset=""utf-8""><meta charset=""utf-8""><span data-contrast=""auto"" lang=""EN-GB"" class=""TextRun SCXW149013769 BCX0""><span class=""NormalTextRun SCXW149013769 BCX0"">A cushiony cream-to-powder blush that gives the dreamiest flush of </span><span class=""NormalTextRun SpellingErrorV2Themed SCXW149013769 BCX0"">color</span><span class=""NormalTextRun SCXW149013769 BCX0""> with a lasting, blurred matte finish.</span></span><span class=""EOP SCXW149013769 BCX0"" data-ccp-props='{""335557856"":16777215,""335559737"":-20}'> </span></p>",Rare Beauty,,Cream Blush,non-returnable,TRUE,Shade,Worth,,,,,FGPSU50003F1,0,,0,deny,manual,27.00,,TRUE,TRUE,840122907197,,,,,,,,g,,,,,active
soft-pinch-matte-bouncy-blush,,"<p><meta charset=""utf-8""><meta charset=""utf-8""><span data-contrast=""auto"" lang=""EN-GB"" class=""TextRun SCXW149013769 BCX0""><span class=""NormalTextRun SCXW149013769 BCX0"">A cushiony cream-to-powder blush that gives the dreamiest flush of </span><span class=""NormalTextRun SpellingErrorV2Themed SCXW149013769 BCX0"">color</span><span class=""NormalTextRun SCXW149013769 BCX0""> with a lasting, blurred matte finish.</span></span><span class=""EOP SCXW149013769 BCX0"" data-ccp-props='{""335557856"":16777215,""335559737"":-20}'> </span></p>",Rare Beauty,,Cream Blush,non-returnable,TRUE,Shade,Alive,,,,,FGPSU50006F1,0,,0,deny,manual,27.00,,TRUE,TRUE,840122908828,,,,,,,,g,,,,,active
soft-pinch-matte-bouncy-blush,,"<p><meta charset=""utf-8""><meta charset=""utf-8""><span data-contrast=""auto"" lang=""EN-GB"" class=""TextRun SCXW149013769 BCX0""><span class=""NormalTextRun SCXW149013769 BCX0"">A cushiony cream-to-powder blush that gives the dreamiest flush of </span><span class=""NormalTextRun SpellingErrorV2Themed SCXW149013769 BCX0"">color</span><span class=""NormalTextRun SCXW149013769 BCX0""> with a lasting, blurred matte finish.</span></span><span class=""EOP SCXW149013769 BCX0"" data-ccp-props='{""335557856"":16777215,""335559737"":-20}'> </span></p>",Rare Beauty,,Cream Blush,non-returnable,TRUE,Shade,Grateful,,,,,FGPSU50005F1,0,,0,deny,manual,27.00,,TRUE,TRUE,840122907210,,,,,,,,g,,,,,active
soft-pinch-matte-bouncy-blush,,"<p><meta charset=""utf-8""><meta charset=""utf-8""><span data-contrast=""auto"" lang=""EN-GB"" class=""TextRun SCXW149013769 BCX0""><span class=""NormalTextRun SCXW149013769 BCX0"">A cushiony cream-to-powder blush that gives the dreamiest flush of </span><span class=""NormalTextRun SpellingErrorV2Themed SCXW149013769 BCX0"">color</span><span class=""NormalTextRun SCXW149013769 BCX0""> with a lasting, blurred matte finish.</span></span><span class=""EOP SCXW149013769 BCX0"" data-ccp-props='{""335557856"":16777215,""335559737"":-20}'> </span></p>",Rare Beauty,,Cream Blush,non-returnable,TRUE,Shade,Thriving,,,,,FGPSU50007F1,0,,0,deny,manual,27.00,,TRUE,TRUE,840122908835,,,,,,,,g,,,,,active
soft-pinch-matte-bouncy-blush,,"<p><meta charset=""utf-8""><meta charset=""utf-8""><span data-contrast=""auto"" lang=""EN-GB"" class=""TextRun SCXW149013769 BCX0""><span class=""NormalTextRun SCXW149013769 BCX0"">A cushiony cream-to-powder blush that gives the dreamiest flush of </span><span class=""NormalTextRun SpellingErrorV2Themed SCXW149013769 BCX0"">color</span><span class=""NormalTextRun SCXW149013769 BCX0""> with a lasting, blurred matte finish.</span></span><span class=""EOP SCXW149013769 BCX0"" data-ccp-props='{""335557856"":16777215,""335559737"":-20}'> </span></p>",Rare Beauty,,Cream Blush,non-returnable,TRUE,Shade,Truth,,,,,FGPSU50004F1,0,,0,deny,manual,27.00,,TRUE,TRUE,840122907203,,,,,,,,g,,,,,active
soft-pinch-matte-bouncy-blush,,"<p><meta charset=""utf-8""><meta charset=""utf-8""><span data-contrast=""auto"" lang=""EN-GB"" class=""TextRun SCXW149013769 BCX0""><span class=""NormalTextRun SCXW149013769 BCX0"">A cushiony cream-to-powder blush that gives the dreamiest flush of </span><span class=""NormalTextRun SpellingErrorV2Themed SCXW149013769 BCX0"">color</span><span class=""NormalTextRun SCXW149013769 BCX0""> with a lasting, blurred matte finish.</span></span><span class=""EOP SCXW149013769 BCX0"" data-ccp-props='{""335557856"":16777215,""335559737"":-20}'> </span></p>",Rare Beauty,,Cream Blush,non-returnable,TRUE,Shade,Soulful,,,,,FGPSU50008F1,0,,0,deny,manual,27.00,,TRUE,TRUE,840122909924,,,,,,,,g,,,,,active
puffy-carryall-tote,Puffy Carryall Tote,"<p><meta charset=""utf-8""><span data-contrast=""auto"" lang=""EN-US"" class=""TextRun SCXW102001488 BCX0""><span class=""NormalTextRun SCXW102001488 BCX0"">A puffy, protective nylon tote designed for your day to day, with a roomy interior and plenty of pockets for everything from your laptop to your water bottle. </span></span></p>",Rare Beauty,,Bag,"Badge: Exclusive, non-returnable",TRUE,Title,Default Title,,,,,MKTBAG0021X1,0,,0,deny,manual,55.00,,TRUE,TRUE,840122908743,https://cdn.shopify.com/s/files/1/0314/1143/7703/files/ECOMM-PUFFY-CARRYALL-TOTE-PEACH-01.jpg?v=1762301521,1,,,,,,g,,,,,active
puffy-carryall-tote,,,,,,,,,,,,,,,,,,,,,,,,,https://cdn.shopify.com/s/files/1/0314/1143/7703/files/ECOMM-PUFFY-CARRYALL-TOTE-PEACH-04.jpg?v=1740077771,2,,,,,,,,,,,
puffy-carryall-tote,,,,,,,,,,,,,,,,,,,,,,,,,https://cdn.shopify.com/s/files/1/0314/1143/7703/files/ECOMM-PUFFY-CARRYALL-TOTE-PEACH-03.jpg?v=1740077771,3,,,,,,,,,,,
puffy-carryall-tote,,,,,,,,,,,,,,,,,,,,,,,,,https://cdn.shopify.com/s/files/1/0314/1143/7703/files/ECOMM-PUFFY-CARRYALL-TOTE-PEACH-02.jpg?v=1740077771,4,,,,,,,,,,,
puffy-carryall-tote,,,,,,,,,,,,,,,,,,,,,,,,,https://cdn.shopify.com/s/files/1/0314/1143/7703/files/ON-FIGURE-PUFFY-CARRYALL-TOTE-PEACH-01.jpg?v=1740077448,5,,,,,,,,,,,
puffy-carryall-tote,,,,,,,,,,,,,,,,,,,,,,,,,https://cdn.shopify.com/s/files/1/0314/1143/7703/files/ON-FIGURE-PUFFY-CARRYALL-TOTE-PEACH-02.jpg?v=1740077448,6,,,,,,,,,,,
liquid-contour-blush-luminizer-custom-set,"Liquid Contour, Blush, & Luminizer Custom Set","<p><meta charset=""utf-8""><span data-contrast=""auto"" lang=""EN-US"" class=""TextRun SCXW249400165 BCX0""><span class=""NormalTextRun SCXW249400165 BCX0"">Enhance all your favorite features with 3 full-size essentials in one easy bundle </span></span><span data-contrast=""none"" lang=""EN-US"" class=""TextRun SCXW249400165 BCX0""><span class=""NormalTextRun SCXW249400165 BCX0"">($80 value)</span></span><span data-contrast=""auto"" lang=""EN-US"" class=""TextRun SCXW249400165 BCX0""><span class=""NormalTextRun SCXW249400165 BCX0"">. Customize your set with your pick of contour, blush, and </span><span class=""NormalTextRun SpellingErrorV2Themed SCXW249400165 BCX0"">luminizer</span><span class=""NormalTextRun SCXW249400165 BCX0""> shades.</span></span></p>",Rare Beauty,,Bundle,non-returnable,TRUE,Title,Default Title,,,,,MASTERCLASS20,0,,0,deny,manual,66.40,83.00,TRUE,TRUE,,https://cdn.shopify.com/s/files/1/0314/1143/7703/files/ECOMM-LIQUID-CONTOUR-BLUSH-LUMINIZER-CUSTOM-SET-1.jpg?v=1768350496,1,,,,,,g,,,,,active
liquid-contour-blush-luminizer-custom-set,,,,,,,,,,,,,,,,,,,,,,,,,https://cdn.shopify.com/s/files/1/0314/1143/7703/files/APPLICATION-SOFT-PINCH-LIQUID-CONTOUR-SERENE.jpg?v=1768350496,2,,,,,,,,,,,
liquid-contour-blush-luminizer-custom-set,,,,,,,,,,,,,,,,,,,,,,,,,https://cdn.shopify.com/s/files/1/0314/1143/7703/files/APPLICATION-SOFT-PINCH-LIQUID-CONTOUR-MELLOW.jpg?v=1768350496,3,,,,,,,,,,,
liquid-contour-blush-luminizer-custom-set,,,,,,,,,,,,,,,,,,,,,,,,,https://cdn.shopify.com/s/files/1/0314/1143/7703/files/ARM-SWATCHES-SP-LIQUID-BLUSH.jpg?v=1768350622,4,,,,,,,,,,,
liquid-contour-blush-luminizer-custom-set,,,,,,,,,,,,,,,,,,,,,,,,,https://cdn.shopify.com/s/files/1/0314/1143/7703/files/pdp-dewy-blush-hack-grateful-enlighten_15fd0fa2-f6cf-4b1a-9817-93f049c70469.png?v=1768350496,5,,,,,,,,,,,
liquid-contour-blush-luminizer-custom-set,,,,,,,,,,,,,,,,,,,,,,,,,https://cdn.shopify.com/s/files/1/0314/1143/7703/files/SU25-ARM-SWATCHES-PL-LIQUID-LUMINIZER-1440x1952.jpg?v=1768350496,6,,,,,,,,,,,
find-comfort-travel-organizer,Find Comfort Travel Organizer,"<p><meta charset=""utf-8""><span class=""TextRun Highlight SCXW245401495 BCX0"" lang=""EN-US"" data-contrast=""auto""><span class=""NormalTextRun SCXW245401495 BCX0"">A structured makeup and toiletry bag designed to keep your essentials organized and accessible wherever you go. </span></span></p>",Rare Beauty,,Bag,"Badge: Exclusive, non-returnable",TRUE,Title,Default Title,,,,,MKTBAG0029X1,91,,0,deny,manual,30.00,,TRUE,TRUE,840122909153,https://cdn.shopify.com/s/files/1/0314/1143/7703/files/ECOMM-FIND-COMFORT-TRAVEL-ORGANIZER-01.jpg?v=1762303136,1,,,,,,g,,,,,active
find-comfort-travel-organizer,,,,,,,,,,,,,,,,,,,,,,,,,https://cdn.shopify.com/s/files/1/0314/1143/7703/files/ECOMM-FIND-COMFORT-TRAVEL-ORGANIZER-03.jpg?v=1750189108,2,,,,,,,,,,,
find-comfort-travel-organizer,,,,,,,,,,,,,,,,,,,,,,,,,https://cdn.shopify.com/s/files/1/0314/1143/7703/files/ECOMM-FIND-COMFORT-TRAVEL-ORGANIZER-02.jpg?v=1750189108,3,,,,,,,,,,,
silicone-sponge-case,Silicone Makeup Sponge Case,"<p><meta charset=""utf-8""><span data-contrast=""auto"" lang=""EN-GB"" class=""TextRun SCXW102131848 BCX0""><span class=""NormalTextRun SCXW102131848 BCX0"">A convertible silicone case that protects your makeup sponge on the go, then transforms into a chic stand to dry and display it on your vanity. Exclusive to RareBeauty.com</span></span></p>",Rare Beauty,,Sponge,non-returnable,TRUE,Title,Default Title,,,,,MKTBAG0023X1,0,,0,deny,manual,10.00,,TRUE,TRUE,840122908897,https://cdn.shopify.com/s/files/1/0314/1143/7703/files/ECOMM-SILICONE-SPONGE-CASE-01.jpg?v=1773453401,1,,,,,,g,,,,,active
silicone-sponge-case,,,,,,,,,,,,,,,,,,,,,,,,,https://cdn.shopify.com/s/files/1/0314/1143/7703/files/ECOMM-SILICONE-SPONGE-CASE-02.jpg?v=1773453401,2,,,,,,,,,,,
silicone-sponge-case,,,,,,,,,,,,,,,,,,,,,,,,,https://cdn.shopify.com/s/files/1/0314/1143/7703/files/ECOMM-SILICONE-SPONGE-CASE-03.jpg?v=1773453401,3,,,,,,,,,,,
find-comfort-body-hair-fragrance-mist-duo,Find Comfort Body & Hair Fragrance Mist Duo,"<p><meta charset=""utf-8""><span role=""presentation"" dir=""ltr"">Save 20% when you bundle our full</span><span role=""presentation"" dir=""ltr"">-</span><span role=""presentation"" dir=""ltr"">size fragrance mists in both signature scents. The original </span><span role=""presentation"" dir=""ltr"">Find Comfort mist features warm and cozy notes of soft cashmere and jasmine petals, while </span><span role=""presentation"" dir=""ltr"">Awaken Confidence is infused with joyful, vibrant bright notes of juicy</span><span role=""presentation"" dir=""ltr""> </span><span role=""presentation"" dir=""ltr"">peach and fresh flower </span><span role=""presentation"" dir=""ltr"">blossom. Online only.</span></p>",Rare Beauty,,Bundle,Badge: Exclusive,TRUE,Title,Default Title,,,,,FCMISTDUO20,0,,0,deny,manual,44.00,56.00,TRUE,TRUE,,https://cdn.shopify.com/s/files/1/0314/1143/7703/files/FIND-COMFORT-MIST-SET-1440x1952.jpg?v=1762303595,1,,,,,,g,,,,,active
find-comfort-body-hair-fragrance-mist-duo,,,,,,,,,,,,,,,,,,,,,,,,,https://cdn.shopify.com/s/files/1/0314/1143/7703/files/LIFESTYLE-AWAKEN-CONFIDENCE-BODY-HAIR-MIST.jpg?v=1732567904,2,,,,,,,,,,,
find-comfort-body-hair-fragrance-mist-duo,,,,,,,,,,,,,,,,,,,,,,,,,https://cdn.shopify.com/s/files/1/0314/1143/7703/files/CAMPAIGN-MODEL-AWAKEN-CONFIDENCE-BODY-HAIR-MIST.jpg?v=1747356991,3,,,,,,,,,,,
find-comfort-body-hair-fragrance-mist-duo,,,,,,,,,,,,,,,,,,,,,,,,,https://cdn.shopify.com/s/files/1/0314/1143/7703/files/PDP-USAGE-AWAKEN-CONFIDENCE-BODY-HAIR-MIST.jpg?v=1747356991,4,,,,,,,,,,,
soft-pinch-tinted-lip-oil-mini,Soft Pinch Tinted Lip Oil Mini,"<p><meta charset=""utf-8""><span data-contrast=""auto"" lang=""EN-US"" class=""TextRun SCXW18454202 BCX0""><span class=""NormalTextRun SCXW18454202 BCX0"">Now in a mini size for a limited time only! This innovative jelly-to-oil formula starts off glossy and leaves lips tinted while gently plumping and staying comfortable—never sticky—all day.</span></span></p>",Rare Beauty,,Lip Oil,non-returnable,TRUE,Shade,Hope,,,,,FGPSPO0006M1,0,,0,deny,manual,15.00,,TRUE,TRUE,840122908446,https://cdn.shopify.com/s/files/1/0314/1143/7703/files/ECOMM-MINI-SP-TINTED-LIP-OIL-HOPE-PRODUCT-BOX.jpg?v=1762303834,1,,,,,,g,,,,,active
soft-pinch-tinted-lip-oil-mini,,,,,,,,,,,,,,,,,,,,,,,,,https://cdn.shopify.com/s/files/1/0314/1143/7703/files/MACRO-SP-TINTED-LIP-OIL-HOPE-1440x1952.jpg?v=1747965564,2,,,,,,,,,,,
soft-pinch-tinted-lip-oil-mini,,,,,,,,,,,,,,,,,,,,,,,,,https://cdn.shopify.com/s/files/1/0314/1143/7703/files/SWATCH-SP-TINTED-LIP-OIL-MINI-HOPE-1440x1952.png?v=1747965564,3,,,,,,,,,,,
soft-pinch-tinted-lip-oil-mini,,,,,,,,,,,,,,,,,,,,,,,,,https://cdn.shopify.com/s/files/1/0314/1143/7703/files/ECOMM-MINI-SP-TINTED-LIP-OIL-HOPE-PRODUCT.jpg?v=1747965564,4,,,,,,,,,,,
soft-pinch-tinted-lip-oil-mini,,,,,,,,,,,,,,,,,,,,,,,,,https://cdn.shopify.com/s/files/1/0314/1143/7703/files/ECOMM-MINI-SP-TINTED-LIP-OIL-HOPE-BOX.jpg?v=1747965564,5,,,,,,,,,,,
soft-pinch-tinted-lip-oil-mini,,,,,,,,,,,,,,,,,,,,,,,,,https://cdn.shopify.com/s/files/1/0314/1143/7703/files/ECOMM-MINI-SP-TINTED-LIP-OIL-HAPPY-PRODUCT-BOX.jpg?v=1747965564,6,,,,,,,,,,,
soft-pinch-tinted-lip-oil-mini,,,,,,,,,,,,,,,,,,,,,,,,,https://cdn.shopify.com/s/files/1/0314/1143/7703/files/MACRO-SP-TINTED-LIP-OIL-HAPPY-1440x1952.jpg?v=1747965564,7,,,,,,,,,,,
soft-pinch-tinted-lip-oil-mini,,,,,,,,,,,,,,,,,,,,,,,,,https://cdn.shopify.com/s/files/1/0314/1143/7703/files/SWATCH-SP-TINTED-LIP-OIL-MINI-HAPPY-1440x1952.png?v=1747965564,8,,,,,,,,,,,
soft-pinch-tinted-lip-oil-mini,,,,,,,,,,,,,,,,,,,,,,,,,https://cdn.shopify.com/s/files/1/0314/1143/7703/files/ECOMM-MINI-SP-TINTED-LIP-OIL-HAPPY-PRODUCT.jpg?v=1747965564,9,,,,,,,,,,,
soft-pinch-tinted-lip-oil-mini,,,,,,,,,,,,,,,,,,,,,,,,,https://cdn.shopify.com/s/files/1/0314/1143/7703/files/ECOMM-MINI-SP-TINTED-LIP-OIL-HAPPY-BOX.jpg?v=1747965564,10,,,,,,,,,,,
soft-pinch-tinted-lip-oil-mini,,,,,,,,,,,,,,,,,,,,,,,,,https://cdn.shopify.com/s/files/1/0314/1143/7703/files/ECOMM-MINI-SP-TINTED-LIP-OIL-WONDER-PRODUCT-BOX.jpg?v=1747965564,11,,,,,,,,,,,
soft-pinch-tinted-lip-oil-mini,,,,,,,,,,,,,,,,,,,,,,,,,https://cdn.shopify.com/s/files/1/0314/1143/7703/files/MACRO-SP-TINTED-LIP-OIL-WONDER-1440x1952.jpg?v=1747965564,12,,,,,,,,,,,
soft-pinch-tinted-lip-oil-mini,,,,,,,,,,,,,,,,,,,,,,,,,https://cdn.shopify.com/s/files/1/0314/1143/7703/files/SWATCH-SP-TINTED-LIP-OIL-MINI-1440x1952.png?v=1747965564,13,,,,,,,,,,,
soft-pinch-tinted-lip-oil-mini,,,,,,,,,,,,,,,,,,,,,,,,,https://cdn.shopify.com/s/files/1/0314/1143/7703/files/ECOMM-MINI-SP-TINTED-LIP-OIL-WONDER-PRODUCT.jpg?v=1747965564,14,,,,,,,,,,,
soft-pinch-tinted-lip-oil-mini,,,,,,,,,,,,,,,,,,,,,,,,,https://cdn.shopify.com/s/files/1/0314/1143/7703/files/ECOMM-MINI-SP-TINTED-LIP-OIL-WONDER-BOX.jpg?v=1747965564,15,,,,,,,,,,,
soft-pinch-tinted-lip-oil-mini,,,,,,,,,,,,,,,,,,,,,,,,,https://cdn.shopify.com/s/files/1/0314/1143/7703/files/ECOMM-MINI-SP-TINTED-LIP-OIL-DELIGHT-PRODUCT-BOX.jpg?v=1747965564,16,,,,,,,,,,,
soft-pinch-tinted-lip-oil-mini,,,,,,,,,,,,,,,,,,,,,,,,,https://cdn.shopify.com/s/files/1/0314/1143/7703/files/MACRO-SP-TINTED-LIP-OIL-DELIGHT-1440x1952.jpg?v=1747965564,17,,,,,,,,,,,
soft-pinch-tinted-lip-oil-mini,,,,,,,,,,,,,,,,,,,,,,,,,https://cdn.shopify.com/s/files/1/0314/1143/7703/files/SWATCH-SP-TINTED-LIP-OIL-DELIGHT-MINI-1440x1952.png?v=1747965564,18,,,,,,,,,,,
soft-pinch-tinted-lip-oil-mini,,,,,,,,,,,,,,,,,,,,,,,,,https://cdn.shopify.com/s/files/1/0314/1143/7703/files/ECOMM-MINI-SP-TINTED-LIP-OIL-DELIGHT-PRODUCT.jpg?v=1747965564,19,,,,,,,,,,,
soft-pinch-tinted-lip-oil-mini,,,,,,,,,,,,,,,,,,,,,,,,,https://cdn.shopify.com/s/files/1/0314/1143/7703/files/ECOMM-MINI-SP-TINTED-LIP-OIL-DELIGHT-BOX.jpg?v=1747965564,20,,,,,,,,,,,
soft-pinch-tinted-lip-oil-mini,,,,,,,,,,,,,,,,,,,,,,,,,https://cdn.shopify.com/s/files/1/0314/1143/7703/files/ECOMM-MINI-SP-TINTED-LIP-OIL-HONESTY-PRODUCT-BOX.jpg?v=1747965564,21,,,,,,,,,,,
soft-pinch-tinted-lip-oil-mini,,,,,,,,,,,,,,,,,,,,,,,,,https://cdn.shopify.com/s/files/1/0314/1143/7703/files/MACRO-SP-TINTED-LIP-OIL-HONESTY-1440x1952.jpg?v=1747965564,22,,,,,,,,,,,
soft-pinch-tinted-lip-oil-mini,,,,,,,,,,,,,,,,,,,,,,,,,https://cdn.shopify.com/s/files/1/0314/1143/7703/files/SWATCH-SP-TINTED-LIP-OIL-HONESTY-MINI-1440x1952.png?v=1747965564,23,,,,,,,,,,,
soft-pinch-tinted-lip-oil-mini,,,,,,,,,,,,,,,,,,,,,,,,,https://cdn.shopify.com/s/files/1/0314/1143/7703/files/ECOMM-MINI-SP-TINTED-LIP-OIL-HONESTY-PRODUCT.jpg?v=1747965564,24,,,,,,,,,,,
soft-pinch-tinted-lip-oil-mini,,,,,,,,,,,,,,,,,,,,,,,,,https://cdn.shopify.com/s/files/1/0314/1143/7703/files/ECOMM-MINI-SP-TINTED-LIP-OIL-HONESTY-BOX.jpg?v=1747965564,25,,,,,,,,,,,
soft-pinch-tinted-lip-oil-mini,,,,,,,,,,,,,,,,,,,,,,,,,https://cdn.shopify.com/s/files/1/0314/1143/7703/files/ARM-SWATCHES-MINI-SP-TINTED-LIP-OIL_1440x1952_6af5f99f-f374-408f-b5dd-577ca6095e2d.jpg?v=1747965646,26,,,,,,,,,,,
soft-pinch-tinted-lip-oil-mini,,"<p><meta charset=""utf-8""><span data-contrast=""auto"" lang=""EN-US"" class=""TextRun SCXW18454202 BCX0""><span class=""NormalTextRun SCXW18454202 BCX0"">Now in a mini size for a limited time only! This innovative jelly-to-oil formula starts off glossy and leaves lips tinted while gently plumping and staying comfortable—never sticky—all day.</span></span></p>",Rare Beauty,,Lip Oil,non-returnable,TRUE,Shade,Happy,,,,,FGPSPO0003M1,17,,0,deny,manual,15.00,,TRUE,TRUE,840122908439,,,,,,,,g,,,,,active
soft-pinch-tinted-lip-oil-mini,,"<p><meta charset=""utf-8""><span data-contrast=""auto"" lang=""EN-US"" class=""TextRun SCXW18454202 BCX0""><span class=""NormalTextRun SCXW18454202 BCX0"">Now in a mini size for a limited time only! This innovative jelly-to-oil formula starts off glossy and leaves lips tinted while gently plumping and staying comfortable—never sticky—all day.</span></span></p>",Rare Beauty,,Lip Oil,non-returnable,TRUE,Shade,Wonder,,,,,FGPSPO0007M1,0,,0,deny,manual,15.00,,TRUE,TRUE,840122908453,,,,,,,,g,,,,,active
soft-pinch-tinted-lip-oil-mini,,"<p><meta charset=""utf-8""><span data-contrast=""auto"" lang=""EN-US"" class=""TextRun SCXW18454202 BCX0""><span class=""NormalTextRun SCXW18454202 BCX0"">Now in a mini size for a limited time only! This innovative jelly-to-oil formula starts off glossy and leaves lips tinted while gently plumping and staying comfortable—never sticky—all day.</span></span></p>",Rare Beauty,,Lip Oil,non-returnable,TRUE,Shade,Delight,,,,,FGPSPO0005M1,0,,0,deny,manual,15.00,,TRUE,TRUE,840122908460,,,,,,,,g,,,,,active
soft-pinch-tinted-lip-oil-mini,,"<p><meta charset=""utf-8""><span data-contrast=""auto"" lang=""EN-US"" class=""TextRun SCXW18454202 BCX0""><span class=""NormalTextRun SCXW18454202 BCX0"">Now in a mini size for a limited time only! This innovative jelly-to-oil formula starts off glossy and leaves lips tinted while gently plumping and staying comfortable—never sticky—all day.</span></span></p>",Rare Beauty,,Lip Oil,non-returnable,TRUE,Shade,Honesty,,,,,FGPSPO0008M1,0,,0,deny,manual,15.00,,TRUE,TRUE,840122908477,,,,,,,,g,,,,,active
positive-light-luminizing-lip-gloss,Positive Light Luminizing Lip Gloss,"<p><meta charset=""utf-8""><meta charset=""utf-8""><span data-teams=""true"">A smooth, glassy lip gloss that drips with shimmer and shine while hydrating lips instantly and over time.</span><br></p>",Rare Beauty,,Lip Gloss,non-returnable,TRUE,Shade,Dazzle,,,,,FGPSU50021F1,57,,0,deny,manual,20.00,,TRUE,TRUE,840122908613,https://cdn.shopify.com/s/files/1/0314/1143/7703/files/ECOMM-POSITIVE-LIGHT-LUMINIZING-LIP-GLOSS-DAZZLE.jpg?v=1762303835,1,,,,,,g,,,,,active
positive-light-luminizing-lip-gloss,,,,,,,,,,,,,,,,,,,,,,,,,https://cdn.shopify.com/s/files/1/0314/1143/7703/files/ON-FIGURE-PL-LUMINIZING-LIP-GLOSS-DAZZLE.jpg?v=1751402447,2,,,,,,,,,,,
positive-light-luminizing-lip-gloss,,,,,,,,,,,,,,,,,,,,,,,,,https://cdn.shopify.com/s/files/1/0314/1143/7703/files/POSITIVE-LIGHT-LUMINIZING-LIP-GLOSS-MACRO-GRID-DAZZLE.jpg?v=1751402447,3,,,,,,,,,,,
positive-light-luminizing-lip-gloss,,,,,,,,,,,,,,,,,,,,,,,,,https://cdn.shopify.com/s/files/1/0314/1143/7703/files/SHADE-GRIDS-PL-LUMINIZING-LIP-GLOSS-DAZZLE.jpg?v=1755192734,4,,,,,,,,,,,
positive-light-luminizing-lip-gloss,,,,,,,,,,,,,,,,,,,,,,,,,https://cdn.shopify.com/s/files/1/0314/1143/7703/files/PL-LUMINIZING-LIP-GLOSS-SWATCH-DAZZLE.jpg?v=1751499827,5,,,,,,,,,,,
positive-light-luminizing-lip-gloss,,,,,,,,,,,,,,,,,,,,,,,,,https://cdn.shopify.com/s/files/1/0314/1143/7703/files/CAMPAIGN-CANDIDS-KAREN-PL-LUMINIZING-LIP-GLOSS-DAZZLE-02.jpg?v=1751499827,6,,,,,,,,,,,
positive-light-luminizing-lip-gloss,,,,,,,,,,,,,,,,,,,,,,,,,https://cdn.shopify.com/s/files/1/0314/1143/7703/files/CAMPAIGN-CANDIDS-KAREN-PL-LUMINIZING-LIP-GLOSS-DAZZLE-01.jpg?v=1751499827,7,,,,,,,,,,,
positive-light-luminizing-lip-gloss,,,,,,,,,,,,,,,,,,,,,,,,,https://cdn.shopify.com/s/files/1/0314/1143/7703/files/SWATCH-POSITIVE-LIGHT-LUMINIZING-LIP-GLOSS-DAZZLE.png?v=1751499827,8,,,,,,,,,,,
positive-light-luminizing-lip-gloss,,,,,,,,,,,,,,,,,,,,,,,,,https://cdn.shopify.com/s/files/1/0314/1143/7703/files/ECOMM-POSITIVE-LIGHT-LUMINIZING-LIP-GLOSS-BEAM.jpg?v=1751499827,9,,,,,,,,,,,
positive-light-luminizing-lip-gloss,,,,,,,,,,,,,,,,,,,,,,,,,https://cdn.shopify.com/s/files/1/0314/1143/7703/files/CAMPAIGN-SELENA-PL-LUMINIZING-LIP-GLOSS-BEAM-01.jpg?v=1755192734,10,,,,,,,,,,,
positive-light-luminizing-lip-gloss,,,,,,,,,,,,,,,,,,,,,,,,,https://cdn.shopify.com/s/files/1/0314/1143/7703/files/POSITIVE-LIGHT-LUMINIZING-LIP-GLOSS-MACRO-GRID-BEAM.jpg?v=1751499827,11,,,,,,,,,,,
positive-light-luminizing-lip-gloss,,,,,,,,,,,,,,,,,,,,,,,,,https://cdn.shopify.com/s/files/1/0314/1143/7703/files/SHADE-GRIDS-PL-LUMINIZING-LIP-GLOSS-BEAM.jpg?v=1755192734,12,,,,,,,,,,,
positive-light-luminizing-lip-gloss,,,,,,,,,,,,,,,,,,,,,,,,,https://cdn.shopify.com/s/files/1/0314/1143/7703/files/PL-LUMINIZING-LIP-GLOSS-SWATCH-BEAM.jpg?v=1751499827,13,,,,,,,,,,,
positive-light-luminizing-lip-gloss,,,,,,,,,,,,,,,,,,,,,,,,,https://cdn.shopify.com/s/files/1/0314/1143/7703/files/ON-FIGURE-PL-LUMINIZING-LIP-GLOSS-BEAM.jpg?v=1751499827,14,,,,,,,,,,,
positive-light-luminizing-lip-gloss,,,,,,,,,,,,,,,,,,,,,,,,,https://cdn.shopify.com/s/files/1/0314/1143/7703/files/SWATCH-POSITIVE-LIGHT-LUMINIZING-LIP-GLOSS-BEAM.png?v=1751499827,15,,,,,,,,,,,
positive-light-luminizing-lip-gloss,,,,,,,,,,,,,,,,,,,,,,,,,https://cdn.shopify.com/s/files/1/0314/1143/7703/files/ECOMM-POSITIVE-LIGHT-LUMINIZING-LIP-GLOSS-FLICKER.jpg?v=1751499827,16,,,,,,,,,,,
positive-light-luminizing-lip-gloss,,,,,,,,,,,,,,,,,,,,,,,,,https://cdn.shopify.com/s/files/1/0314/1143/7703/files/ON-FIGURE-PL-LUMINIZING-LIP-GLOSS-FLICKER.jpg?v=1751499827,17,,,,,,,,,,,
positive-light-luminizing-lip-gloss,,,,,,,,,,,,,,,,,,,,,,,,,https://cdn.shopify.com/s/files/1/0314/1143/7703/files/POSITIVE-LIGHT-LUMINIZING-LIP-GLOSS-MACRO-GRID-FLICKER.jpg?v=1751499827,18,,,,,,,,,,,
positive-light-luminizing-lip-gloss,,,,,,,,,,,,,,,,,,,,,,,,,https://cdn.shopify.com/s/files/1/0314/1143/7703/files/SHADE-GRIDS-PL-LUMINIZING-LIP-GLOSS-FLICKER.jpg?v=1755192734,19,,,,,,,,,,,
positive-light-luminizing-lip-gloss,,,,,,,,,,,,,,,,,,,,,,,,,https://cdn.shopify.com/s/files/1/0314/1143/7703/files/PL-LUMINIZING-LIP-GLOSS-SWATCH-FLICKER.jpg?v=1751499827,20,,,,,,,,,,,
positive-light-luminizing-lip-gloss,,,,,,,,,,,,,,,,,,,,,,,,,https://cdn.shopify.com/s/files/1/0314/1143/7703/files/SWATCH-POSITIVE-LIGHT-LUMINIZING-LIP-GLOSS-FLICKER.png?v=1751499827,21,,,,,,,,,,,
positive-light-luminizing-lip-gloss,,,,,,,,,,,,,,,,,,,,,,,,,https://cdn.shopify.com/s/files/1/0314/1143/7703/files/ECOMM-POSITIVE-LIGHT-LUMINIZING-LIP-GLOSS-GLIMMER.jpg?v=1751499827,22,,,,,,,,,,,
positive-light-luminizing-lip-gloss,,,,,,,,,,,,,,,,,,,,,,,,,https://cdn.shopify.com/s/files/1/0314/1143/7703/files/CAMPAIGN-CANDIDS-MICHAELA-PL-LUMINIZING-LIP-GLOSS-GLIMMER-01.jpg?v=1751499827,23,,,,,,,,,,,
positive-light-luminizing-lip-gloss,,,,,,,,,,,,,,,,,,,,,,,,,https://cdn.shopify.com/s/files/1/0314/1143/7703/files/POSITIVE-LIGHT-LUMINIZING-LIP-GLOSS-MACRO-GRID-GLIMMER.jpg?v=1751499827,24,,,,,,,,,,,
positive-light-luminizing-lip-gloss,,,,,,,,,,,,,,,,,,,,,,,,,https://cdn.shopify.com/s/files/1/0314/1143/7703/files/SHADE-GRIDS-PL-LUMINIZING-LIP-GLOSS-GLIMMER.jpg?v=1755192734,25,,,,,,,,,,,
positive-light-luminizing-lip-gloss,,,,,,,,,,,,,,,,,,,,,,,,,https://cdn.shopify.com/s/files/1/0314/1143/7703/files/CAMPAIGN-CANDIDS-MICHAELA-PL-LUMINIZING-LIP-GLOSS-GLIMMER-02.jpg?v=1751499827,26,,,,,,,,,,,
positive-light-luminizing-lip-gloss,,,,,,,,,,,,,,,,,,,,,,,,,https://cdn.shopify.com/s/files/1/0314/1143/7703/files/PL-LUMINIZING-LIP-GLOSS-SWATCH-GLIMMER.jpg?v=1751499827,27,,,,,,,,,,,
positive-light-luminizing-lip-gloss,,,,,,,,,,,,,,,,,,,,,,,,,https://cdn.shopify.com/s/files/1/0314/1143/7703/files/PL-LUMINIZING-LIP-GLOSS-DOEFOOT-GLIMMER.jpg?v=1751499827,28,,,,,,,,,,,
positive-light-luminizing-lip-gloss,,,,,,,,,,,,,,,,,,,,,,,,,https://cdn.shopify.com/s/files/1/0314/1143/7703/files/ON-FIGURE-PL-LUMINIZING-LIP-GLOSS-GLIMMER.jpg?v=1751499827,29,,,,,,,,,,,
positive-light-luminizing-lip-gloss,,,,,,,,,,,,,,,,,,,,,,,,,https://cdn.shopify.com/s/files/1/0314/1143/7703/files/SWATCH-POSITIVE-LIGHT-LUMINIZING-LIP-GLOSS-GLIMMER.png?v=1751499827,30,,,,,,,,,,,
positive-light-luminizing-lip-gloss,,,,,,,,,,,,,,,,,,,,,,,,,https://cdn.shopify.com/s/files/1/0314/1143/7703/files/ECOMM-POSITIVE-LIGHT-LUMINIZING-LIP-GLOSS-SPARK.jpg?v=1751499827,31,,,,,,,,,,,
positive-light-luminizing-lip-gloss,,,,,,,,,,,,,,,,,,,,,,,,,https://cdn.shopify.com/s/files/1/0314/1143/7703/files/CAMPAIGN-CANDIDS-KIARA-PL-LUMINIZING-LIP-GLOSS-SPARK.jpg?v=1751499827,32,,,,,,,,,,,
positive-light-luminizing-lip-gloss,,,,,,,,,,,,,,,,,,,,,,,,,https://cdn.shopify.com/s/files/1/0314/1143/7703/files/POSITIVE-LIGHT-LUMINIZING-LIP-GLOSS-MACRO-GRID-SPARK.jpg?v=1751499827,33,,,,,,,,,,,
positive-light-luminizing-lip-gloss,,,,,,,,,,,,,,,,,,,,,,,,,https://cdn.shopify.com/s/files/1/0314/1143/7703/files/SHADE-GRIDS-PL-LUMINIZING-LIP-GLOSS-SPARK.jpg?v=1755192734,34,,,,,,,,,,,
positive-light-luminizing-lip-gloss,,,,,,,,,,,,,,,,,,,,,,,,,https://cdn.shopify.com/s/files/1/0314/1143/7703/files/PL-LUMINIZING-LIP-GLOSS-SWATCH-SPARK.jpg?v=1751499827,35,,,,,,,,,,,
positive-light-luminizing-lip-gloss,,,,,,,,,,,,,,,,,,,,,,,,,https://cdn.shopify.com/s/files/1/0314/1143/7703/files/SWATCH-POSITIVE-LIGHT-LUMINIZING-LIP-GLOSS-SPARK.png?v=1751499827,36,,,,,,,,,,,
positive-light-luminizing-lip-gloss,,,,,,,,,,,,,,,,,,,,,,,,,https://cdn.shopify.com/s/files/1/0314/1143/7703/files/ECOMM-POSITIVE-LIGHT-LUMINIZING-LIP-GLOSS-BLAZE.jpg?v=1751499827,37,,,,,,,,,,,
positive-light-luminizing-lip-gloss,,,,,,,,,,,,,,,,,,,,,,,,,https://cdn.shopify.com/s/files/1/0314/1143/7703/files/CAMPAIGN-CANDIDS-AISSA-PL-LUMINIZING-LIP-GLOSS-BLAZE-01.jpg?v=1751499827,38,,,,,,,,,,,
positive-light-luminizing-lip-gloss,,,,,,,,,,,,,,,,,,,,,,,,,https://cdn.shopify.com/s/files/1/0314/1143/7703/files/POSITIVE-LIGHT-LUMINIZING-LIP-GLOSS-MACRO-GRID-BLAZE.jpg?v=1751499827,39,,,,,,,,,,,
positive-light-luminizing-lip-gloss,,,,,,,,,,,,,,,,,,,,,,,,,https://cdn.shopify.com/s/files/1/0314/1143/7703/files/SHADE-GRIDS-PL-LUMINIZING-LIP-GLOSS-BLAZE.jpg?v=1755192734,40,,,,,,,,,,,
positive-light-luminizing-lip-gloss,,,,,,,,,,,,,,,,,,,,,,,,,https://cdn.shopify.com/s/files/1/0314/1143/7703/files/PL-LUMINIZING-LIP-GLOSS-SWATCH-BLAZE.jpg?v=1751499827,41,,,,,,,,,,,
positive-light-luminizing-lip-gloss,,,,,,,,,,,,,,,,,,,,,,,,,https://cdn.shopify.com/s/files/1/0314/1143/7703/files/ON-FIGURE-PL-LUMINIZING-LIP-GLOSS-BLAZE.jpg?v=1751499827,42,,,,,,,,,,,
positive-light-luminizing-lip-gloss,,,,,,,,,,,,,,,,,,,,,,,,,https://cdn.shopify.com/s/files/1/0314/1143/7703/files/CAMPAIGN-CANDIDS-AISSA-PL-LUMINIZING-LIP-GLOSS-BLAZE-02.jpg?v=1751499827,43,,,,,,,,,,,
positive-light-luminizing-lip-gloss,,,,,,,,,,,,,,,,,,,,,,,,,https://cdn.shopify.com/s/files/1/0314/1143/7703/files/SWATCH-POSITIVE-LIGHT-LUMINIZING-LIP-GLOSS-BLAZE.png?v=1751499827,44,,,,,,,,,,,
positive-light-luminizing-lip-gloss,,"<p><meta charset=""utf-8""><meta charset=""utf-8""><span data-teams=""true"">A smooth, glassy lip gloss that drips with shimmer and shine while hydrating lips instantly and over time.</span><br></p>",Rare Beauty,,Lip Gloss,non-returnable,TRUE,Shade,Beam,,,,,FGPSU50022F1,0,,0,deny,manual,20.00,,TRUE,TRUE,840122908620,,,,,,,,g,,,,,active
positive-light-luminizing-lip-gloss,,"<p><meta charset=""utf-8""><meta charset=""utf-8""><span data-teams=""true"">A smooth, glassy lip gloss that drips with shimmer and shine while hydrating lips instantly and over time.</span><br></p>",Rare Beauty,,Lip Gloss,non-returnable,TRUE,Shade,Flicker,,,,,FGPSU50023F1,0,,0,deny,manual,20.00,,TRUE,TRUE,840122908637,,,,,,,,g,,,,,active
positive-light-luminizing-lip-gloss,,"<p><meta charset=""utf-8""><meta charset=""utf-8""><span data-teams=""true"">A smooth, glassy lip gloss that drips with shimmer and shine while hydrating lips instantly and over time.</span><br></p>",Rare Beauty,,Lip Gloss,non-returnable,TRUE,Shade,Glimmer,,,,,FGPSU50024F1,0,,0,deny,manual,20.00,,TRUE,TRUE,840122908644,,,,,,,,g,,,,,active
positive-light-luminizing-lip-gloss,,"<p><meta charset=""utf-8""><meta charset=""utf-8""><span data-teams=""true"">A smooth, glassy lip gloss that drips with shimmer and shine while hydrating lips instantly and over time.</span><br></p>",Rare Beauty,,Lip Gloss,non-returnable,TRUE,Shade,Spark,,,,,FGPSU50025F1,0,,0,deny,manual,20.00,,TRUE,TRUE,840122908651,,,,,,,,g,,,,,active
positive-light-luminizing-lip-gloss,,"<p><meta charset=""utf-8""><meta charset=""utf-8""><span data-teams=""true"">A smooth, glassy lip gloss that drips with shimmer and shine while hydrating lips instantly and over time.</span><br></p>",Rare Beauty,,Lip Gloss,non-returnable,TRUE,Shade,Blaze,,,,,FGPSU50026F1,0,,0,deny,manual,20.00,,TRUE,TRUE,840122908668,,,,,,,,g,,,,,active
mascara-brow-gel-duo,Mascara & Brow Gel Duo,"<p><meta charset=""utf-8""><span class=""NormalTextRun SCXW11020829 BCX0"">Two full-size </span><span class=""NormalTextRun ContextualSpellingAndGrammarErrorV2Themed SCXW11020829 BCX0"">lash</span><span class=""NormalTextRun SCXW11020829 BCX0""> and </span><span class=""NormalTextRun SCXW11020829 BCX0"">brow</span><span class=""NormalTextRun SCXW11020829 BCX0""> essentials in one easy bundle, featuring Perfect Strokes Universal Volumizing Mascara in black and a universal clear Brow Harmony Flexible Lifting Gel. Online only.</span></p>",Rare Beauty,,Bundle,,TRUE,Title,Default Title,,,,,MASCARABROW20,0,,0,deny,manual,36.00,45.00,TRUE,TRUE,,https://cdn.shopify.com/s/files/1/0314/1143/7703/files/ECOMM-MASCARA-BROW-GEL-DUO.jpg?v=1762303943,1,,,,,,g,,,,,active
mascara-brow-gel-duo,,,,,,,,,,,,,,,,,,,,,,,,,https://cdn.shopify.com/s/files/1/0314/1143/7703/files/CAMPAIGN-SELENA-PERFECT-STROKES-MASCARA-02.jpg?v=1748885879,2,,,,,,,,,,,
mascara-brow-gel-duo,,,,,,,,,,,,,,,,,,,,,,,,,https://cdn.shopify.com/s/files/1/0314/1143/7703/files/BEFORE-AFTER-MASCARA-BROW-GEL-DUO-HAILEY.jpg?v=1748885883,3,,,,,,,,,,,
mascara-brow-gel-duo,,,,,,,,,,,,,,,,,,,,,,,,,https://cdn.shopify.com/s/files/1/0314/1143/7703/files/BEFORE-AFTER-MASCARA-BROW-GEL-DUO-ISABELLE.jpg?v=1748885883,4,,,,,,,,,,,
mascara-brow-gel-duo,,,,,,,,,,,,,,,,,,,,,,,,,https://cdn.shopify.com/s/files/1/0314/1143/7703/files/BEFORE-AFTER-MASCARA-BROW-GEL-DUO-CARLOTTA.jpg?v=1748885883,5,,,,,,,,,,,
mascara-brow-gel-duo,,,,,,,,,,,,,,,,,,,,,,,,,https://cdn.shopify.com/s/files/1/0314/1143/7703/files/BEFORE-AFTER-MASCARA-BROW-GEL-DUO-VITORIA.jpg?v=1748885883,6,,,,,,,,,,,
mascara-brow-gel-duo,,,,,,,,,,,,,,,,,,,,,,,,,https://cdn.shopify.com/s/files/1/0314/1143/7703/products/Full-Size-Mascara-Open-SKU.jpg?v=1762274172,7,,,,,,,,,,,
mascara-brow-gel-duo,,,,,,,,,,,,,,,,,,,,,,,,,https://cdn.shopify.com/s/files/1/0314/1143/7703/files/brow-harmony-flexible-lifting-gel-1440x1952.jpg?v=1762287798,8,,,,,,,,,,,
rare-eau-de-parfum,Rare Eau de Parfum,"<p><meta charset=""utf-8""><span data-contrast=""auto"" lang=""EN-GB"" class=""TextRun SCXW254588606 BCX0""><span class=""NormalTextRun SCXW254588606 BCX0"">Warm and decadent with a touch of spice, Rare Eau de Parfum welcomes you with notes of creamy caramel and pistachio, gives way to an unexpected duality of rich vanilla and spicy ginger, then dries down to an earthy sandalwood. Bright yet deep, familiar yet unexpected, this is a fragrance that evolves with every passing moment, lingering for up to 12 hours. </span></span></p>",Rare Beauty,,Fragrance,non-returnable,TRUE,Size,50 mL,,,,,FGPFA50001F1,207,,0,deny,manual,75.00,,TRUE,TRUE,840122907616,https://cdn.shopify.com/s/files/1/0314/1143/7703/files/ECOMM-RARE-EAU-DE-PARFUM-01.jpg?v=1753218416,1,,,,,,g,,,,,active
rare-eau-de-parfum,,,,,,,,,,,,,,,,,,,,,,,,,https://cdn.shopify.com/s/files/1/0314/1143/7703/files/CAMPAIGN-SELENA-EDP-01.jpg?v=1753987182,2,,,,,,,,,,,
rare-eau-de-parfum,,,,,,,,,,,,,,,,,,,,,,,,,https://cdn.shopify.com/s/files/1/0314/1143/7703/files/STYLIZED-EDP-KEY-NOTES_f4e2c1d6-7b34-4ec7-a667-a2592b2a3df6.jpg?v=1753799656,3,,,,,,,,,,,
rare-eau-de-parfum,,,,,,,,,,,,,,,,,,,,,,,,,https://cdn.shopify.com/s/files/1/0314/1143/7703/files/ON-FIGURE-RARE-EAU-DE-PARFUM-APPLICATION-NECK-V1.jpg?v=1753799656,4,,,,,,,,,,,
rare-eau-de-parfum,,,,,,,,,,,,,,,,,,,,,,,,,https://cdn.shopify.com/s/files/1/0314/1143/7703/files/ON-FIGURE-EDP-ACCESSIBILITY.jpg?v=1774379112,5,,,,,,,,,,,
rare-eau-de-parfum,,,,,,,,,,,,,,,,,,,,,,,,,https://cdn.shopify.com/s/files/1/0314/1143/7703/files/STYLIZED-FRAGRANCE-COLLECTION.jpg?v=1753799656,6,,,,,,,,,,,
rare-eau-de-parfum,,,,,,,,,,,,,,,,,,,,,,,,,https://cdn.shopify.com/s/files/1/0314/1143/7703/files/CAMPAIGN-SELENA-EDP-02.jpg?v=1774379112,7,,,,,,,,,,,
rare-eau-de-parfum,,,,,,,,,,,,,,,,,,,,,,,,,https://cdn.shopify.com/s/files/1/0314/1143/7703/files/STYLIZED-RARE-EAU-DE-PARFUM-LIFESTYLE.jpg?v=1753797904,8,,,,,,,,,,,
rare-eau-de-parfum,,,,,,,,,,,,,,,,,,,,,,,,,https://cdn.shopify.com/s/files/1/0314/1143/7703/files/STYLIZED-RARE-EAU-DE-PARFUM-HERO.jpg?v=1774379112,9,,,,,,,,,,,
rare-eau-de-parfum,,,,,,,,,,,,,,,,,,,,,,,,,https://cdn.shopify.com/s/files/1/0314/1143/7703/files/ECOMM-RARE-EAU-DE-PARFUM-02.jpg?v=1753797904,10,,,,,,,,,,,
rare-eau-de-parfum-travel-spray,Rare Eau de Parfum Travel Spray,"<p><meta charset=""utf-8""><span data-contrast=""auto"" lang=""EN-GB"" class=""TextRun SCXW20434913 BCX0""><span class=""NormalTextRun SCXW20434913 BCX0"">A travel-ready version of our <strong>warm</strong> and <strong>decadent</strong> fragrance with a touch of spice. Notes of creamy caramel and pistachio give way to an unexpected duality of rich vanilla and spicy ginger, then dries down to an earthy sandalwood. Bright yet deep, familiar yet unexpected, this is a fragrance that evolves with every passing moment, lingering for up to 12 hours. </span></span></p>",Rare Beauty,,Fragrance,non-returnable,TRUE,Size,10 mL,,,,,FGPFA50001M1,62,,0,deny,manual,30.00,,TRUE,TRUE,840122907623,https://cdn.shopify.com/s/files/1/0314/1143/7703/files/ECOMM-RARE-EAU-DE-PARFUM-10ML.jpg?v=1753229777,1,,,,,,g,,,,,active
rare-eau-de-parfum-travel-spray,,,,,,,,,,,,,,,,,,,,,,,,,https://cdn.shopify.com/s/files/1/0314/1143/7703/files/STYLIZED-EDP-KEY-NOTES_f4e2c1d6-7b34-4ec7-a667-a2592b2a3df6.jpg?v=1753799656,2,,,,,,,,,,,
rare-eau-de-parfum-travel-spray,,,,,,,,,,,,,,,,,,,,,,,,,https://cdn.shopify.com/s/files/1/0314/1143/7703/files/ON-FIGURE-RARE-EAU-DE-PARFUM-10ML-APPLICATION-WRIST-V1.jpg?v=1774392080,3,,,,,,,,,,,
rare-eau-de-parfum-travel-spray,,,,,,,,,,,,,,,,,,,,,,,,,https://cdn.shopify.com/s/files/1/0314/1143/7703/files/CAMPAIGN-SELENA-EDP-01_cc1a244c-4e1b-4851-89d2-eca3afb82114.jpg?v=1753799635,4,,,,,,,,,,,
rare-eau-de-parfum-travel-spray,,,,,,,,,,,,,,,,,,,,,,,,,https://cdn.shopify.com/s/files/1/0314/1143/7703/files/ON-FIGURE-FRFAGRANCE-LAYERING-BALM-FLORAL.jpg?v=1753799635,5,,,,,,,,,,,
rare-eau-de-parfum-travel-spray,,,,,,,,,,,,,,,,,,,,,,,,,https://cdn.shopify.com/s/files/1/0314/1143/7703/files/STYLIZED-FRAGRANCE-COLLECTION.jpg?v=1753799656,6,,,,,,,,,,,
rare-eau-de-parfum-travel-spray,,,,,,,,,,,,,,,,,,,,,,,,,https://cdn.shopify.com/s/files/1/0314/1143/7703/files/STYLIZED-EDP-FULL-10ML.jpg?v=1753799635,7,,,,,,,,,,,
rare-eau-de-parfum-travel-spray,,,,,,,,,,,,,,,,,,,,,,,,,https://cdn.shopify.com/s/files/1/0314/1143/7703/files/STYLIZED-RARE-EAU-DE-PARFUM-10ML-HERO.jpg?v=1753799635,8,,,,,,,,,,,
rare-eau-de-parfum-travel-spray,,,,,,,,,,,,,,,,,,,,,,,,,https://cdn.shopify.com/s/files/1/0314/1143/7703/files/STYLIZED-RARE-EAU-DE-PARFUM-10ML-LIFESTYLE.jpg?v=1753799635,9,,,,,,,,,,,
rare-eau-de-parfum-travel-spray,,,,,,,,,,,,,,,,,,,,,,,,,https://cdn.shopify.com/s/files/1/0314/1143/7703/files/ECOMM-RARE-EAU-DE-PARFUM-10ML-OPEN.jpg?v=1753799635,10,,,,,,,,,,,
fragrance-layering-balm-woody-oak,Fragrance Layering Balm - Woody Oak,"<p><meta charset=""utf-8""><meta charset=""utf-8""><span>Designed to be worn alone or layered with Rare Eau de Parfum to add a </span><strong>rich, earthy</strong><span> layer, this silky, gender-neutral fragrance balm evokes a </span><strong>sensual<span> </span></strong><span>moment as it melts into skin and lasts up to 12 hours.</span><br></p>",Rare Beauty,,Fragrance,non-returnable,TRUE,Title,Default Title,,,,,FGPFA50055F1,0,,0,deny,manual,19.00,,TRUE,TRUE,840122908569,https://cdn.shopify.com/s/files/1/0314/1143/7703/files/ECOMM-FRAGRANCE-LAYERING-BALM-WOODY.jpg?v=1753231457,1,,,,,,g,,,,,active
fragrance-layering-balm-woody-oak,,,,,,,,,,,,,,,,,,,,,,,,,https://cdn.shopify.com/s/files/1/0314/1143/7703/files/STYLIZED-FRAGRANCE-LAYERING-BALM-WOODY-KEY-NOTES.jpg?v=1753231545,2,,,,,,,,,,,
fragrance-layering-balm-woody-oak,,,,,,,,,,,,,,,,,,,,,,,,,https://cdn.shopify.com/s/files/1/0314/1143/7703/files/STYLIZED-FRAGRANCE-LAYERING-BALM-WOODY-SWATCH.jpg?v=1753799228,3,,,,,,,,,,,
fragrance-layering-balm-woody-oak,,,,,,,,,,,,,,,,,,,,,,,,,https://cdn.shopify.com/s/files/1/0314/1143/7703/files/STYLIZED-FRAGRANCE-LAYERING-BALM-WOODY-PAIRING.jpg?v=1753799228,4,,,,,,,,,,,
fragrance-layering-balm-woody-oak,,,,,,,,,,,,,,,,,,,,,,,,,https://cdn.shopify.com/s/files/1/0314/1143/7703/files/STYLIZED-FRAGRANCE-LAYERING-BALM-AMBER-KEY-NOTES.jpg?v=1753799519,5,,,,,,,,,,,
fragrance-layering-balm-woody-oak,,,,,,,,,,,,,,,,,,,,,,,,,https://cdn.shopify.com/s/files/1/0314/1143/7703/files/ON-FIGURE-EDP-FLB-WOODY.jpg?v=1753799228,6,,,,,,,,,,,
fragrance-layering-balm-woody-oak,,,,,,,,,,,,,,,,,,,,,,,,,https://cdn.shopify.com/s/files/1/0314/1143/7703/files/STYLIZED-FRAGRANCE-COLLECTION_1edb8814-63d2-4f5e-bdf3-b90f17f9ff55.jpg?v=1753798512,7,,,,,,,,,,,
fragrance-layering-balm-woody-oak,,,,,,,,,,,,,,,,,,,,,,,,,https://cdn.shopify.com/s/files/1/0314/1143/7703/files/STYLIZED-FRAGRANCE-LAYERING-BALM-WOODY-HERO.jpg?v=1753798512,8,,,,,,,,,,,
fragrance-layering-balm-woody-oak,,,,,,,,,,,,,,,,,,,,,,,,,https://cdn.shopify.com/s/files/1/0314/1143/7703/files/STYLIZED-FRAGRANCE-LAYERING-BALM-SINGLE-NOTE-WOODY.jpg?v=1753798512,9,,,,,,,,,,,
fragrance-layering-balm-woody-oak,,,,,,,,,,,,,,,,,,,,,,,,,https://cdn.shopify.com/s/files/1/0314/1143/7703/files/ECOMM-FRAGRANCE-LAYERING-BALM-MACRO.jpg?v=1753798780,10,,,,,,,,,,,
fragrance-layering-balm-amber-vanilla,Fragrance Layering Balm - Amber Vanilla,"<p><meta charset=""utf-8""><span data-contrast=""none"" lang=""EN-GB"" class=""TextRun SCXW142943549 BCX0""><span class=""NormalTextRun SCXW142943549 BCX0"">Designed to be worn alone or layered with Rare Eau de Parfum to add a</span></span><span data-contrast=""none"" lang=""EN-GB"" class=""TextRun MacChromeBold SCXW142943549 BCX0""><span class=""NormalTextRun SCXW142943549 BCX0""> warm, delicious </span></span><span data-contrast=""none"" lang=""EN-GB"" class=""TextRun SCXW142943549 BCX0""><span class=""NormalTextRun ContextualSpellingAndGrammarErrorV2Themed SCXW142943549 BCX0"">layer,</span><span class=""NormalTextRun SCXW142943549 BCX0""> this silky fragrance balm evokes an</span></span><span data-contrast=""none"" lang=""EN-GB"" class=""TextRun MacChromeBold SCXW142943549 BCX0""><span class=""NormalTextRun SCXW142943549 BCX0""> <strong>indulgent</strong> </span></span><span data-contrast=""none"" lang=""EN-GB"" class=""TextRun SCXW142943549 BCX0""><span class=""NormalTextRun SCXW142943549 BCX0"">moment as it melts into skin and lasts up to 12 hours. </span></span></p>",Rare Beauty,,Fragrance,non-returnable,TRUE,Title,Default Title,,,,,FGPFA50056F1,0,,0,deny,manual,19.00,,TRUE,TRUE,840122908576,https://cdn.shopify.com/s/files/1/0314/1143/7703/files/ECOMM-FRAGRANCE-LAYERING-BALM-AMBER.jpg?v=1753299977,1,,,,,,g,,,,,active
fragrance-layering-balm-amber-vanilla,,,,,,,,,,,,,,,,,,,,,,,,,https://cdn.shopify.com/s/files/1/0314/1143/7703/files/STYLIZED-FRAGRANCE-LAYERING-BALM-AMBER-KEY-NOTES-1.jpg?v=1753798625,2,,,,,,,,,,,
fragrance-layering-balm-amber-vanilla,,,,,,,,,,,,,,,,,,,,,,,,,https://cdn.shopify.com/s/files/1/0314/1143/7703/files/STYLIZED-FRAGRANCE-LAYERING-BALM-AMBER-SWATCH.jpg?v=1753799500,3,,,,,,,,,,,
fragrance-layering-balm-amber-vanilla,,,,,,,,,,,,,,,,,,,,,,,,,https://cdn.shopify.com/s/files/1/0314/1143/7703/files/STYLIZED-FRAGRANCE-LAYERING-BALM-AMBER-PAIRING.jpg?v=1753799500,4,,,,,,,,,,,
fragrance-layering-balm-amber-vanilla,,,,,,,,,,,,,,,,,,,,,,,,,https://cdn.shopify.com/s/files/1/0314/1143/7703/files/STYLIZED-FRAGRANCE-LAYERING-BALM-AMBER-KEY-NOTES.jpg?v=1753799519,5,,,,,,,,,,,
fragrance-layering-balm-amber-vanilla,,,,,,,,,,,,,,,,,,,,,,,,,https://cdn.shopify.com/s/files/1/0314/1143/7703/files/ON-FIGURE-EDP-FLB-AMBER.jpg?v=1753799500,6,,,,,,,,,,,
fragrance-layering-balm-amber-vanilla,,,,,,,,,,,,,,,,,,,,,,,,,https://cdn.shopify.com/s/files/1/0314/1143/7703/files/STYLIZED-FRAGRANCE-COLLECTION.jpg?v=1753799656,7,,,,,,,,,,,
fragrance-layering-balm-amber-vanilla,,,,,,,,,,,,,,,,,,,,,,,,,https://cdn.shopify.com/s/files/1/0314/1143/7703/files/STYLIZED-FRAGRANCE-LAYERING-BALM-AMBER-HERO.jpg?v=1753798625,8,,,,,,,,,,,
fragrance-layering-balm-amber-vanilla,,,,,,,,,,,,,,,,,,,,,,,,,https://cdn.shopify.com/s/files/1/0314/1143/7703/files/STYLIZED-FRAGRANCE-LAYERING-BALM-SINGLE-NOTE-AMBER.jpg?v=1753798625,9,,,,,,,,,,,
fragrance-layering-balm-amber-vanilla,,,,,,,,,,,,,,,,,,,,,,,,,https://cdn.shopify.com/s/files/1/0314/1143/7703/files/ECOMM-FRAGRANCE-LAYERING-BALM-MACRO.jpg?v=1753798780,10,,,,,,,,,,,
fragrance-layering-balm-floral-peony-blossom,Fragrance Layering Balm - Floral Peony Blossom,"<p><meta charset=""utf-8""><span data-contrast=""none"" lang=""EN-GB"" class=""TextRun SCXW167614574 BCX0""><span class=""NormalTextRun SCXW167614574 BCX0"">Designed to be worn alone or layered with Rare Eau de Parfum to add a </span></span><span data-contrast=""none"" lang=""EN-GB"" class=""TextRun MacChromeBold SCXW167614574 BCX0""><span class=""NormalTextRun SCXW167614574 BCX0""><strong>sweet</strong>, <strong>sultry</strong></span></span><span data-contrast=""none"" lang=""EN-GB"" class=""TextRun SCXW167614574 BCX0""><span class=""NormalTextRun SCXW167614574 BCX0""> </span><span class=""NormalTextRun ContextualSpellingAndGrammarErrorV2Themed SCXW167614574 BCX0"">layer,</span><span class=""NormalTextRun SCXW167614574 BCX0""> this silky fragrance balm evokes a </span></span><span data-contrast=""none"" lang=""EN-GB"" class=""TextRun MacChromeBold SCXW167614574 BCX0""><span class=""NormalTextRun SCXW167614574 BCX0""><strong>romantic</strong> </span></span><span data-contrast=""none"" lang=""EN-GB"" class=""TextRun SCXW167614574 BCX0""><span class=""NormalTextRun SCXW167614574 BCX0"">moment as it melts into skin and lasts up to 12 hours. </span></span></p>",Rare Beauty,,Fragrance,non-returnable,TRUE,Title,Default Title,,,,,FGPFA50057F1,0,,0,deny,manual,19.00,,TRUE,TRUE,840122908583,https://cdn.shopify.com/s/files/1/0314/1143/7703/files/ECOMM-FRAGRANCE-LAYERING-BALM-FLORAL.jpg?v=1753300050,1,,,,,,g,,,,,active
fragrance-layering-balm-floral-peony-blossom,,,,,,,,,,,,,,,,,,,,,,,,,https://cdn.shopify.com/s/files/1/0314/1143/7703/files/STYLIZED-FRAGRANCE-LAYERING-BALM-FLORAL-KEY-NOTES.jpg?v=1753798700,2,,,,,,,,,,,
fragrance-layering-balm-floral-peony-blossom,,,,,,,,,,,,,,,,,,,,,,,,,https://cdn.shopify.com/s/files/1/0314/1143/7703/files/STYLIZED-FRAGRANCE-LAYERING-BALM-FLORAL-SWATCH.jpg?v=1753798973,3,,,,,,,,,,,
fragrance-layering-balm-floral-peony-blossom,,,,,,,,,,,,,,,,,,,,,,,,,https://cdn.shopify.com/s/files/1/0314/1143/7703/files/STYLIZED-FRAGRANCE-LAYERING-BALM-FLORAL-PAIRING.jpg?v=1753798973,4,,,,,,,,,,,
fragrance-layering-balm-floral-peony-blossom,,,,,,,,,,,,,,,,,,,,,,,,,https://cdn.shopify.com/s/files/1/0314/1143/7703/files/STYLIZED-FRAGRANCE-LAYERING-BALM-AMBER-KEY-NOTES.jpg?v=1753799519,5,,,,,,,,,,,
fragrance-layering-balm-floral-peony-blossom,,,,,,,,,,,,,,,,,,,,,,,,,https://cdn.shopify.com/s/files/1/0314/1143/7703/files/ON-FIGURE-EDP-FLB-FLORAL.jpg?v=1753798973,6,,,,,,,,,,,
fragrance-layering-balm-floral-peony-blossom,,,,,,,,,,,,,,,,,,,,,,,,,https://cdn.shopify.com/s/files/1/0314/1143/7703/files/STYLIZED-FRAGRANCE-COLLECTION.jpg?v=1753799656,7,,,,,,,,,,,
fragrance-layering-balm-floral-peony-blossom,,,,,,,,,,,,,,,,,,,,,,,,,https://cdn.shopify.com/s/files/1/0314/1143/7703/files/STYLIZED-FRAGRANCE-LAYERING-BALM-FLORAL-HERO.jpg?v=1753798700,8,,,,,,,,,,,
fragrance-layering-balm-floral-peony-blossom,,,,,,,,,,,,,,,,,,,,,,,,,https://cdn.shopify.com/s/files/1/0314/1143/7703/files/STYLIZED-FRAGRANCE-LAYERING-BALM-SINGLE-NOTE-FLORAL.jpg?v=1753798700,9,,,,,,,,,,,
fragrance-layering-balm-floral-peony-blossom,,,,,,,,,,,,,,,,,,,,,,,,,https://cdn.shopify.com/s/files/1/0314/1143/7703/files/ECOMM-FRAGRANCE-LAYERING-BALM-MACRO.jpg?v=1753798780,10,,,,,,,,,,,
fragrance-layering-balm-fresh-bergamot,Fragrance Layering Balm - Fresh Bergamot,"<p><meta charset=""utf-8""><span data-contrast=""none"" lang=""EN-GB"" class=""TextRun SCXW149477217 BCX0""><span class=""NormalTextRun SCXW149477217 BCX0""> </span></span><span data-contrast=""none"" lang=""EN-GB"" class=""TextRun SCXW149477217 BCX0""><span class=""NormalTextRun SCXW149477217 BCX0"">Designed to be worn alone or layered with Rare Eau de Parfum to add a </span></span><span data-contrast=""none"" lang=""EN-GB"" class=""TextRun MacChromeBold SCXW149477217 BCX0""><span class=""NormalTextRun SCXW149477217 BCX0""><strong>bright</strong>, <strong>breezy</strong></span></span><span data-contrast=""none"" lang=""EN-GB"" class=""TextRun SCXW149477217 BCX0""><span class=""NormalTextRun SCXW149477217 BCX0""> layer, this silky, gender-neutral fragrance balm evokes an </span></span><span data-contrast=""none"" lang=""EN-GB"" class=""TextRun MacChromeBold SCXW149477217 BCX0""><span class=""NormalTextRun SCXW149477217 BCX0""><strong>uplifting</strong> </span></span><span data-contrast=""none"" lang=""EN-GB"" class=""TextRun SCXW149477217 BCX0""><span class=""NormalTextRun SCXW149477217 BCX0"">moment as it melts into skin and lasts up to 12 hours.</span></span></p>",Rare Beauty,,Fragrance,non-returnable,TRUE,Title,Default Title,,,,,FGPFA50058F1,0,,0,deny,manual,19.00,,TRUE,TRUE,840122908590,https://cdn.shopify.com/s/files/1/0314/1143/7703/files/ECOMM-FRAGRANCE-LAYERING-BALM-FRESH.jpg?v=1753302388,1,,,,,,g,,,,,active
fragrance-layering-balm-fresh-bergamot,,,,,,,,,,,,,,,,,,,,,,,,,https://cdn.shopify.com/s/files/1/0314/1143/7703/files/STYLIZED-FRAGRANCE-LAYERING-BALM-FRESH-KEY-NOTES.jpg?v=1753798780,2,,,,,,,,,,,
fragrance-layering-balm-fresh-bergamot,,,,,,,,,,,,,,,,,,,,,,,,,https://cdn.shopify.com/s/files/1/0314/1143/7703/files/STYLIZED-FRAGRANCE-LAYERING-BALM-FRESH-SWATCH.jpg?v=1753799519,3,,,,,,,,,,,
fragrance-layering-balm-fresh-bergamot,,,,,,,,,,,,,,,,,,,,,,,,,https://cdn.shopify.com/s/files/1/0314/1143/7703/files/STYLIZED-FRAGRANCE-LAYERING-BALM-FRESH-PAIRING.jpg?v=1753799519,4,,,,,,,,,,,
fragrance-layering-balm-fresh-bergamot,,,,,,,,,,,,,,,,,,,,,,,,,https://cdn.shopify.com/s/files/1/0314/1143/7703/files/STYLIZED-FRAGRANCE-LAYERING-BALM-AMBER-KEY-NOTES.jpg?v=1753799519,5,,,,,,,,,,,
fragrance-layering-balm-fresh-bergamot,,,,,,,,,,,,,,,,,,,,,,,,,https://cdn.shopify.com/s/files/1/0314/1143/7703/files/ON-FIGURE-EDP-FLB-FRESH.jpg?v=1753799519,6,,,,,,,,,,,
fragrance-layering-balm-fresh-bergamot,,,,,,,,,,,,,,,,,,,,,,,,,https://cdn.shopify.com/s/files/1/0314/1143/7703/files/STYLIZED-FRAGRANCE-LAYERING-BALM-FRESH-HERO.jpg?v=1753798780,7,,,,,,,,,,,
fragrance-layering-balm-fresh-bergamot,,,,,,,,,,,,,,,,,,,,,,,,,https://cdn.shopify.com/s/files/1/0314/1143/7703/files/STYLIZED-FRAGRANCE-LAYERING-BALM-SINGLE-NOTE-FRESH.jpg?v=1753798780,8,,,,,,,,,,,
fragrance-layering-balm-fresh-bergamot,,,,,,,,,,,,,,,,,,,,,,,,,https://cdn.shopify.com/s/files/1/0314/1143/7703/files/ECOMM-FRAGRANCE-LAYERING-BALM-MACRO.jpg?v=1753798780,9,,,,,,,,,,,
fragrance-layering-balm-fresh-bergamot,,,,,,,,,,,,,,,,,,,,,,,,,https://cdn.shopify.com/s/files/1/0314/1143/7703/files/STYLIZED-FRAGRANCE-COLLECTION.jpg?v=1753799656,10,,,,,,,,,,,
mini-rare-eau-de-parfum-set,Mini Rare Eau de Parfum Set,"<p><meta charset=""utf-8""><span data-contrast=""auto"" lang=""EN-US"" class=""TextRun SCXW63578647 BCX0""><span class=""NormalTextRun SCXW63578647 BCX0"">Perfect for on the go, this set includes a travel spray and a mini replica bottle featuring a rollerball format. Warm and decadent with a touch of spice, Rare Eau de Parfum welcomes you with notes of creamy caramel and pistachio, gives way to an unexpected duality of rich vanilla and spicy ginger, then dries down to an earthy sandalwood. Bright yet deep, familiar yet unexpected, this is a fragrance that evolves with every passing moment, lingering for up to 12 hours. </span></span></p>",Rare Beauty,,Fragrance,non-returnable,TRUE,Title,Default Title,,,,,FGPFA50002F1,0,,0,deny,manual,35.00,,TRUE,TRUE,840122907791,https://cdn.shopify.com/s/files/1/0314/1143/7703/files/ECOMM-FRAGRANCE-SET-BOX-PRODUCT-CAPS-OFF_1.jpg?v=1774392021,1,,,,,,g,,,,,active
mini-rare-eau-de-parfum-set,,,,,,,,,,,,,,,,,,,,,,,,,https://cdn.shopify.com/s/files/1/0314/1143/7703/files/STYLIZED-EDP-KEY-NOTES.jpg?v=1774392021,2,,,,,,,,,,,
mini-rare-eau-de-parfum-set,,,,,,,,,,,,,,,,,,,,,,,,,https://cdn.shopify.com/s/files/1/0314/1143/7703/files/ON-FIGURE-GRID-FRAGRANCE-SET-APPLICATION.jpg?v=1774392021,3,,,,,,,,,,,
mini-rare-eau-de-parfum-set,,,,,,,,,,,,,,,,,,,,,,,,,https://cdn.shopify.com/s/files/1/0314/1143/7703/files/ON-FIGURE-RARE-EAU-DE-PARFUM-10ML-APPLICATION-WRIST-V1.jpg?v=1774392080,4,,,,,,,,,,,
mini-rare-eau-de-parfum-set,,,,,,,,,,,,,,,,,,,,,,,,,https://cdn.shopify.com/s/files/1/0314/1143/7703/files/ON-FIGURE-FRAGRANCE-SET.jpg?v=1774392080,5,,,,,,,,,,,
mini-rare-eau-de-parfum-set,,,,,,,,,,,,,,,,,,,,,,,,,https://cdn.shopify.com/s/files/1/0314/1143/7703/files/STYLIZED-FRAGRANCE-SET.jpg?v=1774392021,6,,,,,,,,,,,
mini-rare-eau-de-parfum-set,,,,,,,,,,,,,,,,,,,,,,,,,https://cdn.shopify.com/s/files/1/0314/1143/7703/files/ECOMM-FRAGRANCE-SET-PRODUCT-CAPS-OFF.jpg?v=1774392021,7,,,,,,,,,,,
mini-rare-eau-de-parfum-set,,,,,,,,,,,,,,,,,,,,,,,,,https://cdn.shopify.com/s/files/1/0314/1143/7703/files/ECOMM-FRAGRANCE-SET-PRODUCT.jpg?v=1774392021,8,,,,,,,,,,,
mini-rare-eau-de-parfum-set,,,,,,,,,,,,,,,,,,,,,,,,,https://cdn.shopify.com/s/files/1/0314/1143/7703/files/ECOMM-FRAGRANCE-SET-BOX-PRODUCT-CAPS-ON.jpg?v=1774391955,9,,,,,,,,,,,
mini-rare-eau-de-parfum-set,,,,,,,,,,,,,,,,,,,,,,,,,https://cdn.shopify.com/s/files/1/0314/1143/7703/files/ECOMM-FRAGRANCE-SET-BOX_8ae7afb6-5482-4798-a801-cab1ba3efabd.jpg?v=1774391955,10,,,,,,,,,,,
brow-gel-pencil-duo,Brow Gel & Pencil Duo,"<p><meta charset=""utf-8""><span class=""NormalTextRun SCXW62460715 BCX0"">Two full-size brow essentials in one easy bundle, featuring a universal clear Brow Harmony Flexible Lifting Gel and a Brow Harmony Precision Pencil in </span><span class=""NormalTextRun ContextualSpellingAndGrammarErrorV2Themed SCXW62460715 BCX0"">a shade</span><span class=""NormalTextRun SCXW62460715 BCX0""> of your choice. Online only.</span></p>",Rare Beauty,,Bundle,,TRUE,Title,Default Title,,,,,BROWDUO20,0,,0,deny,manual,32.00,40.00,TRUE,TRUE,,https://cdn.shopify.com/s/files/1/0314/1143/7703/files/ECOMM-BROW-GEL-PENCIL-DUO.jpg?v=1762305233,1,,,,,,g,,,,,active
brow-gel-pencil-duo,,,,,,,,,,,,,,,,,,,,,,,,,https://cdn.shopify.com/s/files/1/0314/1143/7703/files/ON-FIGURE-BROW-HARMONY-GEL-PENCIL-BUNDLE-01.jpg?v=1752602157,2,,,,,,,,,,,
brow-gel-pencil-duo,,,,,,,,,,,,,,,,,,,,,,,,,https://cdn.shopify.com/s/files/1/0314/1143/7703/files/ON-FIGURE-BROW-HARMONY-GEL-PENCIL-BUNDLE-02.jpg?v=1752602157,3,,,,,,,,,,,
brow-gel-pencil-duo,,,,,,,,,,,,,,,,,,,,,,,,,https://cdn.shopify.com/s/files/1/0314/1143/7703/files/BA-brow-harmony-precision-pencil-soft-blonde-1440x1952.jpg?v=1752602157,4,,,,,,,,,,,
brow-gel-pencil-duo,,,,,,,,,,,,,,,,,,,,,,,,,https://cdn.shopify.com/s/files/1/0314/1143/7703/files/BA-brow-harmony-precision-pencil-rich-taupe-1440x1952.jpg?v=1752602157,5,,,,,,,,,,,
brow-gel-pencil-duo,,,,,,,,,,,,,,,,,,,,,,,,,https://cdn.shopify.com/s/files/1/0314/1143/7703/files/BA-brow-harmony-precision-pencil-warm-brown-1440x1952.jpg?v=1752602157,6,,,,,,,,,,,
brow-gel-pencil-duo,,,,,,,,,,,,,,,,,,,,,,,,,https://cdn.shopify.com/s/files/1/0314/1143/7703/files/BA-brow-harmony-precision-pencil-cool-brown-1440x1952.jpg?v=1752602157,7,,,,,,,,,,,
brow-gel-pencil-duo,,,,,,,,,,,,,,,,,,,,,,,,,https://cdn.shopify.com/s/files/1/0314/1143/7703/files/BA-brow-harmony-precision-pencil-deep-brown-1440x1952.jpg?v=1752602157,8,,,,,,,,,,,
brow-gel-pencil-duo,,,,,,,,,,,,,,,,,,,,,,,,,https://cdn.shopify.com/s/files/1/0314/1143/7703/files/BA-brow-harmony-precision-pencil-soft-black-1440x1952.jpg?v=1752602157,9,,,,,,,,,,,
find-comfort-mini-body-essentials-awaken-confidence,Find Comfort Mini Body Essentials - Awaken Confidence,"<p><meta charset=""utf-8""><span data-contrast=""auto"" lang=""EN-GB"" class=""TextRun SCXW144717926 BCX0""><span class=""NormalTextRun SCXW144717926 BCX0"">Find comfort in bright notes of juicy peach and fresh flower blossom. This limited-edition set features a bouncy body cream that renews skin with a refreshing burst of hydration, while the body &amp; hair fragrance mist softens and nourishes skin and hair. $38 value.</span></span></p>",Rare Beauty,,Body Set,non-returnable,TRUE,Title,Default Title,,,,,FGPHOL0018F1,226,,0,deny,manual,28.00,38.00,TRUE,TRUE,840122907579,https://cdn.shopify.com/s/files/1/0314/1143/7703/files/ECOMM-HOL25-FC-MINI-BODY-ESSENTIALS-BOX-PRODUCT.jpg?v=1756149472,1,,,,,,g,,,,,active
find-comfort-mini-body-essentials-awaken-confidence,,,,,,,,,,,,,,,,,,,,,,,,,https://cdn.shopify.com/s/files/1/0314/1143/7703/files/STYLIZED-FC-MINI-BODY-ESSENTIALS-KEY-NOTES.jpg?v=1756149558,2,,,,,,,,,,,
find-comfort-mini-body-essentials-awaken-confidence,,,,,,,,,,,,,,,,,,,,,,,,,https://cdn.shopify.com/s/files/1/0314/1143/7703/files/ON-FIGURE-HOL25-FC-MINI-BODY-ESSENTIALS-01.jpg?v=1756149558,3,,,,,,,,,,,
find-comfort-mini-body-essentials-awaken-confidence,,,,,,,,,,,,,,,,,,,,,,,,,https://cdn.shopify.com/s/files/1/0314/1143/7703/files/ON-FIGURE-HOL25-FC-MINI-BODY-ESSENTIALS-02.jpg?v=1756149558,4,,,,,,,,,,,
find-comfort-mini-body-essentials-awaken-confidence,,,,,,,,,,,,,,,,,,,,,,,,,https://cdn.shopify.com/s/files/1/0314/1143/7703/files/ON-FIGURE-HOL25-FC-MINI-BODY-ESSENTIALS-CREAM-APPLICATION-01.jpg?v=1756149558,5,,,,,,,,,,,
find-comfort-mini-body-essentials-awaken-confidence,,,,,,,,,,,,,,,,,,,,,,,,,https://cdn.shopify.com/s/files/1/0314/1143/7703/files/ON-FIGURE-HOL25-FC-MINI-BODY-ESSENTIALS-CREAM-APPLICATION-02.jpg?v=1756149558,6,,,,,,,,,,,
find-comfort-mini-body-essentials-awaken-confidence,,,,,,,,,,,,,,,,,,,,,,,,,https://cdn.shopify.com/s/files/1/0314/1143/7703/files/ON-FIGURE-HOL25-FC-MINI-BODY-ESSENTIALS-CREAM-APPLICATION-03.jpg?v=1756149558,7,,,,,,,,,,,
find-comfort-mini-body-essentials-awaken-confidence,,,,,,,,,,,,,,,,,,,,,,,,,https://cdn.shopify.com/s/files/1/0314/1143/7703/files/ON-FIGURE-HOL25-FC-MINI-BODY-ESSENTIALS-CREAM-APPLICATION-04.jpg?v=1756149558,8,,,,,,,,,,,
find-comfort-mini-body-essentials-awaken-confidence,,,,,,,,,,,,,,,,,,,,,,,,,https://cdn.shopify.com/s/files/1/0314/1143/7703/files/ON-FIGURE-HOL25-FC-MINI-BODY-ESSENTIALS-MIST-APPLICATION-01.jpg?v=1756149558,9,,,,,,,,,,,
find-comfort-mini-body-essentials-awaken-confidence,,,,,,,,,,,,,,,,,,,,,,,,,https://cdn.shopify.com/s/files/1/0314/1143/7703/files/ON-FIGURE-HOL25-FC-MINI-BODY-ESSENTIALS-MIST-APPLICATION-02.jpg?v=1756149558,10,,,,,,,,,,,
find-comfort-mini-body-essentials-awaken-confidence,,,,,,,,,,,,,,,,,,,,,,,,,https://cdn.shopify.com/s/files/1/0314/1143/7703/files/ECOMM-HOL25-FC-MINI-BODY-ESSENTIALS-PRODUCT.jpg?v=1756149558,11,,,,,,,,,,,
find-comfort-mini-body-essentials-awaken-confidence,,,,,,,,,,,,,,,,,,,,,,,,,https://cdn.shopify.com/s/files/1/0314/1143/7703/files/ECOMM-HOL25-FC-MINI-BODY-ESSENTIALS-BOX.jpg?v=1756149558,12,,,,,,,,,,,
soft-pinch-cheek-lip-trio,Soft Pinch Cheek & Lip Trio,"<p><meta charset=""utf-8""><span class=""TextRun SCXW161559687 BCX0"" lang=""EN-GB"" data-contrast=""auto""><span class=""NormalTextRun SCXW161559687 BCX0"">Three Soft Pinch essentials in one travel-ready set, with a full-size Soft Pinch Matte Bouncy Blush, a Soft Pinch Liquid Blush Mini, and a set-exclusive Soft Pinch Tinted Lip Oil Mini—all in bestselling shade Worth (true rose). $56 value.</span></span></p>",Rare Beauty,,Lip & Cheek,non-returnable,TRUE,Title,Default Title,,,,,FGPHOL0019F1,48,,0,deny,manual,36.00,56.00,TRUE,TRUE,840122907586,https://cdn.shopify.com/s/files/1/0314/1143/7703/files/ECOMM-HOL25-SOFT-PINCH-CHEEK-LIP-TRIO-BOX-PRODUCT.jpg?v=1756226299,1,,,,,,g,,,,,active
soft-pinch-cheek-lip-trio,,,,,,,,,,,,,,,,,,,,,,,,,https://cdn.shopify.com/s/files/1/0314/1143/7703/files/CAMPAIGN-SELENA-HOL25-SP-CHEEK-LIP-TRIO.jpg?v=1756226299,2,,,,,,,,,,,
soft-pinch-cheek-lip-trio,,,,,,,,,,,,,,,,,,,,,,,,,https://cdn.shopify.com/s/files/1/0314/1143/7703/files/ARM-SWATCHES-HOL25-SP-CHEEK-LIP-TRIO.jpg?v=1756226299,3,,,,,,,,,,,
soft-pinch-cheek-lip-trio,,,,,,,,,,,,,,,,,,,,,,,,,https://cdn.shopify.com/s/files/1/0314/1143/7703/files/ON-FIGURE-HOL25-SP-CHEEK-LIP-TRIO-TINTED-LIP-OIL-WORTH-GRID.jpg?v=1756226299,4,,,,,,,,,,,
soft-pinch-cheek-lip-trio,,,,,,,,,,,,,,,,,,,,,,,,,https://cdn.shopify.com/s/files/1/0314/1143/7703/files/ON-FIGURE-HOL25-SP-CHEEK-LIP-TRIO-BOUNCY-BLUSH-WORTH-GRID.jpg?v=1756226299,5,,,,,,,,,,,
soft-pinch-cheek-lip-trio,,,,,,,,,,,,,,,,,,,,,,,,,https://cdn.shopify.com/s/files/1/0314/1143/7703/files/ON-FIGURE-HOL25-SP-CHEEK-LIP-TRIO-LIQUID-BLUSH-WORTH-GRID.jpg?v=1756226299,6,,,,,,,,,,,
soft-pinch-cheek-lip-trio,,,,,,,,,,,,,,,,,,,,,,,,,https://cdn.shopify.com/s/files/1/0314/1143/7703/files/ON-FIGURE-HOL25-SP-CHEEK-LIP-TRIO-LIQUID-VS-BOUNCY-BLUSH-WORTH-01.jpg?v=1756226299,7,,,,,,,,,,,
soft-pinch-cheek-lip-trio,,,,,,,,,,,,,,,,,,,,,,,,,https://cdn.shopify.com/s/files/1/0314/1143/7703/files/ON-FIGURE-HOL25-SP-CHEEK-LIP-TRIO-LIQUID-VS-BOUNCY-BLUSH-WORTH-02.jpg?v=1756226299,8,,,,,,,,,,,
soft-pinch-cheek-lip-trio,,,,,,,,,,,,,,,,,,,,,,,,,https://cdn.shopify.com/s/files/1/0314/1143/7703/files/ON-FIGURE-HOL25-SP-CHEEK-LIP-TRIO-LIQUID-VS-BOUNCY-BLUSH-WORTH-03.jpg?v=1756226299,9,,,,,,,,,,,
soft-pinch-cheek-lip-trio,,,,,,,,,,,,,,,,,,,,,,,,,https://cdn.shopify.com/s/files/1/0314/1143/7703/files/ON-FIGURE-HOL25-SP-CHEEK-LIP-TRIO.jpg?v=1756226299,10,,,,,,,,,,,
soft-pinch-cheek-lip-trio,,,,,,,,,,,,,,,,,,,,,,,,,https://cdn.shopify.com/s/files/1/0314/1143/7703/files/SWATCH-HOL25-SP-CHEEK-LIP-TRIO.jpg?v=1756226299,11,,,,,,,,,,,
soft-pinch-cheek-lip-trio,,,,,,,,,,,,,,,,,,,,,,,,,https://cdn.shopify.com/s/files/1/0314/1143/7703/files/ECOMM-HOL25-SOFT-PINCH-CHEEK-LIP-TRIO-PRODUCT.jpg?v=1756226299,12,,,,,,,,,,,
soft-pinch-cheek-lip-trio,,,,,,,,,,,,,,,,,,,,,,,,,https://cdn.shopify.com/s/files/1/0314/1143/7703/files/ECOMM-HOL25-SOFT-PINCH-CHEEK-LIP-TRIO-BOX.jpg?v=1756226299,13,,,,,,,,,,,
selena-s-faves-mini-fragrance-blush-set,Selena’s Faves Mini Fragrance & Blush Set,"<p><meta charset=""utf-8""><span data-contrast=""auto"" lang=""EN-GB"" class=""TextRun SCXW22198838 BCX0""><span class=""NormalTextRun SCXW22198838 BCX0"">Two of Selena’s most-loved essentials in one must-have set. Rare Eau de Parfum 5mL Rollerball wraps you in a warm, decadent scent with a touch of spice, while Soft Pinch Liquid Blush in Happy (full-size cool pink) gives skin a pinch-perfect flush that lasts.</span></span><span class=""EOP SCXW22198838 BCX0"" data-ccp-props=""{}""> </span></p>",Rare Beauty,,Fragrance,non-returnable,TRUE,Title,Default Title,,,,,FGPHOL0021F1,51,,0,deny,manual,30.00,,TRUE,TRUE,840122907609,https://cdn.shopify.com/s/files/1/0314/1143/7703/files/ECOMM-HOL25-SELENA-FAVES-MINI-FRAGRANCE-BLUSH-SET-BOX-PRODUCT.jpg?v=1756241340,1,,,,,,g,,,,,active
selena-s-faves-mini-fragrance-blush-set,,,,,,,,,,,,,,,,,,,,,,,,,https://cdn.shopify.com/s/files/1/0314/1143/7703/files/SHADE-GRIDS-SP-LIQUID-BLUSH-DEWY-HAPPY_71ecd0e4-83fc-4d3d-ae54-c3d82a6fd6c7.jpg?v=1756241340,2,,,,,,,,,,,
selena-s-faves-mini-fragrance-blush-set,,,,,,,,,,,,,,,,,,,,,,,,,https://cdn.shopify.com/s/files/1/0314/1143/7703/files/ARM-SWATCHES-SP-LIQUID-BLUSH-DEWY-HAPPY.jpg?v=1756241340,3,,,,,,,,,,,
selena-s-faves-mini-fragrance-blush-set,,,,,,,,,,,,,,,,,,,,,,,,,https://cdn.shopify.com/s/files/1/0314/1143/7703/files/ON-FIGURE-HOL25-SELENAS-FAVES-02.jpg?v=1756241340,4,,,,,,,,,,,
selena-s-faves-mini-fragrance-blush-set,,,,,,,,,,,,,,,,,,,,,,,,,https://cdn.shopify.com/s/files/1/0314/1143/7703/files/ON-FIGURE-HOL25-SELENAS-FAVES-EDP-APPLICATION-02.jpg?v=1756241340,5,,,,,,,,,,,
selena-s-faves-mini-fragrance-blush-set,,,,,,,,,,,,,,,,,,,,,,,,,https://cdn.shopify.com/s/files/1/0314/1143/7703/files/ON-FIGURE-HOL25-SELENAS-FAVES-01.jpg?v=1756241340,6,,,,,,,,,,,
selena-s-faves-mini-fragrance-blush-set,,,,,,,,,,,,,,,,,,,,,,,,,https://cdn.shopify.com/s/files/1/0314/1143/7703/files/ON-FIGURE-HOL25-SELENAS-FAVES-EDP-APPLICATION-01.jpg?v=1756241340,7,,,,,,,,,,,
selena-s-faves-mini-fragrance-blush-set,,,,,,,,,,,,,,,,,,,,,,,,,https://cdn.shopify.com/s/files/1/0314/1143/7703/files/SWATCH-SP-LIQUID-BLUSH-DEWY-HAPPY.jpg?v=1756241340,8,,,,,,,,,,,
selena-s-faves-mini-fragrance-blush-set,,,,,,,,,,,,,,,,,,,,,,,,,https://cdn.shopify.com/s/files/1/0314/1143/7703/files/ECOMM-HOL25-SELENA-FAVES-MINI-FRAGRANCE-BLUSH-SET-PRODUCT-OPEN.jpg?v=1756241340,9,,,,,,,,,,,
selena-s-faves-mini-fragrance-blush-set,,,,,,,,,,,,,,,,,,,,,,,,,https://cdn.shopify.com/s/files/1/0314/1143/7703/files/ECOMM-HOL25-SELENA-FAVES-MINI-FRAGRANCE-BLUSH-SET-PRODUCT.jpg?v=1756241340,10,,,,,,,,,,,
selena-s-faves-mini-fragrance-blush-set,,,,,,,,,,,,,,,,,,,,,,,,,https://cdn.shopify.com/s/files/1/0314/1143/7703/files/ECOMM-HOL25-SELENA-FAVES-MINI-FRAGRANCE-BLUSH-SET-BOX.jpg?v=1756241340,11,,,,,,,,,,,
rare-eau-de-parfum-peel-away-card,Rare Eau de Parfum Peel & Sniff Card,"<p>Warm and decadent with a touch of spice, this gourmand fragrance evolves with every passing moment, lingering for up to 12 hours. Caramel and pistachio give way to rich vanilla and spicy ginger, then dries down to earthy sandalwood.</p>
<p> </p>",Rare Beauty,,Sample,"disable-qty, Disable: Add to Bag, Final Sale, non-returnable",TRUE,Title,Default Title,,,,,FGPFA50059S1,0,,0,deny,manual,0.00,,TRUE,TRUE,840122908712,https://cdn.shopify.com/s/files/1/0314/1143/7703/files/ECOMM-RARE-EAU-DE-PARFUM-PEEL-OFF-SAMPLE-CARD-01.jpg?v=1753802003,1,,,,,,g,,,,,active
rare-eau-de-parfum-peel-away-card,,,,,,,,,,,,,,,,,,,,,,,,,https://cdn.shopify.com/s/files/1/0314/1143/7703/files/ECOMM-RARE-EAU-DE-PARFUM-PEEL-OFF-SAMPLE-CARD-02.jpg?v=1753802003,2,,,,,,,,,,,
glass-effect-lip-liner-gloss-duo,Glass Effect Lip Liner & Gloss Duo,"<p><meta charset=""utf-8""><span class=""NormalTextRun SCXW24693460 BCX0"">For high-shine lips that make an impact in </span><span class=""NormalTextRun SCXW24693460 BCX0"">more ways than one</span><span class=""NormalTextRun SCXW24693460 BCX0"">. This full-size, limited-edition duo features <strong>Kind Words Matte Lip Liner</strong> in Admired and <strong>Positive Light </strong></span><strong><span class=""NormalTextRun SCXW24693460 BCX0"">Luminizing</span></strong><span class=""NormalTextRun SCXW24693460 BCX0""><strong> Lip Gloss</strong> in Revive (both set-exclusive shades). A $38 value.</span></p>",Rare Beauty,,Lip Set,non-returnable,TRUE,Title,Default Title,,,,,FGPKIT0011F1,85,,0,deny,manual,25.00,38.00,TRUE,TRUE,840122909207,https://cdn.shopify.com/s/files/1/0314/1143/7703/files/ECOMM-HOL25-RI-KIT-BOX-PRODUCT.jpg?v=1759445251,1,,,,,,g,,,,,active
glass-effect-lip-liner-gloss-duo,,,,,,,,,,,,,,,,,,,,,,,,,https://cdn.shopify.com/s/files/1/0314/1143/7703/files/ON-FIGURE-CANDID-RI-KIT-02.jpg?v=1759445368,2,,,,,,,,,,,
glass-effect-lip-liner-gloss-duo,,,,,,,,,,,,,,,,,,,,,,,,,https://cdn.shopify.com/s/files/1/0314/1143/7703/files/SHADE-GRID-KW-MATTE-LIP-LINER-ADMIRED.jpg?v=1759445368,3,,,,,,,,,,,
glass-effect-lip-liner-gloss-duo,,,,,,,,,,,,,,,,,,,,,,,,,https://cdn.shopify.com/s/files/1/0314/1143/7703/files/ON-FIGURE-RI-KIT-02.jpg?v=1759445368,4,,,,,,,,,,,
glass-effect-lip-liner-gloss-duo,,,,,,,,,,,,,,,,,,,,,,,,,https://cdn.shopify.com/s/files/1/0314/1143/7703/files/ON-FIGURE-CANDID-RI-KIT-01.jpg?v=1759445368,5,,,,,,,,,,,
glass-effect-lip-liner-gloss-duo,,,,,,,,,,,,,,,,,,,,,,,,,https://cdn.shopify.com/s/files/1/0314/1143/7703/files/SHADE-GRID-PL-LUMINIZING-LIP-GLOSS-REVIVE.jpg?v=1759445368,6,,,,,,,,,,,
glass-effect-lip-liner-gloss-duo,,,,,,,,,,,,,,,,,,,,,,,,,https://cdn.shopify.com/s/files/1/0314/1143/7703/files/ON-FIGURE-RI-KIT-01.jpg?v=1759445368,7,,,,,,,,,,,
glass-effect-lip-liner-gloss-duo,,,,,,,,,,,,,,,,,,,,,,,,,https://cdn.shopify.com/s/files/1/0314/1143/7703/files/ECOMM-SWATCH-HOL25-RI-KIT.jpg?v=1759445368,8,,,,,,,,,,,
glass-effect-lip-liner-gloss-duo,,,,,,,,,,,,,,,,,,,,,,,,,https://cdn.shopify.com/s/files/1/0314/1143/7703/files/ECOMM-HOL25-RI-KIT-PRODUCT.jpg?v=1759445368,9,,,,,,,,,,,
glass-effect-lip-liner-gloss-duo,,,,,,,,,,,,,,,,,,,,,,,,,https://cdn.shopify.com/s/files/1/0314/1143/7703/files/ECOMM-HOL25-RI-KIT-BOX.jpg?v=1759445368,10,,,,,,,,,,,
find-comfort-body-hair-fragrance-mist-feel-seen,Find Comfort Body & Hair Fragrance Mist - Feel Seen,"<p><meta charset=""utf-8""><span data-contrast=""auto"" lang=""EN-GB"" class=""TextRun SCXW233729499 BCX0""><span class=""NormalTextRun SCXW233729499 BCX0"">A long-lasting fragrance mist with a fresh scent of honeydew and a crisp ocean breeze that softens skin and hair with up to 24 hours of hydration.</span></span></p>",Rare Beauty,,Body & Hair Mist,,TRUE,Title,Default Title,,,,,FGPSP40013F1,0,,0,deny,manual,28.00,,TRUE,TRUE,840122908934,https://cdn.shopify.com/s/files/1/0314/1143/7703/files/ECOMM-FEEL-SEEN-BODY-HAIR-MIST-CLOSED.jpg?v=1764623100,1,,,,,,g,,,,,active
find-comfort-body-hair-fragrance-mist-feel-seen,,,,,,,,,,,,,,,,,,,,,,,,,https://cdn.shopify.com/s/files/1/0314/1143/7703/files/CAMPAIGN-SELENA-FEEL-SEEN-MIST.jpg?v=1764624678,2,,,,,,,,,,,
find-comfort-body-hair-fragrance-mist-feel-seen,,,,,,,,,,,,,,,,,,,,,,,,,https://cdn.shopify.com/s/files/1/0314/1143/7703/files/STYLIZED-FEEL-SEEN-MIST-INGREDIENTS.jpg?v=1764624678,3,,,,,,,,,,,
find-comfort-body-hair-fragrance-mist-feel-seen,,,,,,,,,,,,,,,,,,,,,,,,,https://cdn.shopify.com/s/files/1/0314/1143/7703/files/APPLICATION-FEEL-SEEN-MIST-BODY.jpg?v=1764624678,4,,,,,,,,,,,
find-comfort-body-hair-fragrance-mist-feel-seen,,,,,,,,,,,,,,,,,,,,,,,,,https://cdn.shopify.com/s/files/1/0314/1143/7703/files/APPLICATION-FEEL-SEEN-MIST-HAIR.jpg?v=1764624678,5,,,,,,,,,,,
find-comfort-body-hair-fragrance-mist-feel-seen,,,,,,,,,,,,,,,,,,,,,,,,,https://cdn.shopify.com/s/files/1/0314/1143/7703/files/STYLIZED-FEEL-SEEN-MIST-KEY-NOTES.jpg?v=1764623100,6,,,,,,,,,,,
find-comfort-body-hair-fragrance-mist-feel-seen,,,,,,,,,,,,,,,,,,,,,,,,,https://cdn.shopify.com/s/files/1/0314/1143/7703/files/STYLIZED-FEEL-SEEN-BODY-COLLECTION.jpg?v=1764623100,7,,,,,,,,,,,
find-comfort-body-hair-fragrance-mist-feel-seen,,,,,,,,,,,,,,,,,,,,,,,,,https://cdn.shopify.com/s/files/1/0314/1143/7703/files/ECOMM-FEEL-SEEN-BODY-HAIR-MIST.jpg?v=1764623100,8,,,,,,,,,,,
find-comfort-hydrating-body-mousse-to-oil-feel-seen,Find Comfort Hydrating Body Mousse to Oil - Feel Seen,"<p><meta charset=""utf-8""><span data-contrast=""auto"" lang=""EN-GB"" class=""TextRun SCXW34199661 BCX0""><span class=""NormalTextRun SCXW34199661 BCX0"">A light-as-air mousse that transforms into a weightless oil, replenishing skin with up to 8 hours of deep hydration while wrapping you in a fresh, alluring scent of honeydew and a crisp ocean breeze. </span></span></p>",Rare Beauty,,Body Oil,,TRUE,Title,Default Title,,,,,FGPSP40014F1,0,,0,deny,manual,30.00,,TRUE,TRUE,840122909085,https://cdn.shopify.com/s/files/1/0314/1143/7703/files/ECOMM-FEEL-SEEN-BODY-OIL-CLOSED.jpg?v=1764626674,1,,,,,,g,,,,,active
find-comfort-hydrating-body-mousse-to-oil-feel-seen,,,,,,,,,,,,,,,,,,,,,,,,,https://cdn.shopify.com/s/files/1/0314/1143/7703/files/CAMPAIGN-SELENA-FEEL-SEEN-BODY-OIL.jpg?v=1764626674,2,,,,,,,,,,,
find-comfort-hydrating-body-mousse-to-oil-feel-seen,,,,,,,,,,,,,,,,,,,,,,,,,https://cdn.shopify.com/s/files/1/0314/1143/7703/files/APPLICATION-FEEL-SEEN-BODY-OIL-TEXTURE.jpg?v=1764626674,3,,,,,,,,,,,
find-comfort-hydrating-body-mousse-to-oil-feel-seen,,,,,,,,,,,,,,,,,,,,,,,,,https://cdn.shopify.com/s/files/1/0314/1143/7703/files/CANDID-FEEL-SEEN-BODY-OIL.jpg?v=1764626674,4,,,,,,,,,,,
find-comfort-hydrating-body-mousse-to-oil-feel-seen,,,,,,,,,,,,,,,,,,,,,,,,,https://cdn.shopify.com/s/files/1/0314/1143/7703/files/APPLICATION-FEEL-SEEN-BODY-OIL.jpg?v=1764626674,5,,,,,,,,,,,
find-comfort-hydrating-body-mousse-to-oil-feel-seen,,,,,,,,,,,,,,,,,,,,,,,,,https://cdn.shopify.com/s/files/1/0314/1143/7703/files/BA-FEEL-SEEN-BODY-OIL.jpg?v=1764626674,6,,,,,,,,,,,
find-comfort-hydrating-body-mousse-to-oil-feel-seen,,,,,,,,,,,,,,,,,,,,,,,,,https://cdn.shopify.com/s/files/1/0314/1143/7703/files/STYLIZED-FEEL-SEEN-BODY-OIL-INGREDIENTS.jpg?v=1764626674,7,,,,,,,,,,,
find-comfort-hydrating-body-mousse-to-oil-feel-seen,,,,,,,,,,,,,,,,,,,,,,,,,https://cdn.shopify.com/s/files/1/0314/1143/7703/files/STYLIZED-FEEL-SEEN-BODY-COLLECTION_3bf19acb-a895-4ef3-9bf2-2f4ca4b8672d.jpg?v=1764626674,8,,,,,,,,,,,
find-comfort-hydrating-body-mousse-to-oil-feel-seen,,,,,,,,,,,,,,,,,,,,,,,,,https://cdn.shopify.com/s/files/1/0314/1143/7703/files/STYLIZED-FEEL-SEEN-BODY-OIL-KEY-NOTES.jpg?v=1764626674,9,,,,,,,,,,,
find-comfort-hydrating-body-mousse-to-oil-feel-seen,,,,,,,,,,,,,,,,,,,,,,,,,https://cdn.shopify.com/s/files/1/0314/1143/7703/files/ECOMM-FEEL-SEEN-BODY-OIL.jpg?v=1764626674,10,,,,,,,,,,,
find-comfort-lip-butter,Find Comfort Lip Butter,"<p><meta charset=""utf-8""><meta charset=""utf-8""><span>A rich daytime balm and nourishing overnight mask in one petite package, this cushiony lip butter wraps lips in lasting hydration for up to 8 hours, leaving them visibly softer, smoother, and more supple.</span><br></p>",Rare Beauty,,Lip Butter,non-returnable,TRUE,Shade,Easygoing,,,,,FGPSP40008F1,0,,0,deny,manual,18.00,,TRUE,TRUE,840122906817,https://cdn.shopify.com/s/files/1/0314/1143/7703/files/ECOMM-FC-LIP-BUTTER-EASYGOING-OPEN.jpg?v=1764718812,1,,,,,,g,,,,,active
find-comfort-lip-butter,,,,,,,,,,,,,,,,,,,,,,,,,https://cdn.shopify.com/s/files/1/0314/1143/7703/files/SHADE-GRID-FC-LIP-BUTTER-EASYGOING.jpg?v=1764718812,2,,,,,,,,,,,
find-comfort-lip-butter,,,,,,,,,,,,,,,,,,,,,,,,,https://cdn.shopify.com/s/files/1/0314/1143/7703/files/APPLICATION-FC-LIP-BUTTER-EASYGOING.jpg?v=1764718812,3,,,,,,,,,,,
find-comfort-lip-butter,,,,,,,,,,,,,,,,,,,,,,,,,https://cdn.shopify.com/s/files/1/0314/1143/7703/files/CANDIDS-FC-LIP-BUTTER-EASYGOING.jpg?v=1764718812,4,,,,,,,,,,,
find-comfort-lip-butter,,,,,,,,,,,,,,,,,,,,,,,,,https://cdn.shopify.com/s/files/1/0314/1143/7703/files/SWATCH-FC-LIP-BUTTER-EASYGOING.png?v=1764718812,5,,,,,,,,,,,
find-comfort-lip-butter,,,,,,,,,,,,,,,,,,,,,,,,,https://cdn.shopify.com/s/files/1/0314/1143/7703/files/ECOMM-FC-LIP-BUTTER-EASYGOING-CLOSED.jpg?v=1764718812,6,,,,,,,,,,,
find-comfort-lip-butter,,,,,,,,,,,,,,,,,,,,,,,,,https://cdn.shopify.com/s/files/1/0314/1143/7703/files/ECOMM-FC-LIP-BUTTER-LOVED-OPEN.jpg?v=1764719620,7,,,,,,,,,,,
find-comfort-lip-butter,,,,,,,,,,,,,,,,,,,,,,,,,https://cdn.shopify.com/s/files/1/0314/1143/7703/files/SHADE-GRID-FC-LIP-BUTTER-LOVED.jpg?v=1764719620,8,,,,,,,,,,,
find-comfort-lip-butter,,,,,,,,,,,,,,,,,,,,,,,,,https://cdn.shopify.com/s/files/1/0314/1143/7703/files/CAMPAIGN-SELENA-FC-LIP-BUTTER-APPLICATION-LOVED.jpg?v=1764719620,9,,,,,,,,,,,
find-comfort-lip-butter,,,,,,,,,,,,,,,,,,,,,,,,,https://cdn.shopify.com/s/files/1/0314/1143/7703/files/APPLICATION-FC-LIP-BUTTER-LOVED.jpg?v=1764719620,10,,,,,,,,,,,
find-comfort-lip-butter,,,,,,,,,,,,,,,,,,,,,,,,,https://cdn.shopify.com/s/files/1/0314/1143/7703/files/CANDIDS-FC-LIP-BUTTER-LOVED.jpg?v=1764719620,11,,,,,,,,,,,
find-comfort-lip-butter,,,,,,,,,,,,,,,,,,,,,,,,,https://cdn.shopify.com/s/files/1/0314/1143/7703/files/SWATCH-FC-LIP-BUTTER-LOVED.png?v=1764719620,12,,,,,,,,,,,
find-comfort-lip-butter,,,,,,,,,,,,,,,,,,,,,,,,,https://cdn.shopify.com/s/files/1/0314/1143/7703/files/ECOMM-FC-LIP-BUTTER-LOVED-CLOSED.jpg?v=1764719620,13,,,,,,,,,,,
find-comfort-lip-butter,,,,,,,,,,,,,,,,,,,,,,,,,https://cdn.shopify.com/s/files/1/0314/1143/7703/files/ECOMM-FC-LIP-BUTTER-FRIENDLY-OPEN.jpg?v=1764719620,14,,,,,,,,,,,
find-comfort-lip-butter,,,,,,,,,,,,,,,,,,,,,,,,,https://cdn.shopify.com/s/files/1/0314/1143/7703/files/SHADE-GRID-FC-LIP-BUTTER-FRIENDLY.jpg?v=1764718812,15,,,,,,,,,,,
find-comfort-lip-butter,,,,,,,,,,,,,,,,,,,,,,,,,https://cdn.shopify.com/s/files/1/0314/1143/7703/files/APPLICATION-FC-LIP-BUTTER-FRIENDLY.jpg?v=1764718812,16,,,,,,,,,,,
find-comfort-lip-butter,,,,,,,,,,,,,,,,,,,,,,,,,https://cdn.shopify.com/s/files/1/0314/1143/7703/files/CANDIDS-FC-LIP-BUTTER-FRIENDLY.jpg?v=1764718812,17,,,,,,,,,,,
find-comfort-lip-butter,,,,,,,,,,,,,,,,,,,,,,,,,https://cdn.shopify.com/s/files/1/0314/1143/7703/files/SWATCH-FC-LIP-BUTTER-FRIENDLY.png?v=1764718812,18,,,,,,,,,,,
find-comfort-lip-butter,,,,,,,,,,,,,,,,,,,,,,,,,https://cdn.shopify.com/s/files/1/0314/1143/7703/files/ECOMM-FC-LIP-BUTTER-FRIENDLY-CLOSED.jpg?v=1764718812,19,,,,,,,,,,,
find-comfort-lip-butter,,,,,,,,,,,,,,,,,,,,,,,,,https://cdn.shopify.com/s/files/1/0314/1143/7703/files/ECOMM-FC-LIP-BUTTER-UPLIFTING-OPEN.jpg?v=1764718812,20,,,,,,,,,,,
find-comfort-lip-butter,,,,,,,,,,,,,,,,,,,,,,,,,https://cdn.shopify.com/s/files/1/0314/1143/7703/files/SHADE-GRID-FC-LIP-BUTTER-UPLIFTING.jpg?v=1764718812,21,,,,,,,,,,,
find-comfort-lip-butter,,,,,,,,,,,,,,,,,,,,,,,,,https://cdn.shopify.com/s/files/1/0314/1143/7703/files/CANDIDS-FC-LIP-BUTTER-UPLIFTING.jpg?v=1764718812,22,,,,,,,,,,,
find-comfort-lip-butter,,,,,,,,,,,,,,,,,,,,,,,,,https://cdn.shopify.com/s/files/1/0314/1143/7703/files/APPLICATION-FC-LIP-BUTTER-UPLIFTING.jpg?v=1764718812,23,,,,,,,,,,,
find-comfort-lip-butter,,,,,,,,,,,,,,,,,,,,,,,,,https://cdn.shopify.com/s/files/1/0314/1143/7703/files/SWATCH-FC-LIP-BUTTER-UPLIFTING.png?v=1764718812,24,,,,,,,,,,,
find-comfort-lip-butter,,,,,,,,,,,,,,,,,,,,,,,,,https://cdn.shopify.com/s/files/1/0314/1143/7703/files/ECOMM-FC-LIP-BUTTER-UPLIFTING-CLOSED.jpg?v=1764718812,25,,,,,,,,,,,
find-comfort-lip-butter,,,,,,,,,,,,,,,,,,,,,,,,,https://cdn.shopify.com/s/files/1/0314/1143/7703/files/ARM-SWATCHES-FC-LIP-BUTTER.jpg?v=1764632213,26,,,,,,,,,,,
find-comfort-lip-butter,,,,,,,,,,,,,,,,,,,,,,,,,https://cdn.shopify.com/s/files/1/0314/1143/7703/files/STYLIZED-FC-LIP-BUTTER-INGREDIENTS.jpg?v=1764632247,27,,,,,,,,,,,
find-comfort-lip-butter,,,,,,,,,,,,,,,,,,,,,,,,,https://cdn.shopify.com/s/files/1/0314/1143/7703/files/STYLIZED-FC-LIP-BUTTER-SWATCH.jpg?v=1764632247,28,,,,,,,,,,,
find-comfort-lip-butter,,,,,,,,,,,,,,,,,,,,,,,,,https://cdn.shopify.com/s/files/1/0314/1143/7703/files/STYLIZED-FC-LIP-BUTTER-COLLECTION.jpg?v=1764632247,29,,,,,,,,,,,
find-comfort-lip-butter,,,,,,,,,,,,,,,,,,,,,,,,,https://cdn.shopify.com/s/files/1/0314/1143/7703/files/STYLIZED-FC-LIP-BUTTER-INGREDIENT-HERO.jpg?v=1764632247,30,,,,,,,,,,,
find-comfort-lip-butter,,"<p><meta charset=""utf-8""><meta charset=""utf-8""><span>A rich daytime balm and nourishing overnight mask in one petite package, this cushiony lip butter wraps lips in lasting hydration for up to 8 hours, leaving them visibly softer, smoother, and more supple.</span><br></p>",Rare Beauty,,Lip Butter,non-returnable,TRUE,Shade,Loved,,,,,FGPSP40010F1,0,,0,deny,manual,18.00,,TRUE,TRUE,840122906930,,,,,,,,g,,,,,active
find-comfort-lip-butter,,"<p><meta charset=""utf-8""><meta charset=""utf-8""><span>A rich daytime balm and nourishing overnight mask in one petite package, this cushiony lip butter wraps lips in lasting hydration for up to 8 hours, leaving them visibly softer, smoother, and more supple.</span><br></p>",Rare Beauty,,Lip Butter,non-returnable,TRUE,Shade,Friendly,,,,,FGPSP40009F1,0,,0,deny,manual,18.00,,TRUE,TRUE,840122906923,,,,,,,,g,,,,,active
find-comfort-lip-butter,,"<p><meta charset=""utf-8""><meta charset=""utf-8""><span>A rich daytime balm and nourishing overnight mask in one petite package, this cushiony lip butter wraps lips in lasting hydration for up to 8 hours, leaving them visibly softer, smoother, and more supple.</span><br></p>",Rare Beauty,,Lip Butter,non-returnable,TRUE,Shade,Uplifting,,,,,FGPSP40011F1,0,,0,deny,manual,18.00,,TRUE,TRUE,840122906947,,,,,,,,g,,,,,active
warm-radiance-mini-blush-luminizer-duo,Warm Radiance Mini Blush & Luminizer Duo,"<p><meta charset=""utf-8""><span class=""TextRun SCXW46167309 BCX0"" lang=""EN-GB"" data-contrast=""auto""><span class=""NormalTextRun SCXW46167309 BCX0"">The essentials you need for warm, radiant looks on the go. Award-winning Soft Pinch Liquid Blush Mini in Resilience (warm chestnut) blends beautifully for a soft flush of<span> </span></span><span class=""NormalTextRun SpellingErrorV2Themed SCXW46167309 BCX0"">color</span><span class=""NormalTextRun SCXW46167309 BCX0"">, while Positive Light Liquid<span> </span></span><span class=""NormalTextRun SpellingErrorV2Themed SCXW46167309 BCX0"">Luminizer</span><span class=""NormalTextRun SCXW46167309 BCX0""><span> </span>Mini in Exhilarate (champagne gold) gives skin a dewy, buildable glow. A $32 value.</span></span></p>",Rare Beauty,,Cheek,non-returnable,TRUE,Title,Default Title,,,,,FGPBTF0010M1,70,,0,deny,manual,26.00,32.00,TRUE,TRUE,840122907715,https://cdn.shopify.com/s/files/1/0314/1143/7703/files/ECOMM-WARM-RADIANCE-BOX-PRODUCT-ENG.jpg?v=1773699925,1,,,,,,g,,,,,active
warm-radiance-mini-blush-luminizer-duo,,,,,,,,,,,,,,,,,,,,,,,,,https://cdn.shopify.com/s/files/1/0314/1143/7703/files/SHADE-GRIDS-SP-LIQUID-BLUSH-DEWY-RESILIENCE_ad8d3a93-eb4b-4af4-8a62-6fd69181d252.jpg?v=1773699925,2,,,,,,,,,,,
warm-radiance-mini-blush-luminizer-duo,,,,,,,,,,,,,,,,,,,,,,,,,https://cdn.shopify.com/s/files/1/0314/1143/7703/files/SHADE-GRIDS-PL-LIQUID-LUMINIZER-EXHILARATE.jpg?v=1773699925,3,,,,,,,,,,,
warm-radiance-mini-blush-luminizer-duo,,,,,,,,,,,,,,,,,,,,,,,,,https://cdn.shopify.com/s/files/1/0314/1143/7703/files/ARM-SWATCHES-WARM-RADIANCE-SET.jpg?v=1773699925,4,,,,,,,,,,,
warm-radiance-mini-blush-luminizer-duo,,,,,,,,,,,,,,,,,,,,,,,,,https://cdn.shopify.com/s/files/1/0314/1143/7703/files/ON-FIGURE-WARM-RADIANCE-CANDIDS-MEDIUM.jpg?v=1773699925,5,,,,,,,,,,,
warm-radiance-mini-blush-luminizer-duo,,,,,,,,,,,,,,,,,,,,,,,,,https://cdn.shopify.com/s/files/1/0314/1143/7703/files/ON-FIGURE-WARM-RADIANCE-CANDIDS-DEEP.jpg?v=1773699925,6,,,,,,,,,,,
warm-radiance-mini-blush-luminizer-duo,,,,,,,,,,,,,,,,,,,,,,,,,https://cdn.shopify.com/s/files/1/0314/1143/7703/files/ON-FIGURE-WARM-RADIANCE-CANDIDS-LIGHT.jpg?v=1773699925,7,,,,,,,,,,,
warm-radiance-mini-blush-luminizer-duo,,,,,,,,,,,,,,,,,,,,,,,,,https://cdn.shopify.com/s/files/1/0314/1143/7703/files/SWATCH-WARM-RADIANCE-SET.jpg?v=1773699925,8,,,,,,,,,,,
warm-radiance-mini-blush-luminizer-duo,,,,,,,,,,,,,,,,,,,,,,,,,https://cdn.shopify.com/s/files/1/0314/1143/7703/files/ECOMM-WARM-RADIANCE-PRODUCT.jpg?v=1773699925,9,,,,,,,,,,,
warm-wishes-soft-matte-powder-bronzer,Warm Wishes Soft Matte Powder Bronzer,"<p><meta charset=""utf-8""><span data-contrast=""auto"" lang=""EN-GB"" class=""TextRun SCXW44260814 BCX0""><span class=""NormalTextRun SCXW44260814 BCX0"">An ultra-smooth bronzing powder with a blurred matte finish that gives skin a natural sunlit warmth all day long. </span></span><span class=""EOP SCXW44260814 BCX0"" data-ccp-props='{""201341983"":0,""335559740"":240}'> </span></p>",Rare Beauty,,Bronzer,non-returnable,TRUE,Shade,Summer Feels,,,,,FGPSP60002F1,0,,0,deny,manual,30.00,,TRUE,TRUE,840122908958,https://cdn.shopify.com/s/files/1/0314/1143/7703/files/ECOMM-WW-POWDER-BRONZER-SUMMER-FEELS.jpg?v=1767661488,1,,,,,,g,,,,,active
warm-wishes-soft-matte-powder-bronzer,,,,,,,,,,,,,,,,,,,,,,,,,https://cdn.shopify.com/s/files/1/0314/1143/7703/files/CANDIDS-WW-POWDER-BRONZER-SUMMER-FEELS.jpg?v=1767661488,2,,,,,,,,,,,
warm-wishes-soft-matte-powder-bronzer,,,,,,,,,,,,,,,,,,,,,,,,,https://cdn.shopify.com/s/files/1/0314/1143/7703/files/SWATCH-WW-POWDER-BRONZER-SUMMER-FEELS.png?v=1767661372,3,,,,,,,,,,,
warm-wishes-soft-matte-powder-bronzer,,,,,,,,,,,,,,,,,,,,,,,,,https://cdn.shopify.com/s/files/1/0314/1143/7703/files/ECOMM-WW-POWDER-BRONZER-SUN-BLAZE.jpg?v=1767661584,4,,,,,,,,,,,
warm-wishes-soft-matte-powder-bronzer,,,,,,,,,,,,,,,,,,,,,,,,,https://cdn.shopify.com/s/files/1/0314/1143/7703/files/CANDIDS-WW-POWDER-BRONZER-SUN-BLAZE.jpg?v=1767661532,5,,,,,,,,,,,
warm-wishes-soft-matte-powder-bronzer,,,,,,,,,,,,,,,,,,,,,,,,,https://cdn.shopify.com/s/files/1/0314/1143/7703/files/SWATCH-WW-POWDER-BRONZER-SUN-BLAZE.png?v=1767661532,6,,,,,,,,,,,
warm-wishes-soft-matte-powder-bronzer,,,,,,,,,,,,,,,,,,,,,,,,,https://cdn.shopify.com/s/files/1/0314/1143/7703/files/ECOMM-WW-POWDER-BRONZER-WARMED-UP.jpg?v=1767661641,7,,,,,,,,,,,
warm-wishes-soft-matte-powder-bronzer,,,,,,,,,,,,,,,,,,,,,,,,,https://cdn.shopify.com/s/files/1/0314/1143/7703/files/CAMPAIGN-SELENA-WW-POWDER-BRONZER-WARMED-UP-01.jpg?v=1767812526,8,,,,,,,,,,,
warm-wishes-soft-matte-powder-bronzer,,,,,,,,,,,,,,,,,,,,,,,,,https://cdn.shopify.com/s/files/1/0314/1143/7703/files/CANDIDS-WW-POWDER-BRONZER-WARMED-UP.jpg?v=1767812526,9,,,,,,,,,,,
warm-wishes-soft-matte-powder-bronzer,,,,,,,,,,,,,,,,,,,,,,,,,https://cdn.shopify.com/s/files/1/0314/1143/7703/files/SWATCH-WW-POWDER-BRONZER-WARMED-UP.png?v=1767812526,10,,,,,,,,,,,
warm-wishes-soft-matte-powder-bronzer,,,,,,,,,,,,,,,,,,,,,,,,,https://cdn.shopify.com/s/files/1/0314/1143/7703/files/CAMPAIGN-SELENA-WW-POWDER-BRONZER-WARMED-UP-02.jpg?v=1767661641,11,,,,,,,,,,,
warm-wishes-soft-matte-powder-bronzer,,,,,,,,,,,,,,,,,,,,,,,,,https://cdn.shopify.com/s/files/1/0314/1143/7703/files/CAMPAIGN-SELENA-WW-POWDER-BRONZER-WARMED-UP-APPLICATION.jpg?v=1771633423,12,,,,,,,,,,,
warm-wishes-soft-matte-powder-bronzer,,,,,,,,,,,,,,,,,,,,,,,,,https://cdn.shopify.com/s/files/1/0314/1143/7703/files/ECOMM-WW-POWDER-BRONZER-SUNNY-SPIRITS.jpg?v=1767662567,13,,,,,,,,,,,
warm-wishes-soft-matte-powder-bronzer,,,,,,,,,,,,,,,,,,,,,,,,,https://cdn.shopify.com/s/files/1/0314/1143/7703/files/CANDIDS-WW-POWDER-BRONZER-SUNNY-SPIRITS.jpg?v=1767662567,14,,,,,,,,,,,
warm-wishes-soft-matte-powder-bronzer,,,,,,,,,,,,,,,,,,,,,,,,,https://cdn.shopify.com/s/files/1/0314/1143/7703/files/SWATCH-WW-POWDER-BRONZER-SUNNY-SPIRITS.png?v=1767662556,15,,,,,,,,,,,
warm-wishes-soft-matte-powder-bronzer,,,,,,,,,,,,,,,,,,,,,,,,,https://cdn.shopify.com/s/files/1/0314/1143/7703/files/ECOMM-WW-POWDER-BRONZER-RADIATE-WARMTH.jpg?v=1767662696,16,,,,,,,,,,,
warm-wishes-soft-matte-powder-bronzer,,,,,,,,,,,,,,,,,,,,,,,,,https://cdn.shopify.com/s/files/1/0314/1143/7703/files/CANDIDS-WW-POWDER-BRONZER-RADIATE-WARMTH.jpg?v=1767662652,17,,,,,,,,,,,
warm-wishes-soft-matte-powder-bronzer,,,,,,,,,,,,,,,,,,,,,,,,,https://cdn.shopify.com/s/files/1/0314/1143/7703/files/SWATCH-WW-POWDER-BRONZER-RADIATE-WARMTH.png?v=1767662652,18,,,,,,,,,,,
warm-wishes-soft-matte-powder-bronzer,,,,,,,,,,,,,,,,,,,,,,,,,https://cdn.shopify.com/s/files/1/0314/1143/7703/files/ECOMM-WW-POWDER-BRONZER-BRONZE-BLISS.jpg?v=1767662755,19,,,,,,,,,,,
warm-wishes-soft-matte-powder-bronzer,,,,,,,,,,,,,,,,,,,,,,,,,https://cdn.shopify.com/s/files/1/0314/1143/7703/files/CANDIDS-WW-POWDER-BRONZER-BRONZE-BLISS.jpg?v=1767662714,20,,,,,,,,,,,
warm-wishes-soft-matte-powder-bronzer,,,,,,,,,,,,,,,,,,,,,,,,,https://cdn.shopify.com/s/files/1/0314/1143/7703/files/SWATCH-WW-POWDER-BRONZER-BRONZE-BLISS.png?v=1767662714,21,,,,,,,,,,,
warm-wishes-soft-matte-powder-bronzer,,,,,,,,,,,,,,,,,,,,,,,,,https://cdn.shopify.com/s/files/1/0314/1143/7703/files/ECOMM-WW-POWDER-BRONZER-NEW-DAWN.jpg?v=1767662810,22,,,,,,,,,,,
warm-wishes-soft-matte-powder-bronzer,,,,,,,,,,,,,,,,,,,,,,,,,https://cdn.shopify.com/s/files/1/0314/1143/7703/files/CANDIDS-WW-POWDER-BRONZER-NEW-DAWN.jpg?v=1767662770,23,,,,,,,,,,,
warm-wishes-soft-matte-powder-bronzer,,,,,,,,,,,,,,,,,,,,,,,,,https://cdn.shopify.com/s/files/1/0314/1143/7703/files/SWATCH-WW-POWDER-BRONZER-NEW-DAWN.png?v=1767662770,24,,,,,,,,,,,
warm-wishes-soft-matte-powder-bronzer,,,,,,,,,,,,,,,,,,,,,,,,,https://cdn.shopify.com/s/files/1/0314/1143/7703/files/ARM-SWATCHES-WW-POWDER-BRONZER.jpg?v=1771633423,25,,,,,,,,,,,
warm-wishes-soft-matte-powder-bronzer,,,,,,,,,,,,,,,,,,,,,,,,,https://cdn.shopify.com/s/files/1/0314/1143/7703/files/STYLIZED-WW-POWDER-BRONZER-SWATCH.jpg?v=1767662976,26,,,,,,,,,,,
warm-wishes-soft-matte-powder-bronzer,,,,,,,,,,,,,,,,,,,,,,,,,https://cdn.shopify.com/s/files/1/0314/1143/7703/files/CANDIDS-WW-POWDER-BRONZER.jpg?v=1767662976,27,,,,,,,,,,,
warm-wishes-soft-matte-powder-bronzer,,,,,,,,,,,,,,,,,,,,,,,,,https://cdn.shopify.com/s/files/1/0314/1143/7703/files/APPLICATION-MAP-WW-POWDER-BRONZER-LIGHT.jpg?v=1771633423,28,,,,,,,,,,,
warm-wishes-soft-matte-powder-bronzer,,,,,,,,,,,,,,,,,,,,,,,,,https://cdn.shopify.com/s/files/1/0314/1143/7703/files/APPLICATION-MAP-WW-POWDER-BRONZER-DEEP.jpg?v=1771633423,29,,,,,,,,,,,
warm-wishes-soft-matte-powder-bronzer,,,,,,,,,,,,,,,,,,,,,,,,,https://cdn.shopify.com/s/files/1/0314/1143/7703/files/STYLIZED-WW-POWDER-BRONZER-COLLECTION-SWATCHES.jpg?v=1771633423,30,,,,,,,,,,,
warm-wishes-soft-matte-powder-bronzer,,,,,,,,,,,,,,,,,,,,,,,,,https://cdn.shopify.com/s/files/1/0314/1143/7703/files/ECOMM-WW-POWDER-BRONZER-CLOSED.jpg?v=1767662976,31,,,,,,,,,,,
warm-wishes-soft-matte-powder-bronzer,,"<p><meta charset=""utf-8""><span data-contrast=""auto"" lang=""EN-GB"" class=""TextRun SCXW44260814 BCX0""><span class=""NormalTextRun SCXW44260814 BCX0"">An ultra-smooth bronzing powder with a blurred matte finish that gives skin a natural sunlit warmth all day long. </span></span><span class=""EOP SCXW44260814 BCX0"" data-ccp-props='{""201341983"":0,""335559740"":240}'> </span></p>",Rare Beauty,,Bronzer,non-returnable,TRUE,Shade,Sun Blaze,,,,,FGPSP60003F1,0,,0,deny,manual,30.00,,TRUE,TRUE,840122908965,,,,,,,,g,,,,,active
warm-wishes-soft-matte-powder-bronzer,,"<p><meta charset=""utf-8""><span data-contrast=""auto"" lang=""EN-GB"" class=""TextRun SCXW44260814 BCX0""><span class=""NormalTextRun SCXW44260814 BCX0"">An ultra-smooth bronzing powder with a blurred matte finish that gives skin a natural sunlit warmth all day long. </span></span><span class=""EOP SCXW44260814 BCX0"" data-ccp-props='{""201341983"":0,""335559740"":240}'> </span></p>",Rare Beauty,,Bronzer,non-returnable,TRUE,Shade,Warmed Up,,,,,FGPSP60004F1,0,,0,deny,manual,30.00,,TRUE,TRUE,840122908972,,,,,,,,g,,,,,active
warm-wishes-soft-matte-powder-bronzer,,"<p><meta charset=""utf-8""><span data-contrast=""auto"" lang=""EN-GB"" class=""TextRun SCXW44260814 BCX0""><span class=""NormalTextRun SCXW44260814 BCX0"">An ultra-smooth bronzing powder with a blurred matte finish that gives skin a natural sunlit warmth all day long. </span></span><span class=""EOP SCXW44260814 BCX0"" data-ccp-props='{""201341983"":0,""335559740"":240}'> </span></p>",Rare Beauty,,Bronzer,non-returnable,TRUE,Shade,Sunny Spirits,,,,,FGPSP60005F1,0,,0,deny,manual,30.00,,TRUE,TRUE,840122908989,,,,,,,,g,,,,,active
warm-wishes-soft-matte-powder-bronzer,,"<p><meta charset=""utf-8""><span data-contrast=""auto"" lang=""EN-GB"" class=""TextRun SCXW44260814 BCX0""><span class=""NormalTextRun SCXW44260814 BCX0"">An ultra-smooth bronzing powder with a blurred matte finish that gives skin a natural sunlit warmth all day long. </span></span><span class=""EOP SCXW44260814 BCX0"" data-ccp-props='{""201341983"":0,""335559740"":240}'> </span></p>",Rare Beauty,,Bronzer,non-returnable,TRUE,Shade,Radiate Warmth,,,,,FGPSP60006F1,0,,0,deny,manual,30.00,,TRUE,TRUE,840122908996,,,,,,,,g,,,,,active
warm-wishes-soft-matte-powder-bronzer,,"<p><meta charset=""utf-8""><span data-contrast=""auto"" lang=""EN-GB"" class=""TextRun SCXW44260814 BCX0""><span class=""NormalTextRun SCXW44260814 BCX0"">An ultra-smooth bronzing powder with a blurred matte finish that gives skin a natural sunlit warmth all day long. </span></span><span class=""EOP SCXW44260814 BCX0"" data-ccp-props='{""201341983"":0,""335559740"":240}'> </span></p>",Rare Beauty,,Bronzer,non-returnable,TRUE,Shade,Bronze Bliss,,,,,FGPSP60007F1,0,,0,deny,manual,30.00,,TRUE,TRUE,840122909009,,,,,,,,g,,,,,active
warm-wishes-soft-matte-powder-bronzer,,"<p><meta charset=""utf-8""><span data-contrast=""auto"" lang=""EN-GB"" class=""TextRun SCXW44260814 BCX0""><span class=""NormalTextRun SCXW44260814 BCX0"">An ultra-smooth bronzing powder with a blurred matte finish that gives skin a natural sunlit warmth all day long. </span></span><span class=""EOP SCXW44260814 BCX0"" data-ccp-props='{""201341983"":0,""335559740"":240}'> </span></p>",Rare Beauty,,Bronzer,non-returnable,TRUE,Shade,New Dawn,,,,,FGPSP60013F1,0,,0,deny,manual,30.00,,TRUE,TRUE,840122909344,,,,,,,,g,,,,,active
angled-powder-brush,Angled Powder Brush,"<p><meta charset=""utf-8""><span data-contrast=""auto"" lang=""EN-GB"" class=""TextRun SCXW261669708 BCX0""><span class=""NormalTextRun SCXW261669708 BCX0"">A multiuse powder brush with soft, synthetic bristles and a uniquely angled shape—perfect for seamlessly blending bronzer, blush, setting powder, and more. </span></span><span class=""EOP SCXW261669708 BCX0"" data-ccp-props=""{}""> </span></p>",Rare Beauty,,Brushes,non-returnable,TRUE,Title,Default Title,,,,,FGPSP60016F1,5,,0,deny,manual,30.00,,TRUE,TRUE,840122909825,https://cdn.shopify.com/s/files/1/0314/1143/7703/files/ECOMM-BRONZER-BRUSH-01.jpg?v=1767763081,1,,,,,,g,,,,,active
angled-powder-brush,,,,,,,,,,,,,,,,,,,,,,,,,https://cdn.shopify.com/s/files/1/0314/1143/7703/files/CAMPAIGN-SELENA-WW-POWDER-BRONZER-WARMED-UP-APPLICATION.jpg?v=1771633423,2,,,,,,,,,,,
angled-powder-brush,,,,,,,,,,,,,,,,,,,,,,,,,https://cdn.shopify.com/s/files/1/0314/1143/7703/files/STYLIZED-BRONZER-BRUSH.jpg?v=1768053745,3,,,,,,,,,,,
angled-powder-brush,,,,,,,,,,,,,,,,,,,,,,,,,https://cdn.shopify.com/s/files/1/0314/1143/7703/files/ECOMM-BRONZER-BRUSH-02.jpg?v=1771633423,4,,,,,,,,,,,
angled-powder-brush,,,,,,,,,,,,,,,,,,,,,,,,,https://cdn.shopify.com/s/files/1/0314/1143/7703/files/CANDID-BRONZER-BRUSH-APPLICATION.jpg?v=1768053745,5,,,,,,,,,,,
perfect-strokes-matte-liquid-liner-brown,Perfect Strokes Matte Liquid Liner - Brown,"<p><meta charset=""utf-8""><span>An easy-glide, waterproof liquid eyeliner that lays down the perfect rich, matte brown color with expert precision every time.</span></p>",Rare Beauty,,Eyeliner,non-returnable,TRUE,Title,Default Title,,,,,FGPSP60001F1,0,,0,deny,manual,22.00,,TRUE,TRUE,840122908927,https://cdn.shopify.com/s/files/1/0314/1143/7703/files/ECOMM-PS-MATTE-LIQUID-LINER-BROWN.jpg?v=1771898582,1,,,,,,g,,,,,active
perfect-strokes-matte-liquid-liner-brown,,,,,,,,,,,,,,,,,,,,,,,,,https://cdn.shopify.com/s/files/1/0314/1143/7703/files/CAMPAIGN-MODEL-PS-MATTE-LIQUID-LINER-BROWN.jpg?v=1771898582,2,,,,,,,,,,,
perfect-strokes-matte-liquid-liner-brown,,,,,,,,,,,,,,,,,,,,,,,,,https://cdn.shopify.com/s/files/1/0314/1143/7703/files/CANDID-APPLICATION-PS-MATTE-LIQUID-LINER-BROWN-04.jpg?v=1771898582,3,,,,,,,,,,,
perfect-strokes-matte-liquid-liner-brown,,,,,,,,,,,,,,,,,,,,,,,,,https://cdn.shopify.com/s/files/1/0314/1143/7703/files/CANDID-APPLICATION-PS-MATTE-LIQUID-LINER-BROWN-02.jpg?v=1771898582,4,,,,,,,,,,,
perfect-strokes-matte-liquid-liner-brown,,,,,,,,,,,,,,,,,,,,,,,,,https://cdn.shopify.com/s/files/1/0314/1143/7703/files/SWATCH-PS-MATTE-LIQUID-LINER-BROWN.png?v=1771898582,5,,,,,,,,,,,
perfect-strokes-matte-liquid-liner-brown,,,,,,,,,,,,,,,,,,,,,,,,,https://cdn.shopify.com/s/files/1/0314/1143/7703/files/ECOMM-PS-MATTE-LIQUID-LINER-BROWN-V1.jpg?v=1771898582,6,,,,,,,,,,,
perfect-strokes-matte-liquid-liner-brown,,,,,,,,,,,,,,,,,,,,,,,,,https://cdn.shopify.com/s/files/1/0314/1143/7703/files/CANDID-APPLICATION-PS-MATTE-LIQUID-LINER-BROWN-01.jpg?v=1771898582,7,,,,,,,,,,,
perfect-strokes-matte-liquid-liner-brown,,,,,,,,,,,,,,,,,,,,,,,,,https://cdn.shopify.com/s/files/1/0314/1143/7703/files/CANDID-APPLICATION-PS-MATTE-LIQUID-LINER-BROWN-03.jpg?v=1771898582,8,,,,,,,,,,,
perfect-strokes-matte-liquid-liner-brown,,,,,,,,,,,,,,,,,,,,,,,,,https://cdn.shopify.com/s/files/1/0314/1143/7703/files/CANDID-PS-MATTE-LIQUID-LINER-BROWN-01.jpg?v=1771898582,9,,,,,,,,,,,
perfect-strokes-matte-liquid-liner-brown,,,,,,,,,,,,,,,,,,,,,,,,,https://cdn.shopify.com/s/files/1/0314/1143/7703/files/CANDID-PS-MATTE-LIQUID-LINER-BROWN-02.jpg?v=1771898582,10,,,,,,,,,,,
perfect-strokes-matte-liquid-liner-brown,,,,,,,,,,,,,,,,,,,,,,,,,https://cdn.shopify.com/s/files/1/0314/1143/7703/files/CANDID-PS-MATTE-LIQUID-LINER-BROWN-03.jpg?v=1771898582,11,,,,,,,,,,,
perfect-strokes-matte-liquid-liner-brown,,,,,,,,,,,,,,,,,,,,,,,,,https://cdn.shopify.com/s/files/1/0314/1143/7703/files/CANDID-PS-MATTE-LIQUID-LINER-BROWN-04.jpg?v=1771898582,12,,,,,,,,,,,
perfect-strokes-matte-liquid-liner-brown,,,,,,,,,,,,,,,,,,,,,,,,,https://cdn.shopify.com/s/files/1/0314/1143/7703/files/ECOMM-PS-MATTE-LIQUID-LINER-BROWN-CLOSED.jpg?v=1771898582,13,,,,,,,,,,,
perfect-strokes-universal-volumizing-mascara-brown,Perfect Strokes Universal Volumizing Mascara - Brown,"<p><meta charset=""utf-8""><span>Created for every lash type, this all-in-one mascara pairs a weightless, easy-to-build formula with a universal eye-hugging brush to lift, lengthen, curl, and volumize every lash from every angle.</span></p>",Rare Beauty,,Mascara,non-returnable,TRUE,Title,Default Title,,,,,FGPPSM0002F1,0,,0,deny,manual,24.00,,TRUE,TRUE,840122909016,https://cdn.shopify.com/s/files/1/0314/1143/7703/files/ECOMM-PS-VOLUMIZING-MASCARA-BROWN_73d6ef67-a4f5-4aad-a8b3-c1b27466ae4b.jpg?v=1771896312,1,,,,,,g,,,,,active
perfect-strokes-universal-volumizing-mascara-brown,,,,,,,,,,,,,,,,,,,,,,,,,https://cdn.shopify.com/s/files/1/0314/1143/7703/files/CANDID-PS-VOLUMIZING-MASCARA-BROWN-03_8479e2c6-2c20-4e11-855c-50c639a97d18.jpg?v=1771896312,2,,,,,,,,,,,
perfect-strokes-universal-volumizing-mascara-brown,,,,,,,,,,,,,,,,,,,,,,,,,https://cdn.shopify.com/s/files/1/0314/1143/7703/files/CAMPAIGN-MODEL-PS-VOLUMIZING-MASCARA-BROWN_faad18de-a730-4472-aeeb-7e15edb56889.jpg?v=1771896312,3,,,,,,,,,,,
perfect-strokes-universal-volumizing-mascara-brown,,,,,,,,,,,,,,,,,,,,,,,,,https://cdn.shopify.com/s/files/1/0314/1143/7703/files/BA-PS-VOLUMIZING-MASCARA-BROWN_13349606-91e4-4bc3-9901-2a4a71402791.jpg?v=1771896312,4,,,,,,,,,,,
perfect-strokes-universal-volumizing-mascara-brown,,,,,,,,,,,,,,,,,,,,,,,,,https://cdn.shopify.com/s/files/1/0314/1143/7703/files/SWATCH-PS-VOLUMIZING-MASCARA-BROWN_223d7e29-67f0-440a-92c7-d81377e76d9d.png?v=1771896312,5,,,,,,,,,,,
perfect-strokes-universal-volumizing-mascara-brown,,,,,,,,,,,,,,,,,,,,,,,,,https://cdn.shopify.com/s/files/1/0314/1143/7703/files/CANDID-PS-VOLUMIZING-MASCARA-BROWN-02_3d34b85f-7dd0-4c81-983d-b6aff941a4f2.jpg?v=1771896312,6,,,,,,,,,,,
perfect-strokes-universal-volumizing-mascara-brown,,,,,,,,,,,,,,,,,,,,,,,,,https://cdn.shopify.com/s/files/1/0314/1143/7703/files/ECOMM-PS-VOLUMIZING-MASCARA-BROWN-V2_82b92d37-f33d-4537-b1a8-d9f264bba581.jpg?v=1771896312,7,,,,,,,,,,,
perfect-strokes-universal-volumizing-mascara-brown,,,,,,,,,,,,,,,,,,,,,,,,,https://cdn.shopify.com/s/files/1/0314/1143/7703/files/CANDID-APPLICATION-PS-VOLUMIZING-MASCARA-BROWN-03_2ab7069f-3151-458e-b446-96d873ffba56.jpg?v=1771896312,8,,,,,,,,,,,
perfect-strokes-universal-volumizing-mascara-brown,,,,,,,,,,,,,,,,,,,,,,,,,https://cdn.shopify.com/s/files/1/0314/1143/7703/files/CANDID-APPLICATION-PS-VOLUMIZING-MASCARA-BROWN-01_45252ffa-854c-41b8-a21e-fb36ec3ce6d0.jpg?v=1771896312,9,,,,,,,,,,,
perfect-strokes-universal-volumizing-mascara-brown,,,,,,,,,,,,,,,,,,,,,,,,,https://cdn.shopify.com/s/files/1/0314/1143/7703/files/CANDID-APPLICATION-PS-VOLUMIZING-MASCARA-BROWN-02_e54692f9-1608-4a4d-ac34-15bae54b000b.jpg?v=1771896312,10,,,,,,,,,,,
perfect-strokes-universal-volumizing-mascara-brown,,,,,,,,,,,,,,,,,,,,,,,,,https://cdn.shopify.com/s/files/1/0314/1143/7703/files/ECOMM-PS-VOLUMIZING-MASCARA-BROWN-V1_e7ba8e54-d987-472c-b916-0beddfabbe85.jpg?v=1771896312,11,,,,,,,,,,,
perfect-strokes-universal-volumizing-mascara-brown,,,,,,,,,,,,,,,,,,,,,,,,,https://cdn.shopify.com/s/files/1/0314/1143/7703/files/CANDID-PS-VOLUMIZING-MASCARA-BROWN-01_f92e9e2b-16cc-4dd3-af98-070ac3875ae2.jpg?v=1771896312,12,,,,,,,,,,,
perfect-strokes-universal-volumizing-mascara-brown,,,,,,,,,,,,,,,,,,,,,,,,,https://cdn.shopify.com/s/files/1/0314/1143/7703/files/ECOMM-PS-VOLUMIZING-MASCARA-BROWN-CLOSED_a2dbf580-3784-4964-89f6-c1f92cf2a9c6.jpg?v=1771896312,13,,,,,,,,,,,
essential-neutrals-eyeshadow-palette,Essential Neutrals Eyeshadow Palette,"<p><meta charset=""utf-8""><span>An easy-to-use eyeshadow palette of essential neutrals in matte and metallic finishes—thoughtfully curated to add depth and dimension to any look with smooth, blendable, crease-resistant shades that last.</span></p>",Rare Beauty,,Eyeshadow,non-returnable,TRUE,Title,Default Title,,,,,FGPSP60008F1,0,,0,deny,manual,30.00,,TRUE,TRUE,840122909023,https://cdn.shopify.com/s/files/1/0314/1143/7703/files/ECOMM-ESSENTIAL-NEUTRALS-EYESHADOW-PALETTE.jpg?v=1771959603,1,,,,,,g,,,,,active
essential-neutrals-eyeshadow-palette,,,,,,,,,,,,,,,,,,,,,,,,,https://cdn.shopify.com/s/files/1/0314/1143/7703/files/CAMPAIGN-MODEL-ESSENTIAL-NEUTRALS-EYESHADOW-PALETTE.jpg?v=1771959603,2,,,,,,,,,,,
essential-neutrals-eyeshadow-palette,,,,,,,,,,,,,,,,,,,,,,,,,https://cdn.shopify.com/s/files/1/0314/1143/7703/files/ARM-SWATCHES-ESSENTIAL-NEUTRALS-EYESHADOW-PALETTE.jpg?v=1771959603,3,,,,,,,,,,,
essential-neutrals-eyeshadow-palette,,,,,,,,,,,,,,,,,,,,,,,,,https://cdn.shopify.com/s/files/1/0314/1143/7703/files/CANDIDS-ESSENTIAL-NEUTRALS-EYESHADOW-PALETTE-SIMPLE-02.jpg?v=1771959603,4,,,,,,,,,,,
essential-neutrals-eyeshadow-palette,,,,,,,,,,,,,,,,,,,,,,,,,https://cdn.shopify.com/s/files/1/0314/1143/7703/files/CANDIDS-ESSENTIAL-NEUTRALS-EYESHADOW-PALETTE-SIMPLE-01.jpg?v=1771959603,5,,,,,,,,,,,
essential-neutrals-eyeshadow-palette,,,,,,,,,,,,,,,,,,,,,,,,,https://cdn.shopify.com/s/files/1/0314/1143/7703/files/CANDIDS-ESSENTIAL-NEUTRALS-EYESHADOW-PALETTE-SIMPLE-03.jpg?v=1771959603,6,,,,,,,,,,,
essential-neutrals-eyeshadow-palette,,,,,,,,,,,,,,,,,,,,,,,,,https://cdn.shopify.com/s/files/1/0314/1143/7703/files/CANDIDS-ESSENTIAL-NEUTRALS-EYESHADOW-PALETTE-SMOKY-01.jpg?v=1771959603,7,,,,,,,,,,,
essential-neutrals-eyeshadow-palette,,,,,,,,,,,,,,,,,,,,,,,,,https://cdn.shopify.com/s/files/1/0314/1143/7703/files/CANDIDS-ESSENTIAL-NEUTRALS-EYESHADOW-PALETTE-SMOKY-02.jpg?v=1771959603,8,,,,,,,,,,,
essential-neutrals-eyeshadow-palette,,,,,,,,,,,,,,,,,,,,,,,,,https://cdn.shopify.com/s/files/1/0314/1143/7703/files/CANDIDS-ESSENTIAL-NEUTRALS-EYESHADOW-PALETTE-SMOKY-03.jpg?v=1771959603,9,,,,,,,,,,,
essential-neutrals-eyeshadow-palette,,,,,,,,,,,,,,,,,,,,,,,,,https://cdn.shopify.com/s/files/1/0314/1143/7703/files/STYLIZED-ESSENTIAL-NEUTRALS-EYESHADOW-PALETTE-SWATCHES.jpg?v=1771959603,10,,,,,,,,,,,
essential-neutrals-eyeshadow-palette,,,,,,,,,,,,,,,,,,,,,,,,,https://cdn.shopify.com/s/files/1/0314/1143/7703/files/ECOMM-ESSENTIAL-NEUTRALS-EYESHADOW-PALETTE-CLOSED.jpg?v=1771959603,11,,,,,,,,,,,
puffy-makeup-bag-happy,Puffy Makeup Bag - Happy,"<p><meta charset=""utf-8""><span data-contrast=""auto"" lang=""EN"" class=""TextRun SCXW210247764 BCX0""><span class=""NormalTextRun SCXW210247764 BCX0"">Your go-to bag, now in your go-to blush shade, Happy. Puffy, packable, and protective, this quilted makeup bag is the perfect catch-all for your essentials.</span></span></p>",Rare Beauty,,Bag,"Badge: Exclusive, non-returnable",TRUE,Title,Default Title,,,,,MKTBAG0030X1,0,,0,deny,manual,23.00,,TRUE,TRUE,840122910418,https://cdn.shopify.com/s/files/1/0314/1143/7703/files/ECOMM-PUFFY-MAKEUP-BAG-HAPPY.jpg?v=1773088386,1,,,,,,g,,,,,active
puffy-makeup-bag-happy,,,,,,,,,,,,,,,,,,,,,,,,,https://cdn.shopify.com/s/files/1/0314/1143/7703/files/ECOMM-PUFFY-MAKEUP-BAG-HAPPY-DETAIL.jpg?v=1773088386,2,,,,,,,,,,,
warm-wishes-powder-bronzer-brush-duo,Warm Wishes Powder Bronzer & Brush Duo,"<p><meta charset=""utf-8""><span role=""presentation"" dir=""ltr"">Save 20% when you bundle Warm Wishes Soft Matte Powder Bronzer (in your shade of </span><span role=""presentation"" dir=""ltr"">choice!) with the Angled Powder Brush. Online only.</span></p>",Rare Beauty,,Bundle,Badge: Exclusive,TRUE,Title,Default Title,,,,,PBRONZERBRUSH20,0,,0,deny,manual,48.00,60.00,TRUE,TRUE,,https://cdn.shopify.com/s/files/1/0314/1143/7703/files/ECOMM-POWDER-BRONZER-BRUSH-DUO-1440x1952-SEAL.jpg?v=1771633423,1,,,,,,g,,,,,active
warm-wishes-powder-bronzer-brush-duo,,,,,,,,,,,,,,,,,,,,,,,,,https://cdn.shopify.com/s/files/1/0314/1143/7703/files/CAMPAIGN-SELENA-WW-POWDER-BRONZER-WARMED-UP-APPLICATION.jpg?v=1771633423,2,,,,,,,,,,,
warm-wishes-powder-bronzer-brush-duo,,,,,,,,,,,,,,,,,,,,,,,,,https://cdn.shopify.com/s/files/1/0314/1143/7703/files/ARM-SWATCHES-WW-POWDER-BRONZER.jpg?v=1771633423,3,,,,,,,,,,,
warm-wishes-powder-bronzer-brush-duo,,,,,,,,,,,,,,,,,,,,,,,,,https://cdn.shopify.com/s/files/1/0314/1143/7703/files/ECOMM-BRONZER-BRUSH-02.jpg?v=1771633423,4,,,,,,,,,,,
warm-wishes-powder-bronzer-brush-duo,,,,,,,,,,,,,,,,,,,,,,,,,https://cdn.shopify.com/s/files/1/0314/1143/7703/files/APPLICATION-MAP-WW-POWDER-BRONZER-DEEP.jpg?v=1771633423,5,,,,,,,,,,,
warm-wishes-powder-bronzer-brush-duo,,,,,,,,,,,,,,,,,,,,,,,,,https://cdn.shopify.com/s/files/1/0314/1143/7703/files/APPLICATION-MAP-WW-POWDER-BRONZER-LIGHT.jpg?v=1771633423,6,,,,,,,,,,,
warm-wishes-powder-bronzer-brush-duo,,,,,,,,,,,,,,,,,,,,,,,,,https://cdn.shopify.com/s/files/1/0314/1143/7703/files/STYLIZED-WW-POWDER-BRONZER-COLLECTION-SWATCHES.jpg?v=1771633423,7,,,,,,,,,,,
soft-touch-makeup-blending-sponge,Soft Touch Makeup Blending Sponge,"<p><meta charset=""utf-8""><span>A soft, latex-free makeup sponge in a multi-angled waterdrop shape for quick, precise application and a seamless finish. Use damp or dry.</span></p>",Rare Beauty,,Sponge,non-returnable,TRUE,Title,Default Title,,,,,FGPFA50000F1,0,,0,deny,manual,15.00,,TRUE,TRUE,840122907111,https://cdn.shopify.com/s/files/1/0314/1143/7703/files/ECOMM-SOFT-TOUCH-BLENDING-SPONGE.jpg?v=1773450060,1,,,,,,g,,,,,active
soft-touch-makeup-blending-sponge,,,,,,,,,,,,,,,,,,,,,,,,,https://cdn.shopify.com/s/files/1/0314/1143/7703/files/CANDIDS-SOFT-TOUCH-BLENDING-SPONGE-03.jpg?v=1773450060,2,,,,,,,,,,,
soft-touch-makeup-blending-sponge,,,,,,,,,,,,,,,,,,,,,,,,,https://cdn.shopify.com/s/files/1/0314/1143/7703/files/CANDIDS-SOFT-TOUCH-BLENDING-SPONGE-02.jpg?v=1773450060,3,,,,,,,,,,,
soft-touch-makeup-blending-sponge,,,,,,,,,,,,,,,,,,,,,,,,,https://cdn.shopify.com/s/files/1/0314/1143/7703/files/CANDIDS-SOFT-TOUCH-BLENDING-SPONGE-01.jpg?v=1773450060,4,,,,,,,,,,,
soft-touch-makeup-blending-sponge,,,,,,,,,,,,,,,,,,,,,,,,,https://cdn.shopify.com/s/files/1/0314/1143/7703/files/STYLIZED-SOFT-TOUCH-BLENDING-SPONGE-01.jpg?v=1773450028,5,,,,,,,,,,,
soft-touch-makeup-blending-sponge,,,,,,,,,,,,,,,,,,,,,,,,,https://cdn.shopify.com/s/files/1/0314/1143/7703/files/STYLIZED-SOFT-TOUCH-BLENDING-SPONGE-02.jpg?v=1773450028,6,,,,,,,,,,,
soft-touch-makeup-blending-sponge,,,,,,,,,,,,,,,,,,,,,,,,,https://cdn.shopify.com/s/files/1/0314/1143/7703/files/STYLIZED-SOFT-TOUCH-BLENDING-SPONGE-03.jpg?v=1773450028,7,,,,,,,,,,,
liquid-blush-brow-gel-duo,Liquid Blush & Brow Gel Duo,"<p class=""MsoNormal""><span lang=""EN"" style=""font-size: 11.0pt; font-family: 'Arial',sans-serif; mso-fareast-font-family: Arial;"">Blush on, brows up. Take 20% off when you bundle a full-size Soft Pinch Liquid Blush (in your shade of choice!) with a Brow Harmony Flexible Lifting Gel. Online only.<span style=""color: #191919;""></span></span></p>",Rare Beauty,,Bundle,"Badge: Exclusive, non-returnable",TRUE,Title,Default Title,,,,,BLUSHBROW20,0,,0,deny,manual,36.80,46.00,TRUE,TRUE,,https://cdn.shopify.com/s/files/1/0314/1143/7703/files/ECOMM-BLUSH-BROW-BUNDLE-1440x1952.jpg?v=1772239918,1,,,,,,g,,,,,active
liquid-blush-brow-gel-duo,,,,,,,,,,,,,,,,,,,,,,,,,https://cdn.shopify.com/s/files/1/0314/1143/7703/files/SHADE-GRIDS-SP-LIQUID-BLUSH-DEWY-HOPE.jpg?v=1772745266,2,,,,,,,,,,,
liquid-blush-brow-gel-duo,,,,,,,,,,,,,,,,,,,,,,,,,https://cdn.shopify.com/s/files/1/0314/1143/7703/files/ARM-SWATCHES-SP-LIQUID-BLUSH_7536872e-36ed-47a4-a15f-edba78622f37.jpg?v=1772745266,3,,,,,,,,,,,
liquid-blush-brow-gel-duo,,,,,,,,,,,,,,,,,,,,,,,,,https://cdn.shopify.com/s/files/1/0314/1143/7703/files/pdp-model-liquid-blush-sp22-JOY-2.jpg?v=1772745266,4,,,,,,,,,,,
liquid-blush-brow-gel-duo,,,,,,,,,,,,,,,,,,,,,,,,,https://cdn.shopify.com/s/files/1/0314/1143/7703/files/on-figure-01-brow-harmony-flexible-lifting-gel-1440x1952.png?v=1772745266,5,,,,,,,,,,,
liquid-blush-brow-gel-duo,,,,,,,,,,,,,,,,,,,,,,,,,https://cdn.shopify.com/s/files/1/0314/1143/7703/files/brow-harmony-flexible-lifting-gel-detail-1440x1952.jpg?v=1772745266,6,,,,,,,,,,,
liquid-blush-brow-gel-duo,,,,,,,,,,,,,,,,,,,,,,,,,https://cdn.shopify.com/s/files/1/0314/1143/7703/files/candid-02-brow-harmony-flexible-lifting-gel-1440x1952.jpg?v=1772745103,7,,,,,,,,,,,
true-to-myself-natural-matte-longwear-foundation,True to Myself Natural Matte Longwear Foundation,"<p><meta charset=""utf-8""><span class=""TextRun SCXW219304335 BCX0"" lang=""EN-GB"" data-contrast=""auto""><span class=""NormalTextRun SCXW219304335 BCX0"">A self-priming and self-setting foundation with buildable, medium to full coverage and a natural matte finish that brings out the best in your skin. </span></span></p>",Rare Beauty,,Foundation,non-returnable,TRUE,Shade,1 Fair Neutral,,,,,FGPFA50007F1,90,,0,deny,manual,38.00,,TRUE,TRUE,840122907913,https://cdn.shopify.com/s/files/1/0314/1143/7703/files/SU26-ECOMM-TTM-MATTE-FOUNDATION-SHADE-1.jpg?v=1773356513,1,,,,,,g,,,,,active
true-to-myself-natural-matte-longwear-foundation,,,,,,,,,,,,,,,,,,,,,,,,,https://cdn.shopify.com/s/files/1/0314/1143/7703/files/SU26-BA-TTM-MATTE-FOUNDATION-SHADE-1.jpg?v=1773364050,2,,,,,,,,,,,
true-to-myself-natural-matte-longwear-foundation,,,,,,,,,,,,,,,,,,,,,,,,,https://cdn.shopify.com/s/files/1/0314/1143/7703/files/SU26-ECOMM-TTM-MATTE-FOUNDATION-SHADE-2.jpg?v=1773356513,3,,,,,,,,,,,
true-to-myself-natural-matte-longwear-foundation,,,,,,,,,,,,,,,,,,,,,,,,,https://cdn.shopify.com/s/files/1/0314/1143/7703/files/SU26-BA-TTM-MATTE-FOUNDATION-SHADE-2.jpg?v=1773364050,4,,,,,,,,,,,
true-to-myself-natural-matte-longwear-foundation,,,,,,,,,,,,,,,,,,,,,,,,,https://cdn.shopify.com/s/files/1/0314/1143/7703/files/SU26-ECOMM-TTM-MATTE-FOUNDATION-SHADE-3.jpg?v=1773356513,5,,,,,,,,,,,
true-to-myself-natural-matte-longwear-foundation,,,,,,,,,,,,,,,,,,,,,,,,,https://cdn.shopify.com/s/files/1/0314/1143/7703/files/SU26-BA-TTM-MATTE-FOUNDATION-SHADE-3.jpg?v=1773364050,6,,,,,,,,,,,
true-to-myself-natural-matte-longwear-foundation,,,,,,,,,,,,,,,,,,,,,,,,,https://cdn.shopify.com/s/files/1/0314/1143/7703/files/SU26-ECOMM-TTM-MATTE-FOUNDATION-SHADE-4.jpg?v=1773356513,7,,,,,,,,,,,
true-to-myself-natural-matte-longwear-foundation,,,,,,,,,,,,,,,,,,,,,,,,,https://cdn.shopify.com/s/files/1/0314/1143/7703/files/SU26-BA-TTM-MATTE-FOUNDATION-SHADE-4.jpg?v=1773364050,8,,,,,,,,,,,
true-to-myself-natural-matte-longwear-foundation,,,,,,,,,,,,,,,,,,,,,,,,,https://cdn.shopify.com/s/files/1/0314/1143/7703/files/SU26-ECOMM-TTM-MATTE-FOUNDATION-SHADE-5.jpg?v=1773356513,9,,,,,,,,,,,
true-to-myself-natural-matte-longwear-foundation,,,,,,,,,,,,,,,,,,,,,,,,,https://cdn.shopify.com/s/files/1/0314/1143/7703/files/SU26-BA-TTM-MATTE-FOUNDATION-SHADE-5.jpg?v=1773364050,10,,,,,,,,,,,
true-to-myself-natural-matte-longwear-foundation,,,,,,,,,,,,,,,,,,,,,,,,,https://cdn.shopify.com/s/files/1/0314/1143/7703/files/SU26-ECOMM-TTM-MATTE-FOUNDATION-SHADE-6.jpg?v=1773356513,11,,,,,,,,,,,
true-to-myself-natural-matte-longwear-foundation,,,,,,,,,,,,,,,,,,,,,,,,,https://cdn.shopify.com/s/files/1/0314/1143/7703/files/SU26-BA-TTM-MATTE-FOUNDATION-SHADE-6.jpg?v=1773364050,12,,,,,,,,,,,
true-to-myself-natural-matte-longwear-foundation,,,,,,,,,,,,,,,,,,,,,,,,,https://cdn.shopify.com/s/files/1/0314/1143/7703/files/SU26-ECOMM-TTM-MATTE-FOUNDATION-SHADE-7.jpg?v=1773356513,13,,,,,,,,,,,
true-to-myself-natural-matte-longwear-foundation,,,,,,,,,,,,,,,,,,,,,,,,,https://cdn.shopify.com/s/files/1/0314/1143/7703/files/SU26-BA-TTM-MATTE-FOUNDATION-SHADE-7.jpg?v=1773364050,14,,,,,,,,,,,
true-to-myself-natural-matte-longwear-foundation,,,,,,,,,,,,,,,,,,,,,,,,,https://cdn.shopify.com/s/files/1/0314/1143/7703/files/SU26-ECOMM-TTM-MATTE-FOUNDATION-SHADE-8.jpg?v=1773356513,15,,,,,,,,,,,
true-to-myself-natural-matte-longwear-foundation,,,,,,,,,,,,,,,,,,,,,,,,,https://cdn.shopify.com/s/files/1/0314/1143/7703/files/SU26-BA-TTM-MATTE-FOUNDATION-SHADE-8.jpg?v=1773364050,16,,,,,,,,,,,
true-to-myself-natural-matte-longwear-foundation,,,,,,,,,,,,,,,,,,,,,,,,,https://cdn.shopify.com/s/files/1/0314/1143/7703/files/SU26-ECOMM-TTM-MATTE-FOUNDATION-SHADE-9.jpg?v=1773356513,17,,,,,,,,,,,
true-to-myself-natural-matte-longwear-foundation,,,,,,,,,,,,,,,,,,,,,,,,,https://cdn.shopify.com/s/files/1/0314/1143/7703/files/SU26-BA-TTM-MATTE-FOUNDATION-SHADE-9.jpg?v=1773364050,18,,,,,,,,,,,
true-to-myself-natural-matte-longwear-foundation,,,,,,,,,,,,,,,,,,,,,,,,,https://cdn.shopify.com/s/files/1/0314/1143/7703/files/SU26-ECOMM-TTM-MATTE-FOUNDATION-SHADE-10.jpg?v=1773356513,19,,,,,,,,,,,
true-to-myself-natural-matte-longwear-foundation,,,,,,,,,,,,,,,,,,,,,,,,,https://cdn.shopify.com/s/files/1/0314/1143/7703/files/SU26-BA-TTM-MATTE-FOUNDATION-SHADE-10.jpg?v=1773364050,20,,,,,,,,,,,
true-to-myself-natural-matte-longwear-foundation,,,,,,,,,,,,,,,,,,,,,,,,,https://cdn.shopify.com/s/files/1/0314/1143/7703/files/SU26-ECOMM-TTM-MATTE-FOUNDATION-SHADE-11.jpg?v=1773356513,21,,,,,,,,,,,
true-to-myself-natural-matte-longwear-foundation,,,,,,,,,,,,,,,,,,,,,,,,,https://cdn.shopify.com/s/files/1/0314/1143/7703/files/SU26-BA-TTM-MATTE-FOUNDATION-SHADE-11.jpg?v=1773364050,22,,,,,,,,,,,
true-to-myself-natural-matte-longwear-foundation,,,,,,,,,,,,,,,,,,,,,,,,,https://cdn.shopify.com/s/files/1/0314/1143/7703/files/SU26-ECOMM-TTM-MATTE-FOUNDATION-SHADE-12.jpg?v=1773356513,23,,,,,,,,,,,
true-to-myself-natural-matte-longwear-foundation,,,,,,,,,,,,,,,,,,,,,,,,,https://cdn.shopify.com/s/files/1/0314/1143/7703/files/SU26-BA-TTM-MATTE-FOUNDATION-SHADE-12.jpg?v=1773364050,24,,,,,,,,,,,
true-to-myself-natural-matte-longwear-foundation,,,,,,,,,,,,,,,,,,,,,,,,,https://cdn.shopify.com/s/files/1/0314/1143/7703/files/SU26-ECOMM-TTM-MATTE-FOUNDATION-SHADE-13.jpg?v=1773356513,25,,,,,,,,,,,
true-to-myself-natural-matte-longwear-foundation,,,,,,,,,,,,,,,,,,,,,,,,,https://cdn.shopify.com/s/files/1/0314/1143/7703/files/SU26-BA-TTM-MATTE-FOUNDATION-SHADE-13.jpg?v=1773364050,26,,,,,,,,,,,
true-to-myself-natural-matte-longwear-foundation,,,,,,,,,,,,,,,,,,,,,,,,,https://cdn.shopify.com/s/files/1/0314/1143/7703/files/SU26-ECOMM-TTM-MATTE-FOUNDATION-SHADE-14.jpg?v=1773356513,27,,,,,,,,,,,
true-to-myself-natural-matte-longwear-foundation,,,,,,,,,,,,,,,,,,,,,,,,,https://cdn.shopify.com/s/files/1/0314/1143/7703/files/SU26-BA-TTM-MATTE-FOUNDATION-SHADE-14.jpg?v=1773364050,28,,,,,,,,,,,
true-to-myself-natural-matte-longwear-foundation,,,,,,,,,,,,,,,,,,,,,,,,,https://cdn.shopify.com/s/files/1/0314/1143/7703/files/SU26-ECOMM-TTM-MATTE-FOUNDATION-SHADE-15.jpg?v=1773356513,29,,,,,,,,,,,
true-to-myself-natural-matte-longwear-foundation,,,,,,,,,,,,,,,,,,,,,,,,,https://cdn.shopify.com/s/files/1/0314/1143/7703/files/SU26-BA-TTM-MATTE-FOUNDATION-SHADE-15.jpg?v=1773364050,30,,,,,,,,,,,
true-to-myself-natural-matte-longwear-foundation,,,,,,,,,,,,,,,,,,,,,,,,,https://cdn.shopify.com/s/files/1/0314/1143/7703/files/SU26-ECOMM-TTM-MATTE-FOUNDATION-SHADE-16.jpg?v=1773356513,31,,,,,,,,,,,
true-to-myself-natural-matte-longwear-foundation,,,,,,,,,,,,,,,,,,,,,,,,,https://cdn.shopify.com/s/files/1/0314/1143/7703/files/SU26-BA-TTM-MATTE-FOUNDATION-SHADE-16.jpg?v=1773364050,32,,,,,,,,,,,
true-to-myself-natural-matte-longwear-foundation,,,,,,,,,,,,,,,,,,,,,,,,,https://cdn.shopify.com/s/files/1/0314/1143/7703/files/SU26-ECOMM-TTM-MATTE-FOUNDATION-SHADE-17.jpg?v=1773356513,33,,,,,,,,,,,
true-to-myself-natural-matte-longwear-foundation,,,,,,,,,,,,,,,,,,,,,,,,,https://cdn.shopify.com/s/files/1/0314/1143/7703/files/SU26-BA-TTM-MATTE-FOUNDATION-SHADE-17.jpg?v=1773364050,34,,,,,,,,,,,
true-to-myself-natural-matte-longwear-foundation,,,,,,,,,,,,,,,,,,,,,,,,,https://cdn.shopify.com/s/files/1/0314/1143/7703/files/SU26-ECOMM-TTM-MATTE-FOUNDATION-SHADE-18.jpg?v=1773356513,35,,,,,,,,,,,
true-to-myself-natural-matte-longwear-foundation,,,,,,,,,,,,,,,,,,,,,,,,,https://cdn.shopify.com/s/files/1/0314/1143/7703/files/SU26-BA-TTM-MATTE-FOUNDATION-SHADE-18.jpg?v=1773364050,36,,,,,,,,,,,
true-to-myself-natural-matte-longwear-foundation,,,,,,,,,,,,,,,,,,,,,,,,,https://cdn.shopify.com/s/files/1/0314/1143/7703/files/SU26-ECOMM-TTM-MATTE-FOUNDATION-SHADE-19.jpg?v=1773356513,37,,,,,,,,,,,
true-to-myself-natural-matte-longwear-foundation,,,,,,,,,,,,,,,,,,,,,,,,,https://cdn.shopify.com/s/files/1/0314/1143/7703/files/SU26-BA-TTM-MATTE-FOUNDATION-SHADE-19.jpg?v=1773364050,38,,,,,,,,,,,
true-to-myself-natural-matte-longwear-foundation,,,,,,,,,,,,,,,,,,,,,,,,,https://cdn.shopify.com/s/files/1/0314/1143/7703/files/SU26-ECOMM-TTM-MATTE-FOUNDATION-SHADE-20.jpg?v=1773356513,39,,,,,,,,,,,
true-to-myself-natural-matte-longwear-foundation,,,,,,,,,,,,,,,,,,,,,,,,,https://cdn.shopify.com/s/files/1/0314/1143/7703/files/SU26-BA-TTM-MATTE-FOUNDATION-SHADE-20.jpg?v=1773364050,40,,,,,,,,,,,
true-to-myself-natural-matte-longwear-foundation,,,,,,,,,,,,,,,,,,,,,,,,,https://cdn.shopify.com/s/files/1/0314/1143/7703/files/SU26-ECOMM-TTM-MATTE-FOUNDATION-SHADE-21.jpg?v=1773356513,41,,,,,,,,,,,
true-to-myself-natural-matte-longwear-foundation,,,,,,,,,,,,,,,,,,,,,,,,,https://cdn.shopify.com/s/files/1/0314/1143/7703/files/SU26-BA-TTM-MATTE-FOUNDATION-SHADE-21.jpg?v=1773364050,42,,,,,,,,,,,
true-to-myself-natural-matte-longwear-foundation,,,,,,,,,,,,,,,,,,,,,,,,,https://cdn.shopify.com/s/files/1/0314/1143/7703/files/SU26-ECOMM-TTM-MATTE-FOUNDATION-SHADE-22.jpg?v=1773356513,43,,,,,,,,,,,
true-to-myself-natural-matte-longwear-foundation,,,,,,,,,,,,,,,,,,,,,,,,,https://cdn.shopify.com/s/files/1/0314/1143/7703/files/SU26-BA-TTM-MATTE-FOUNDATION-SHADE-22.jpg?v=1773364050,44,,,,,,,,,,,
true-to-myself-natural-matte-longwear-foundation,,,,,,,,,,,,,,,,,,,,,,,,,https://cdn.shopify.com/s/files/1/0314/1143/7703/files/SU26-ECOMM-TTM-MATTE-FOUNDATION-SHADE-23.jpg?v=1773356513,45,,,,,,,,,,,
true-to-myself-natural-matte-longwear-foundation,,,,,,,,,,,,,,,,,,,,,,,,,https://cdn.shopify.com/s/files/1/0314/1143/7703/files/SU26-BA-TTM-MATTE-FOUNDATION-SHADE-23.jpg?v=1773364050,46,,,,,,,,,,,
true-to-myself-natural-matte-longwear-foundation,,,,,,,,,,,,,,,,,,,,,,,,,https://cdn.shopify.com/s/files/1/0314/1143/7703/files/SU26-ECOMM-TTM-MATTE-FOUNDATION-SHADE-24.jpg?v=1773356513,47,,,,,,,,,,,
true-to-myself-natural-matte-longwear-foundation,,,,,,,,,,,,,,,,,,,,,,,,,https://cdn.shopify.com/s/files/1/0314/1143/7703/files/SU26-BA-TTM-MATTE-FOUNDATION-SHADE-24.jpg?v=1773364050,48,,,,,,,,,,,
true-to-myself-natural-matte-longwear-foundation,,,,,,,,,,,,,,,,,,,,,,,,,https://cdn.shopify.com/s/files/1/0314/1143/7703/files/SU26-ECOMM-TTM-MATTE-FOUNDATION-SHADE-25.jpg?v=1773356513,49,,,,,,,,,,,
true-to-myself-natural-matte-longwear-foundation,,,,,,,,,,,,,,,,,,,,,,,,,https://cdn.shopify.com/s/files/1/0314/1143/7703/files/SU26-BA-TTM-MATTE-FOUNDATION-SHADE-25.jpg?v=1773364050,50,,,,,,,,,,,
true-to-myself-natural-matte-longwear-foundation,,,,,,,,,,,,,,,,,,,,,,,,,https://cdn.shopify.com/s/files/1/0314/1143/7703/files/SU26-ECOMM-TTM-MATTE-FOUNDATION-SHADE-26.jpg?v=1773356513,51,,,,,,,,,,,
true-to-myself-natural-matte-longwear-foundation,,,,,,,,,,,,,,,,,,,,,,,,,https://cdn.shopify.com/s/files/1/0314/1143/7703/files/SU26-BA-TTM-MATTE-FOUNDATION-SHADE-26.jpg?v=1773364050,52,,,,,,,,,,,
true-to-myself-natural-matte-longwear-foundation,,,,,,,,,,,,,,,,,,,,,,,,,https://cdn.shopify.com/s/files/1/0314/1143/7703/files/SU26-ECOMM-TTM-MATTE-FOUNDATION-SHADE-27.jpg?v=1773356513,53,,,,,,,,,,,
true-to-myself-natural-matte-longwear-foundation,,,,,,,,,,,,,,,,,,,,,,,,,https://cdn.shopify.com/s/files/1/0314/1143/7703/files/SU26-BA-TTM-MATTE-FOUNDATION-SHADE-27.jpg?v=1773364050,54,,,,,,,,,,,
true-to-myself-natural-matte-longwear-foundation,,,,,,,,,,,,,,,,,,,,,,,,,https://cdn.shopify.com/s/files/1/0314/1143/7703/files/SU26-ECOMM-TTM-MATTE-FOUNDATION-SHADE-28.jpg?v=1773356513,55,,,,,,,,,,,
true-to-myself-natural-matte-longwear-foundation,,,,,,,,,,,,,,,,,,,,,,,,,https://cdn.shopify.com/s/files/1/0314/1143/7703/files/SU26-BA-TTM-MATTE-FOUNDATION-SHADE-28.jpg?v=1773364050,56,,,,,,,,,,,
true-to-myself-natural-matte-longwear-foundation,,,,,,,,,,,,,,,,,,,,,,,,,https://cdn.shopify.com/s/files/1/0314/1143/7703/files/SU26-ECOMM-TTM-MATTE-FOUNDATION-SHADE-29.jpg?v=1773356513,57,,,,,,,,,,,
true-to-myself-natural-matte-longwear-foundation,,,,,,,,,,,,,,,,,,,,,,,,,https://cdn.shopify.com/s/files/1/0314/1143/7703/files/SU26-BA-TTM-MATTE-FOUNDATION-SHADE-29.jpg?v=1773364050,58,,,,,,,,,,,
true-to-myself-natural-matte-longwear-foundation,,,,,,,,,,,,,,,,,,,,,,,,,https://cdn.shopify.com/s/files/1/0314/1143/7703/files/SU26-ECOMM-TTM-MATTE-FOUNDATION-SHADE-30.jpg?v=1773356513,59,,,,,,,,,,,
true-to-myself-natural-matte-longwear-foundation,,,,,,,,,,,,,,,,,,,,,,,,,https://cdn.shopify.com/s/files/1/0314/1143/7703/files/SU26-BA-TTM-MATTE-FOUNDATION-SHADE-30.jpg?v=1773364050,60,,,,,,,,,,,
true-to-myself-natural-matte-longwear-foundation,,,,,,,,,,,,,,,,,,,,,,,,,https://cdn.shopify.com/s/files/1/0314/1143/7703/files/SU26-ECOMM-TTM-MATTE-FOUNDATION-SHADE-31.jpg?v=1773356513,61,,,,,,,,,,,
true-to-myself-natural-matte-longwear-foundation,,,,,,,,,,,,,,,,,,,,,,,,,https://cdn.shopify.com/s/files/1/0314/1143/7703/files/SU26-BA-TTM-MATTE-FOUNDATION-SHADE-31.jpg?v=1773364050,62,,,,,,,,,,,
true-to-myself-natural-matte-longwear-foundation,,,,,,,,,,,,,,,,,,,,,,,,,https://cdn.shopify.com/s/files/1/0314/1143/7703/files/SU26-ECOMM-TTM-MATTE-FOUNDATION-SHADE-32.jpg?v=1773356513,63,,,,,,,,,,,
true-to-myself-natural-matte-longwear-foundation,,,,,,,,,,,,,,,,,,,,,,,,,https://cdn.shopify.com/s/files/1/0314/1143/7703/files/SU26-BA-TTM-MATTE-FOUNDATION-SHADE-32.jpg?v=1773364050,64,,,,,,,,,,,
true-to-myself-natural-matte-longwear-foundation,,,,,,,,,,,,,,,,,,,,,,,,,https://cdn.shopify.com/s/files/1/0314/1143/7703/files/SU26-ECOMM-TTM-MATTE-FOUNDATION-SHADE-33.jpg?v=1773356513,65,,,,,,,,,,,
true-to-myself-natural-matte-longwear-foundation,,,,,,,,,,,,,,,,,,,,,,,,,https://cdn.shopify.com/s/files/1/0314/1143/7703/files/SU26-BA-TTM-MATTE-FOUNDATION-SHADE-33.jpg?v=1773364050,66,,,,,,,,,,,
true-to-myself-natural-matte-longwear-foundation,,,,,,,,,,,,,,,,,,,,,,,,,https://cdn.shopify.com/s/files/1/0314/1143/7703/files/SU26-ECOMM-TTM-MATTE-FOUNDATION-SHADE-34.jpg?v=1773356513,67,,,,,,,,,,,
true-to-myself-natural-matte-longwear-foundation,,,,,,,,,,,,,,,,,,,,,,,,,https://cdn.shopify.com/s/files/1/0314/1143/7703/files/SU26-BA-TTM-MATTE-FOUNDATION-SHADE-34.jpg?v=1773364050,68,,,,,,,,,,,
true-to-myself-natural-matte-longwear-foundation,,,,,,,,,,,,,,,,,,,,,,,,,https://cdn.shopify.com/s/files/1/0314/1143/7703/files/SU26-ECOMM-TTM-MATTE-FOUNDATION-SHADE-35.jpg?v=1773356513,69,,,,,,,,,,,
true-to-myself-natural-matte-longwear-foundation,,,,,,,,,,,,,,,,,,,,,,,,,https://cdn.shopify.com/s/files/1/0314/1143/7703/files/SU26-BA-TTM-MATTE-FOUNDATION-SHADE-35.jpg?v=1773364050,70,,,,,,,,,,,
true-to-myself-natural-matte-longwear-foundation,,,,,,,,,,,,,,,,,,,,,,,,,https://cdn.shopify.com/s/files/1/0314/1143/7703/files/SU26-ECOMM-TTM-MATTE-FOUNDATION-SHADE-36.jpg?v=1773356513,71,,,,,,,,,,,
true-to-myself-natural-matte-longwear-foundation,,,,,,,,,,,,,,,,,,,,,,,,,https://cdn.shopify.com/s/files/1/0314/1143/7703/files/SU26-BA-TTM-MATTE-FOUNDATION-SHADE-36.jpg?v=1773364050,72,,,,,,,,,,,
true-to-myself-natural-matte-longwear-foundation,,,,,,,,,,,,,,,,,,,,,,,,,https://cdn.shopify.com/s/files/1/0314/1143/7703/files/SU26-ECOMM-TTM-MATTE-FOUNDATION-SHADE-37.jpg?v=1773356513,73,,,,,,,,,,,
true-to-myself-natural-matte-longwear-foundation,,,,,,,,,,,,,,,,,,,,,,,,,https://cdn.shopify.com/s/files/1/0314/1143/7703/files/SU26-BA-TTM-MATTE-FOUNDATION-SHADE-37-v2.jpg?v=1775105927,74,,,,,,,,,,,
true-to-myself-natural-matte-longwear-foundation,,,,,,,,,,,,,,,,,,,,,,,,,https://cdn.shopify.com/s/files/1/0314/1143/7703/files/SU26-ECOMM-TTM-MATTE-FOUNDATION-SHADE-38.jpg?v=1773356513,75,,,,,,,,,,,
true-to-myself-natural-matte-longwear-foundation,,,,,,,,,,,,,,,,,,,,,,,,,https://cdn.shopify.com/s/files/1/0314/1143/7703/files/SU26-BA-TTM-MATTE-FOUNDATION-SHADE-38.jpg?v=1775105927,76,,,,,,,,,,,
true-to-myself-natural-matte-longwear-foundation,,,,,,,,,,,,,,,,,,,,,,,,,https://cdn.shopify.com/s/files/1/0314/1143/7703/files/SU26-ECOMM-TTM-MATTE-FOUNDATION-SHADE-39.jpg?v=1773356513,77,,,,,,,,,,,
true-to-myself-natural-matte-longwear-foundation,,,,,,,,,,,,,,,,,,,,,,,,,https://cdn.shopify.com/s/files/1/0314/1143/7703/files/SU26-BA-TTM-MATTE-FOUNDATION-SHADE-39.jpg?v=1775105927,78,,,,,,,,,,,
true-to-myself-natural-matte-longwear-foundation,,,,,,,,,,,,,,,,,,,,,,,,,https://cdn.shopify.com/s/files/1/0314/1143/7703/files/SU26-ECOMM-TTM-MATTE-FOUNDATION-SHADE-40.jpg?v=1773356513,79,,,,,,,,,,,
true-to-myself-natural-matte-longwear-foundation,,,,,,,,,,,,,,,,,,,,,,,,,https://cdn.shopify.com/s/files/1/0314/1143/7703/files/SU26-BA-TTM-MATTE-FOUNDATION-SHADE-40.jpg?v=1775105927,80,,,,,,,,,,,
true-to-myself-natural-matte-longwear-foundation,,,,,,,,,,,,,,,,,,,,,,,,,https://cdn.shopify.com/s/files/1/0314/1143/7703/files/SU26-ECOMM-TTM-MATTE-FOUNDATION-SHADE-41.jpg?v=1773356513,81,,,,,,,,,,,
true-to-myself-natural-matte-longwear-foundation,,,,,,,,,,,,,,,,,,,,,,,,,https://cdn.shopify.com/s/files/1/0314/1143/7703/files/SU26-BA-TTM-MATTE-FOUNDATION-SHADE-41.jpg?v=1775105927,82,,,,,,,,,,,
true-to-myself-natural-matte-longwear-foundation,,,,,,,,,,,,,,,,,,,,,,,,,https://cdn.shopify.com/s/files/1/0314/1143/7703/files/SU26-ECOMM-TTM-MATTE-FOUNDATION-SHADE-42.jpg?v=1773356513,83,,,,,,,,,,,
true-to-myself-natural-matte-longwear-foundation,,,,,,,,,,,,,,,,,,,,,,,,,https://cdn.shopify.com/s/files/1/0314/1143/7703/files/SU26-BA-TTM-MATTE-FOUNDATION-SHADE-42.jpg?v=1775105927,84,,,,,,,,,,,
true-to-myself-natural-matte-longwear-foundation,,,,,,,,,,,,,,,,,,,,,,,,,https://cdn.shopify.com/s/files/1/0314/1143/7703/files/SU26-ECOMM-TTM-MATTE-FOUNDATION-SHADE-43.jpg?v=1773356513,85,,,,,,,,,,,
true-to-myself-natural-matte-longwear-foundation,,,,,,,,,,,,,,,,,,,,,,,,,https://cdn.shopify.com/s/files/1/0314/1143/7703/files/SU26-BA-TTM-MATTE-FOUNDATION-SHADE-43.jpg?v=1775105927,86,,,,,,,,,,,
true-to-myself-natural-matte-longwear-foundation,,,,,,,,,,,,,,,,,,,,,,,,,https://cdn.shopify.com/s/files/1/0314/1143/7703/files/SU26-ECOMM-TTM-MATTE-FOUNDATION-SHADE-44.jpg?v=1773356513,87,,,,,,,,,,,
true-to-myself-natural-matte-longwear-foundation,,,,,,,,,,,,,,,,,,,,,,,,,https://cdn.shopify.com/s/files/1/0314/1143/7703/files/SU26-BA-TTM-MATTE-FOUNDATION-SHADE-44.jpg?v=1775105927,88,,,,,,,,,,,
true-to-myself-natural-matte-longwear-foundation,,,,,,,,,,,,,,,,,,,,,,,,,https://cdn.shopify.com/s/files/1/0314/1143/7703/files/SU26-ECOMM-TTM-MATTE-FOUNDATION-SHADE-45.jpg?v=1773356513,89,,,,,,,,,,,
true-to-myself-natural-matte-longwear-foundation,,,,,,,,,,,,,,,,,,,,,,,,,https://cdn.shopify.com/s/files/1/0314/1143/7703/files/SU26-BA-TTM-MATTE-FOUNDATION-SHADE-45.jpg?v=1775105927,90,,,,,,,,,,,
true-to-myself-natural-matte-longwear-foundation,,,,,,,,,,,,,,,,,,,,,,,,,https://cdn.shopify.com/s/files/1/0314/1143/7703/files/SU26-ECOMM-TTM-MATTE-FOUNDATION-SHADE-46.jpg?v=1773356513,91,,,,,,,,,,,
true-to-myself-natural-matte-longwear-foundation,,,,,,,,,,,,,,,,,,,,,,,,,https://cdn.shopify.com/s/files/1/0314/1143/7703/files/SU26-BA-TTM-MATTE-FOUNDATION-SHADE-46.jpg?v=1775105927,92,,,,,,,,,,,
true-to-myself-natural-matte-longwear-foundation,,,,,,,,,,,,,,,,,,,,,,,,,https://cdn.shopify.com/s/files/1/0314/1143/7703/files/SU26-ECOMM-TTM-MATTE-FOUNDATION-SHADE-47.jpg?v=1773356513,93,,,,,,,,,,,
true-to-myself-natural-matte-longwear-foundation,,,,,,,,,,,,,,,,,,,,,,,,,https://cdn.shopify.com/s/files/1/0314/1143/7703/files/SU26-BA-TTM-MATTE-FOUNDATION-SHADE-47.jpg?v=1775105927,94,,,,,,,,,,,
true-to-myself-natural-matte-longwear-foundation,,,,,,,,,,,,,,,,,,,,,,,,,https://cdn.shopify.com/s/files/1/0314/1143/7703/files/SU26-ECOMM-TTM-MATTE-FOUNDATION-SHADE-48.jpg?v=1773356513,95,,,,,,,,,,,
true-to-myself-natural-matte-longwear-foundation,,,,,,,,,,,,,,,,,,,,,,,,,https://cdn.shopify.com/s/files/1/0314/1143/7703/files/SU26-BA-TTM-MATTE-FOUNDATION-SHADE-48.jpg?v=1775105927,96,,,,,,,,,,,
true-to-myself-natural-matte-longwear-foundation,,,,,,,,,,,,,,,,,,,,,,,,,https://cdn.shopify.com/s/files/1/0314/1143/7703/files/LATINE-GRID-TTM-MATTE-FOUNDATION_1.jpg?v=1778504502,97,,,,,,,,,,,
true-to-myself-natural-matte-longwear-foundation,,,,,,,,,,,,,,,,,,,,,,,,,https://cdn.shopify.com/s/files/1/0314/1143/7703/files/ARM-SWATCHES-TTM-MATTE-FOUNDATION.jpg?v=1775105927,98,,,,,,,,,,,
true-to-myself-natural-matte-longwear-foundation,,,,,,,,,,,,,,,,,,,,,,,,,https://cdn.shopify.com/s/files/1/0314/1143/7703/files/SU26-STYLIZED-TTM-MATTE-FOUNDATION-CLAIMS.jpg?v=1775105927,99,,,,,,,,,,,
true-to-myself-natural-matte-longwear-foundation,,,,,,,,,,,,,,,,,,,,,,,,,https://cdn.shopify.com/s/files/1/0314/1143/7703/files/SU26-STYLIZED-TTM-MATTE-FOUNDATION-POD.jpg?v=1775105927,100,,,,,,,,,,,
true-to-myself-natural-matte-longwear-foundation,,,,,,,,,,,,,,,,,,,,,,,,,https://cdn.shopify.com/s/files/1/0314/1143/7703/files/SU26-STYLIZED-TTM-MATTE-FOUNDATION-COVERAGE.jpg?v=1775105927,101,,,,,,,,,,,
true-to-myself-natural-matte-longwear-foundation,,,,,,,,,,,,,,,,,,,,,,,,,https://cdn.shopify.com/s/files/1/0314/1143/7703/files/APPLICATION-GRID-TTM-MATTE-FOUNDATION-LIGHT.jpg?v=1775105927,102,,,,,,,,,,,
true-to-myself-natural-matte-longwear-foundation,,,,,,,,,,,,,,,,,,,,,,,,,https://cdn.shopify.com/s/files/1/0314/1143/7703/files/CAMPAIGN-TTM-MATTE-FOUNDATION-GROUP.jpg?v=1775105927,103,,,,,,,,,,,
true-to-myself-natural-matte-longwear-foundation,,,,,,,,,,,,,,,,,,,,,,,,,https://cdn.shopify.com/s/files/1/0314/1143/7703/files/SHADE-CHART-TTM-MATTE-FOUNDATION-LIQUID-TOUCH-FOUNDATION-FAIR.jpg?v=1775105927,104,,,,,,,,,,,
true-to-myself-natural-matte-longwear-foundation,,,,,,,,,,,,,,,,,,,,,,,,,https://cdn.shopify.com/s/files/1/0314/1143/7703/files/SHADE-CHART-TTM-MATTE-FOUNDATION-CONCEALER-FAIR.jpg?v=1775105927,105,,,,,,,,,,,
true-to-myself-natural-matte-longwear-foundation,,,,,,,,,,,,,,,,,,,,,,,,,https://cdn.shopify.com/s/files/1/0314/1143/7703/files/SHADE-CHART-TTM-MATTE-FOUNDATION-LIQUID-TOUCH-FOUNDATION-LIGHT.jpg?v=1775105927,106,,,,,,,,,,,
true-to-myself-natural-matte-longwear-foundation,,,,,,,,,,,,,,,,,,,,,,,,,https://cdn.shopify.com/s/files/1/0314/1143/7703/files/SHADE-CHART-TTM-MATTE-FOUNDATION-CONCEALER-LIGHT.jpg?v=1775105927,107,,,,,,,,,,,
true-to-myself-natural-matte-longwear-foundation,,,,,,,,,,,,,,,,,,,,,,,,,https://cdn.shopify.com/s/files/1/0314/1143/7703/files/SHADE-CHART-TTM-MATTE-FOUNDATION-LIQUID-TOUCH-FOUNDATION-LIGHT-MEDIUM.jpg?v=1775105927,108,,,,,,,,,,,
true-to-myself-natural-matte-longwear-foundation,,,,,,,,,,,,,,,,,,,,,,,,,https://cdn.shopify.com/s/files/1/0314/1143/7703/files/SHADE-CHART-TTM-MATTE-FOUNDATION-CONCEALER-LIGHT-MEDIUM.jpg?v=1775105927,109,,,,,,,,,,,
true-to-myself-natural-matte-longwear-foundation,,,,,,,,,,,,,,,,,,,,,,,,,https://cdn.shopify.com/s/files/1/0314/1143/7703/files/SHADE-CHART-TTM-MATTE-FOUNDATION-LIQUID-TOUCH-FOUNDATION-MEDIUM.jpg?v=1775105927,110,,,,,,,,,,,
true-to-myself-natural-matte-longwear-foundation,,,,,,,,,,,,,,,,,,,,,,,,,https://cdn.shopify.com/s/files/1/0314/1143/7703/files/SHADE-CHART-TTM-MATTE-FOUNDATION-CONCEALER-MEDIUM.jpg?v=1775105927,111,,,,,,,,,,,
true-to-myself-natural-matte-longwear-foundation,,,,,,,,,,,,,,,,,,,,,,,,,https://cdn.shopify.com/s/files/1/0314/1143/7703/files/SHADE-CHART-TTM-MATTE-FOUNDATION-LIQUID-TOUCH-FOUNDATION-MEDIUM-DEEP.jpg?v=1775105927,112,,,,,,,,,,,
true-to-myself-natural-matte-longwear-foundation,,,,,,,,,,,,,,,,,,,,,,,,,https://cdn.shopify.com/s/files/1/0314/1143/7703/files/SHADE-CHART-TTM-MATTE-FOUNDATION-CONCEALER-MEDIUM-DEEP.jpg?v=1775105927,113,,,,,,,,,,,
true-to-myself-natural-matte-longwear-foundation,,,,,,,,,,,,,,,,,,,,,,,,,https://cdn.shopify.com/s/files/1/0314/1143/7703/files/SHADE-CHART-TTM-MATTE-FOUNDATION-LIQUID-TOUCH-FOUNDATION-DEEP.jpg?v=1775105927,114,,,,,,,,,,,
true-to-myself-natural-matte-longwear-foundation,,,,,,,,,,,,,,,,,,,,,,,,,https://cdn.shopify.com/s/files/1/0314/1143/7703/files/SHADE-CHART-TTM-MATTE-FOUNDATION-CONCEALER-DEEP.jpg?v=1775105927,115,,,,,,,,,,,
true-to-myself-natural-matte-longwear-foundation,,"<p><meta charset=""utf-8""><span class=""TextRun SCXW219304335 BCX0"" lang=""EN-GB"" data-contrast=""auto""><span class=""NormalTextRun SCXW219304335 BCX0"">A self-priming and self-setting foundation with buildable, medium to full coverage and a natural matte finish that brings out the best in your skin. </span></span></p>",Rare Beauty,,Foundation,non-returnable,TRUE,Shade,2 Fair Warm,,,,,FGPFA50008F1,90,,0,deny,manual,38.00,,TRUE,TRUE,840122907920,,,,,,,,g,,,,,active
true-to-myself-natural-matte-longwear-foundation,,"<p><meta charset=""utf-8""><span class=""TextRun SCXW219304335 BCX0"" lang=""EN-GB"" data-contrast=""auto""><span class=""NormalTextRun SCXW219304335 BCX0"">A self-priming and self-setting foundation with buildable, medium to full coverage and a natural matte finish that brings out the best in your skin. </span></span></p>",Rare Beauty,,Foundation,non-returnable,TRUE,Shade,3 Fair Cool,,,,,FGPFA50009F1,90,,0,deny,manual,38.00,,TRUE,TRUE,840122907937,,,,,,,,g,,,,,active
true-to-myself-natural-matte-longwear-foundation,,"<p><meta charset=""utf-8""><span class=""TextRun SCXW219304335 BCX0"" lang=""EN-GB"" data-contrast=""auto""><span class=""NormalTextRun SCXW219304335 BCX0"">A self-priming and self-setting foundation with buildable, medium to full coverage and a natural matte finish that brings out the best in your skin. </span></span></p>",Rare Beauty,,Foundation,non-returnable,TRUE,Shade,4 Fair Neutral,,,,,FGPFA50010F1,90,,0,deny,manual,38.00,,TRUE,TRUE,840122907944,,,,,,,,g,,,,,active
true-to-myself-natural-matte-longwear-foundation,,"<p><meta charset=""utf-8""><span class=""TextRun SCXW219304335 BCX0"" lang=""EN-GB"" data-contrast=""auto""><span class=""NormalTextRun SCXW219304335 BCX0"">A self-priming and self-setting foundation with buildable, medium to full coverage and a natural matte finish that brings out the best in your skin. </span></span></p>",Rare Beauty,,Foundation,non-returnable,TRUE,Shade,5 Fair Warm,,,,,FGPFA50011F1,90,,0,deny,manual,38.00,,TRUE,TRUE,840122907951,,,,,,,,g,,,,,active
true-to-myself-natural-matte-longwear-foundation,,"<p><meta charset=""utf-8""><span class=""TextRun SCXW219304335 BCX0"" lang=""EN-GB"" data-contrast=""auto""><span class=""NormalTextRun SCXW219304335 BCX0"">A self-priming and self-setting foundation with buildable, medium to full coverage and a natural matte finish that brings out the best in your skin. </span></span></p>",Rare Beauty,,Foundation,non-returnable,TRUE,Shade,6 Fair Neutral,,,,,FGPFA50012F1,90,,0,deny,manual,38.00,,TRUE,TRUE,840122907968,,,,,,,,g,,,,,active
true-to-myself-natural-matte-longwear-foundation,,"<p><meta charset=""utf-8""><span class=""TextRun SCXW219304335 BCX0"" lang=""EN-GB"" data-contrast=""auto""><span class=""NormalTextRun SCXW219304335 BCX0"">A self-priming and self-setting foundation with buildable, medium to full coverage and a natural matte finish that brings out the best in your skin. </span></span></p>",Rare Beauty,,Foundation,non-returnable,TRUE,Shade,7 Light Warm,,,,,FGPFA50013F1,90,,0,deny,manual,38.00,,TRUE,TRUE,840122907975,,,,,,,,g,,,,,active
true-to-myself-natural-matte-longwear-foundation,,"<p><meta charset=""utf-8""><span class=""TextRun SCXW219304335 BCX0"" lang=""EN-GB"" data-contrast=""auto""><span class=""NormalTextRun SCXW219304335 BCX0"">A self-priming and self-setting foundation with buildable, medium to full coverage and a natural matte finish that brings out the best in your skin. </span></span></p>",Rare Beauty,,Foundation,non-returnable,TRUE,Shade,8 Light Cool,,,,,FGPFA50014F1,90,,0,deny,manual,38.00,,TRUE,TRUE,840122907982,,,,,,,,g,,,,,active
true-to-myself-natural-matte-longwear-foundation,,"<p><meta charset=""utf-8""><span class=""TextRun SCXW219304335 BCX0"" lang=""EN-GB"" data-contrast=""auto""><span class=""NormalTextRun SCXW219304335 BCX0"">A self-priming and self-setting foundation with buildable, medium to full coverage and a natural matte finish that brings out the best in your skin. </span></span></p>",Rare Beauty,,Foundation,non-returnable,TRUE,Shade,9 Light Neutral,,,,,FGPFA50015F1,90,,0,deny,manual,38.00,,TRUE,TRUE,840122907999,,,,,,,,g,,,,,active
true-to-myself-natural-matte-longwear-foundation,,"<p><meta charset=""utf-8""><span class=""TextRun SCXW219304335 BCX0"" lang=""EN-GB"" data-contrast=""auto""><span class=""NormalTextRun SCXW219304335 BCX0"">A self-priming and self-setting foundation with buildable, medium to full coverage and a natural matte finish that brings out the best in your skin. </span></span></p>",Rare Beauty,,Foundation,non-returnable,TRUE,Shade,10 Light Warm,,,,,FGPFA50016F1,90,,0,deny,manual,38.00,,TRUE,TRUE,840122908002,,,,,,,,g,,,,,active
true-to-myself-natural-matte-longwear-foundation,,"<p><meta charset=""utf-8""><span class=""TextRun SCXW219304335 BCX0"" lang=""EN-GB"" data-contrast=""auto""><span class=""NormalTextRun SCXW219304335 BCX0"">A self-priming and self-setting foundation with buildable, medium to full coverage and a natural matte finish that brings out the best in your skin. </span></span></p>",Rare Beauty,,Foundation,non-returnable,TRUE,Shade,11 Light Cool,,,,,FGPFA50017F1,90,,0,deny,manual,38.00,,TRUE,TRUE,840122908019,,,,,,,,g,,,,,active
true-to-myself-natural-matte-longwear-foundation,,"<p><meta charset=""utf-8""><span class=""TextRun SCXW219304335 BCX0"" lang=""EN-GB"" data-contrast=""auto""><span class=""NormalTextRun SCXW219304335 BCX0"">A self-priming and self-setting foundation with buildable, medium to full coverage and a natural matte finish that brings out the best in your skin. </span></span></p>",Rare Beauty,,Foundation,non-returnable,TRUE,Shade,12 Light Warm,,,,,FGPFA50018F1,90,,0,deny,manual,38.00,,TRUE,TRUE,840122908026,,,,,,,,g,,,,,active
true-to-myself-natural-matte-longwear-foundation,,"<p><meta charset=""utf-8""><span class=""TextRun SCXW219304335 BCX0"" lang=""EN-GB"" data-contrast=""auto""><span class=""NormalTextRun SCXW219304335 BCX0"">A self-priming and self-setting foundation with buildable, medium to full coverage and a natural matte finish that brings out the best in your skin. </span></span></p>",Rare Beauty,,Foundation,non-returnable,TRUE,Shade,13 Light Neutral,,,,,FGPFA50019F1,90,,0,deny,manual,38.00,,TRUE,TRUE,840122908033,,,,,,,,g,,,,,active
true-to-myself-natural-matte-longwear-foundation,,"<p><meta charset=""utf-8""><span class=""TextRun SCXW219304335 BCX0"" lang=""EN-GB"" data-contrast=""auto""><span class=""NormalTextRun SCXW219304335 BCX0"">A self-priming and self-setting foundation with buildable, medium to full coverage and a natural matte finish that brings out the best in your skin. </span></span></p>",Rare Beauty,,Foundation,non-returnable,TRUE,Shade,14 Light Medium Warm,,,,,FGPFA50020F1,90,,0,deny,manual,38.00,,TRUE,TRUE,840122908040,,,,,,,,g,,,,,active
true-to-myself-natural-matte-longwear-foundation,,"<p><meta charset=""utf-8""><span class=""TextRun SCXW219304335 BCX0"" lang=""EN-GB"" data-contrast=""auto""><span class=""NormalTextRun SCXW219304335 BCX0"">A self-priming and self-setting foundation with buildable, medium to full coverage and a natural matte finish that brings out the best in your skin. </span></span></p>",Rare Beauty,,Foundation,non-returnable,TRUE,Shade,15 Light Medium Neutral,,,,,FGPFA50021F1,90,,0,deny,manual,38.00,,TRUE,TRUE,840122908057,,,,,,,,g,,,,,active
true-to-myself-natural-matte-longwear-foundation,,"<p><meta charset=""utf-8""><span class=""TextRun SCXW219304335 BCX0"" lang=""EN-GB"" data-contrast=""auto""><span class=""NormalTextRun SCXW219304335 BCX0"">A self-priming and self-setting foundation with buildable, medium to full coverage and a natural matte finish that brings out the best in your skin. </span></span></p>",Rare Beauty,,Foundation,non-returnable,TRUE,Shade,16 Light Medium Neutral,,,,,FGPFA50022F1,90,,0,deny,manual,38.00,,TRUE,TRUE,840122908064,,,,,,,,g,,,,,active
true-to-myself-natural-matte-longwear-foundation,,"<p><meta charset=""utf-8""><span class=""TextRun SCXW219304335 BCX0"" lang=""EN-GB"" data-contrast=""auto""><span class=""NormalTextRun SCXW219304335 BCX0"">A self-priming and self-setting foundation with buildable, medium to full coverage and a natural matte finish that brings out the best in your skin. </span></span></p>",Rare Beauty,,Foundation,non-returnable,TRUE,Shade,17 Light Medium Cool,,,,,FGPFA50023F1,90,,0,deny,manual,38.00,,TRUE,TRUE,840122908071,,,,,,,,g,,,,,active
true-to-myself-natural-matte-longwear-foundation,,"<p><meta charset=""utf-8""><span class=""TextRun SCXW219304335 BCX0"" lang=""EN-GB"" data-contrast=""auto""><span class=""NormalTextRun SCXW219304335 BCX0"">A self-priming and self-setting foundation with buildable, medium to full coverage and a natural matte finish that brings out the best in your skin. </span></span></p>",Rare Beauty,,Foundation,non-returnable,TRUE,Shade,18 Light Medium Neutral,,,,,FGPFA50024F1,90,,0,deny,manual,38.00,,TRUE,TRUE,840122908088,,,,,,,,g,,,,,active
true-to-myself-natural-matte-longwear-foundation,,"<p><meta charset=""utf-8""><span class=""TextRun SCXW219304335 BCX0"" lang=""EN-GB"" data-contrast=""auto""><span class=""NormalTextRun SCXW219304335 BCX0"">A self-priming and self-setting foundation with buildable, medium to full coverage and a natural matte finish that brings out the best in your skin. </span></span></p>",Rare Beauty,,Foundation,non-returnable,TRUE,Shade,19 Light Medium Warm,,,,,FGPFA50025F1,90,,0,deny,manual,38.00,,TRUE,TRUE,840122908095,,,,,,,,g,,,,,active
true-to-myself-natural-matte-longwear-foundation,,"<p><meta charset=""utf-8""><span class=""TextRun SCXW219304335 BCX0"" lang=""EN-GB"" data-contrast=""auto""><span class=""NormalTextRun SCXW219304335 BCX0"">A self-priming and self-setting foundation with buildable, medium to full coverage and a natural matte finish that brings out the best in your skin. </span></span></p>",Rare Beauty,,Foundation,non-returnable,TRUE,Shade,20 Light Medium Neutral,,,,,FGPFA50026F1,90,,0,deny,manual,38.00,,TRUE,TRUE,840122908101,,,,,,,,g,,,,,active
true-to-myself-natural-matte-longwear-foundation,,"<p><meta charset=""utf-8""><span class=""TextRun SCXW219304335 BCX0"" lang=""EN-GB"" data-contrast=""auto""><span class=""NormalTextRun SCXW219304335 BCX0"">A self-priming and self-setting foundation with buildable, medium to full coverage and a natural matte finish that brings out the best in your skin. </span></span></p>",Rare Beauty,,Foundation,non-returnable,TRUE,Shade,21 Light Medium Warm,,,,,FGPFA50027F1,90,,0,deny,manual,38.00,,TRUE,TRUE,840122908118,,,,,,,,g,,,,,active
true-to-myself-natural-matte-longwear-foundation,,"<p><meta charset=""utf-8""><span class=""TextRun SCXW219304335 BCX0"" lang=""EN-GB"" data-contrast=""auto""><span class=""NormalTextRun SCXW219304335 BCX0"">A self-priming and self-setting foundation with buildable, medium to full coverage and a natural matte finish that brings out the best in your skin. </span></span></p>",Rare Beauty,,Foundation,non-returnable,TRUE,Shade,22 Medium Cool,,,,,FGPFA50028F1,90,,0,deny,manual,38.00,,TRUE,TRUE,840122908125,,,,,,,,g,,,,,active
true-to-myself-natural-matte-longwear-foundation,,"<p><meta charset=""utf-8""><span class=""TextRun SCXW219304335 BCX0"" lang=""EN-GB"" data-contrast=""auto""><span class=""NormalTextRun SCXW219304335 BCX0"">A self-priming and self-setting foundation with buildable, medium to full coverage and a natural matte finish that brings out the best in your skin. </span></span></p>",Rare Beauty,,Foundation,non-returnable,TRUE,Shade,23 Medium Neutral,,,,,FGPFA50029F1,90,,0,deny,manual,38.00,,TRUE,TRUE,840122908132,,,,,,,,g,,,,,active
true-to-myself-natural-matte-longwear-foundation,,"<p><meta charset=""utf-8""><span class=""TextRun SCXW219304335 BCX0"" lang=""EN-GB"" data-contrast=""auto""><span class=""NormalTextRun SCXW219304335 BCX0"">A self-priming and self-setting foundation with buildable, medium to full coverage and a natural matte finish that brings out the best in your skin. </span></span></p>",Rare Beauty,,Foundation,non-returnable,TRUE,Shade,24 Medium Warm,,,,,FGPFA50030F1,90,,0,deny,manual,38.00,,TRUE,TRUE,840122908149,,,,,,,,g,,,,,active
true-to-myself-natural-matte-longwear-foundation,,"<p><meta charset=""utf-8""><span class=""TextRun SCXW219304335 BCX0"" lang=""EN-GB"" data-contrast=""auto""><span class=""NormalTextRun SCXW219304335 BCX0"">A self-priming and self-setting foundation with buildable, medium to full coverage and a natural matte finish that brings out the best in your skin. </span></span></p>",Rare Beauty,,Foundation,non-returnable,TRUE,Shade,25 Medium Neutral,,,,,FGPFA50031F1,90,,0,deny,manual,38.00,,TRUE,TRUE,840122908156,,,,,,,,g,,,,,active
true-to-myself-natural-matte-longwear-foundation,,"<p><meta charset=""utf-8""><span class=""TextRun SCXW219304335 BCX0"" lang=""EN-GB"" data-contrast=""auto""><span class=""NormalTextRun SCXW219304335 BCX0"">A self-priming and self-setting foundation with buildable, medium to full coverage and a natural matte finish that brings out the best in your skin. </span></span></p>",Rare Beauty,,Foundation,non-returnable,TRUE,Shade,26 Medium Warm,,,,,FGPFA50032F1,0,,0,deny,manual,38.00,,TRUE,TRUE,840122908163,,,,,,,,g,,,,,active
true-to-myself-natural-matte-longwear-foundation,,"<p><meta charset=""utf-8""><span class=""TextRun SCXW219304335 BCX0"" lang=""EN-GB"" data-contrast=""auto""><span class=""NormalTextRun SCXW219304335 BCX0"">A self-priming and self-setting foundation with buildable, medium to full coverage and a natural matte finish that brings out the best in your skin. </span></span></p>",Rare Beauty,,Foundation,non-returnable,TRUE,Shade,27 Medium Warm,,,,,FGPFA50033F1,0,,0,deny,manual,38.00,,TRUE,TRUE,840122908170,,,,,,,,g,,,,,active
true-to-myself-natural-matte-longwear-foundation,,"<p><meta charset=""utf-8""><span class=""TextRun SCXW219304335 BCX0"" lang=""EN-GB"" data-contrast=""auto""><span class=""NormalTextRun SCXW219304335 BCX0"">A self-priming and self-setting foundation with buildable, medium to full coverage and a natural matte finish that brings out the best in your skin. </span></span></p>",Rare Beauty,,Foundation,non-returnable,TRUE,Shade,28 Medium Cool,,,,,FGPFA50034F1,0,,0,deny,manual,38.00,,TRUE,TRUE,840122908187,,,,,,,,g,,,,,active
true-to-myself-natural-matte-longwear-foundation,,"<p><meta charset=""utf-8""><span class=""TextRun SCXW219304335 BCX0"" lang=""EN-GB"" data-contrast=""auto""><span class=""NormalTextRun SCXW219304335 BCX0"">A self-priming and self-setting foundation with buildable, medium to full coverage and a natural matte finish that brings out the best in your skin. </span></span></p>",Rare Beauty,,Foundation,non-returnable,TRUE,Shade,29 Medium Neutral,,,,,FGPFA50035F1,0,,0,deny,manual,38.00,,TRUE,TRUE,840122908194,,,,,,,,g,,,,,active
true-to-myself-natural-matte-longwear-foundation,,"<p><meta charset=""utf-8""><span class=""TextRun SCXW219304335 BCX0"" lang=""EN-GB"" data-contrast=""auto""><span class=""NormalTextRun SCXW219304335 BCX0"">A self-priming and self-setting foundation with buildable, medium to full coverage and a natural matte finish that brings out the best in your skin. </span></span></p>",Rare Beauty,,Foundation,non-returnable,TRUE,Shade,30 Medium Warm,,,,,FGPFA50036F1,0,,0,deny,manual,38.00,,TRUE,TRUE,840122908200,,,,,,,,g,,,,,active
true-to-myself-natural-matte-longwear-foundation,,"<p><meta charset=""utf-8""><span class=""TextRun SCXW219304335 BCX0"" lang=""EN-GB"" data-contrast=""auto""><span class=""NormalTextRun SCXW219304335 BCX0"">A self-priming and self-setting foundation with buildable, medium to full coverage and a natural matte finish that brings out the best in your skin. </span></span></p>",Rare Beauty,,Foundation,non-returnable,TRUE,Shade,31 Medium Deep Neutral,,,,,FGPFA50037F1,0,,0,deny,manual,38.00,,TRUE,TRUE,840122908217,,,,,,,,g,,,,,active
true-to-myself-natural-matte-longwear-foundation,,"<p><meta charset=""utf-8""><span class=""TextRun SCXW219304335 BCX0"" lang=""EN-GB"" data-contrast=""auto""><span class=""NormalTextRun SCXW219304335 BCX0"">A self-priming and self-setting foundation with buildable, medium to full coverage and a natural matte finish that brings out the best in your skin. </span></span></p>",Rare Beauty,,Foundation,non-returnable,TRUE,Shade,32 Medium Deep Neutral,,,,,FGPFA50038F1,0,,0,deny,manual,38.00,,TRUE,TRUE,840122908224,,,,,,,,g,,,,,active
true-to-myself-natural-matte-longwear-foundation,,"<p><meta charset=""utf-8""><span class=""TextRun SCXW219304335 BCX0"" lang=""EN-GB"" data-contrast=""auto""><span class=""NormalTextRun SCXW219304335 BCX0"">A self-priming and self-setting foundation with buildable, medium to full coverage and a natural matte finish that brings out the best in your skin. </span></span></p>",Rare Beauty,,Foundation,non-returnable,TRUE,Shade,33 Medium Deep Cool,,,,,FGPFA50039F1,0,,0,deny,manual,38.00,,TRUE,TRUE,840122908231,,,,,,,,g,,,,,active
true-to-myself-natural-matte-longwear-foundation,,"<p><meta charset=""utf-8""><span class=""TextRun SCXW219304335 BCX0"" lang=""EN-GB"" data-contrast=""auto""><span class=""NormalTextRun SCXW219304335 BCX0"">A self-priming and self-setting foundation with buildable, medium to full coverage and a natural matte finish that brings out the best in your skin. </span></span></p>",Rare Beauty,,Foundation,non-returnable,TRUE,Shade,34 Medium Deep Warm,,,,,FGPFA50040F1,0,,0,deny,manual,38.00,,TRUE,TRUE,840122908248,,,,,,,,g,,,,,active
true-to-myself-natural-matte-longwear-foundation,,"<p><meta charset=""utf-8""><span class=""TextRun SCXW219304335 BCX0"" lang=""EN-GB"" data-contrast=""auto""><span class=""NormalTextRun SCXW219304335 BCX0"">A self-priming and self-setting foundation with buildable, medium to full coverage and a natural matte finish that brings out the best in your skin. </span></span></p>",Rare Beauty,,Foundation,non-returnable,TRUE,Shade,35 Medium Deep Cool,,,,,FGPFA50041F1,0,,0,deny,manual,38.00,,TRUE,TRUE,840122908255,,,,,,,,g,,,,,active
true-to-myself-natural-matte-longwear-foundation,,"<p><meta charset=""utf-8""><span class=""TextRun SCXW219304335 BCX0"" lang=""EN-GB"" data-contrast=""auto""><span class=""NormalTextRun SCXW219304335 BCX0"">A self-priming and self-setting foundation with buildable, medium to full coverage and a natural matte finish that brings out the best in your skin. </span></span></p>",Rare Beauty,,Foundation,non-returnable,TRUE,Shade,36 Medium Deep Warm,,,,,FGPFA50042F1,0,,0,deny,manual,38.00,,TRUE,TRUE,840122908262,,,,,,,,g,,,,,active
true-to-myself-natural-matte-longwear-foundation,,"<p><meta charset=""utf-8""><span class=""TextRun SCXW219304335 BCX0"" lang=""EN-GB"" data-contrast=""auto""><span class=""NormalTextRun SCXW219304335 BCX0"">A self-priming and self-setting foundation with buildable, medium to full coverage and a natural matte finish that brings out the best in your skin. </span></span></p>",Rare Beauty,,Foundation,non-returnable,TRUE,Shade,37 Medium Deep Cool,,,,,FGPFA50043F1,0,,0,deny,manual,38.00,,TRUE,TRUE,840122908279,,,,,,,,g,,,,,active
true-to-myself-natural-matte-longwear-foundation,,"<p><meta charset=""utf-8""><span class=""TextRun SCXW219304335 BCX0"" lang=""EN-GB"" data-contrast=""auto""><span class=""NormalTextRun SCXW219304335 BCX0"">A self-priming and self-setting foundation with buildable, medium to full coverage and a natural matte finish that brings out the best in your skin. </span></span></p>",Rare Beauty,,Foundation,non-returnable,TRUE,Shade,38 Medium Deep Neutral,,,,,FGPFA50044F1,0,,0,deny,manual,38.00,,TRUE,TRUE,840122908286,,,,,,,,g,,,,,active
true-to-myself-natural-matte-longwear-foundation,,"<p><meta charset=""utf-8""><span class=""TextRun SCXW219304335 BCX0"" lang=""EN-GB"" data-contrast=""auto""><span class=""NormalTextRun SCXW219304335 BCX0"">A self-priming and self-setting foundation with buildable, medium to full coverage and a natural matte finish that brings out the best in your skin. </span></span></p>",Rare Beauty,,Foundation,non-returnable,TRUE,Shade,39 Medium Deep Warm,,,,,FGPFA50045F1,0,,0,deny,manual,38.00,,TRUE,TRUE,840122908293,,,,,,,,g,,,,,active
true-to-myself-natural-matte-longwear-foundation,,"<p><meta charset=""utf-8""><span class=""TextRun SCXW219304335 BCX0"" lang=""EN-GB"" data-contrast=""auto""><span class=""NormalTextRun SCXW219304335 BCX0"">A self-priming and self-setting foundation with buildable, medium to full coverage and a natural matte finish that brings out the best in your skin. </span></span></p>",Rare Beauty,,Foundation,non-returnable,TRUE,Shade,40 Deep Neutral,,,,,FGPFA50046F1,0,,0,deny,manual,38.00,,TRUE,TRUE,840122908309,,,,,,,,g,,,,,active
true-to-myself-natural-matte-longwear-foundation,,"<p><meta charset=""utf-8""><span class=""TextRun SCXW219304335 BCX0"" lang=""EN-GB"" data-contrast=""auto""><span class=""NormalTextRun SCXW219304335 BCX0"">A self-priming and self-setting foundation with buildable, medium to full coverage and a natural matte finish that brings out the best in your skin. </span></span></p>",Rare Beauty,,Foundation,non-returnable,TRUE,Shade,41 Deep Warm,,,,,FGPFA50047F1,0,,0,deny,manual,38.00,,TRUE,TRUE,840122908316,,,,,,,,g,,,,,active
true-to-myself-natural-matte-longwear-foundation,,"<p><meta charset=""utf-8""><span class=""TextRun SCXW219304335 BCX0"" lang=""EN-GB"" data-contrast=""auto""><span class=""NormalTextRun SCXW219304335 BCX0"">A self-priming and self-setting foundation with buildable, medium to full coverage and a natural matte finish that brings out the best in your skin. </span></span></p>",Rare Beauty,,Foundation,non-returnable,TRUE,Shade,42 Deep Cool,,,,,FGPFA50048F1,0,,0,deny,manual,38.00,,TRUE,TRUE,840122908323,,,,,,,,g,,,,,active
true-to-myself-natural-matte-longwear-foundation,,"<p><meta charset=""utf-8""><span class=""TextRun SCXW219304335 BCX0"" lang=""EN-GB"" data-contrast=""auto""><span class=""NormalTextRun SCXW219304335 BCX0"">A self-priming and self-setting foundation with buildable, medium to full coverage and a natural matte finish that brings out the best in your skin. </span></span></p>",Rare Beauty,,Foundation,non-returnable,TRUE,Shade,43 Deep Cool,,,,,FGPFA50049F1,0,,0,deny,manual,38.00,,TRUE,TRUE,840122908330,,,,,,,,g,,,,,active
true-to-myself-natural-matte-longwear-foundation,,"<p><meta charset=""utf-8""><span class=""TextRun SCXW219304335 BCX0"" lang=""EN-GB"" data-contrast=""auto""><span class=""NormalTextRun SCXW219304335 BCX0"">A self-priming and self-setting foundation with buildable, medium to full coverage and a natural matte finish that brings out the best in your skin. </span></span></p>",Rare Beauty,,Foundation,non-returnable,TRUE,Shade,44 Deep Warm,,,,,FGPFA50050F1,0,,0,deny,manual,38.00,,TRUE,TRUE,840122908347,,,,,,,,g,,,,,active
true-to-myself-natural-matte-longwear-foundation,,"<p><meta charset=""utf-8""><span class=""TextRun SCXW219304335 BCX0"" lang=""EN-GB"" data-contrast=""auto""><span class=""NormalTextRun SCXW219304335 BCX0"">A self-priming and self-setting foundation with buildable, medium to full coverage and a natural matte finish that brings out the best in your skin. </span></span></p>",Rare Beauty,,Foundation,non-returnable,TRUE,Shade,45 Deep Cool,,,,,FGPFA50051F1,0,,0,deny,manual,38.00,,TRUE,TRUE,840122908354,,,,,,,,g,,,,,active
true-to-myself-natural-matte-longwear-foundation,,"<p><meta charset=""utf-8""><span class=""TextRun SCXW219304335 BCX0"" lang=""EN-GB"" data-contrast=""auto""><span class=""NormalTextRun SCXW219304335 BCX0"">A self-priming and self-setting foundation with buildable, medium to full coverage and a natural matte finish that brings out the best in your skin. </span></span></p>",Rare Beauty,,Foundation,non-returnable,TRUE,Shade,46 Deep Neutral,,,,,FGPFA50052F1,0,,0,deny,manual,38.00,,TRUE,TRUE,840122908361,,,,,,,,g,,,,,active
true-to-myself-natural-matte-longwear-foundation,,"<p><meta charset=""utf-8""><span class=""TextRun SCXW219304335 BCX0"" lang=""EN-GB"" data-contrast=""auto""><span class=""NormalTextRun SCXW219304335 BCX0"">A self-priming and self-setting foundation with buildable, medium to full coverage and a natural matte finish that brings out the best in your skin. </span></span></p>",Rare Beauty,,Foundation,non-returnable,TRUE,Shade,47 Deep Neutral,,,,,FGPFA50053F1,0,,0,deny,manual,38.00,,TRUE,TRUE,840122908378,,,,,,,,g,,,,,active
true-to-myself-natural-matte-longwear-foundation,,"<p><meta charset=""utf-8""><span class=""TextRun SCXW219304335 BCX0"" lang=""EN-GB"" data-contrast=""auto""><span class=""NormalTextRun SCXW219304335 BCX0"">A self-priming and self-setting foundation with buildable, medium to full coverage and a natural matte finish that brings out the best in your skin. </span></span></p>",Rare Beauty,,Foundation,non-returnable,TRUE,Shade,48 Deep Cool,,,,,FGPFA50054F1,0,,0,deny,manual,38.00,,TRUE,TRUE,840122908385,,,,,,,,g,,,,,active
rare-eau-de-parfum-fragrance-gift-set,Rare Eau de Parfum Fragrance Gift Set,"<p><meta charset=""utf-8""><span>Celebrate the special women in your life with this limited-edition gift set featuring Rare Eau de Parfum in both a full-size and 10mL travel spray. Warm and decadent with a touch of spice, this scent welcomes you with notes of creamy caramel and pistachio, <meta charset=""utf-8"">unfolds into a rich blend of vanilla and ginger<strong>, </strong>then settles into earthy sandalwood. Bright yet deep, familiar yet unexpected, this is a fragrance that evolves with every passing moment, lingering for up to 12 hours. A $105 value.</span></p>",Rare Beauty,,Fragrance,non-returnable,TRUE,Title,Default Title,,,,,FGPKIT0012F1,0,,0,deny,manual,78.00,105.00,TRUE,TRUE,840122909351,https://cdn.shopify.com/s/files/1/0314/1143/7703/files/ECOMM-MOTHERS-DAY-EDP-SET-BOX-PRODUCT.jpg?v=1774379057,1,,,,,,g,,,,,active
rare-eau-de-parfum-fragrance-gift-set,,,,,,,,,,,,,,,,,,,,,,,,,https://cdn.shopify.com/s/files/1/0314/1143/7703/files/CAMPAIGN-SELENA-EDP-02.jpg?v=1774379112,2,,,,,,,,,,,
rare-eau-de-parfum-fragrance-gift-set,,,,,,,,,,,,,,,,,,,,,,,,,https://cdn.shopify.com/s/files/1/0314/1143/7703/files/ON-FIGURE-EDP-ACCESSIBILITY.jpg?v=1774379112,3,,,,,,,,,,,
rare-eau-de-parfum-fragrance-gift-set,,,,,,,,,,,,,,,,,,,,,,,,,https://cdn.shopify.com/s/files/1/0314/1143/7703/files/ECOMM-MOTHERS-DAY-EDP-SET-PRODUCT-OPEN-CAP-OFF.jpg?v=1774379112,4,,,,,,,,,,,
rare-eau-de-parfum-fragrance-gift-set,,,,,,,,,,,,,,,,,,,,,,,,,https://cdn.shopify.com/s/files/1/0314/1143/7703/files/CAMPAIGN-MODEL-ECOMM-MOTHERS-DAY-EDP-SET.jpg?v=1774379112,5,,,,,,,,,,,
rare-eau-de-parfum-fragrance-gift-set,,,,,,,,,,,,,,,,,,,,,,,,,https://cdn.shopify.com/s/files/1/0314/1143/7703/files/STYLIZED-RARE-EAU-DE-PARFUM-HERO.jpg?v=1774379112,6,,,,,,,,,,,
rare-eau-de-parfum-fragrance-gift-set,,,,,,,,,,,,,,,,,,,,,,,,,https://cdn.shopify.com/s/files/1/0314/1143/7703/files/ECOMM-MOTHERS-DAY-EDP-SET-PRODUCT-OPEN.jpg?v=1774379112,7,,,,,,,,,,,
selena-s-lash-brow-duo,Selena’s Lash & Brow Duo,"<p><meta charset=""utf-8""><span>Take your lashes and brows to the next level with Selena’s go-to essentials, featuring Perfect Strokes Universal Volumizing Mascara (travel size) to lift, lengthen, and volumize lashes, and Brow Harmony Flexible Lifting Gel (full size) to sculpt and set brows all day with a laminated effect. A $35 value.</span></p>",Rare Beauty,,Eye Set,"Badge: $35 Value, non-returnable",TRUE,Title,Default Title,,,,,FGPKIT0016F1,50,,0,deny,manual,27.00,35.00,TRUE,TRUE,840122909405,https://cdn.shopify.com/s/files/1/0314/1143/7703/files/ECOMM-SELENAS-LASH-BROW-DUO-BOX-PRODUCT.jpg?v=1776795964,1,,,,,,g,,,,,active
selena-s-lash-brow-duo,,,,,,,,,,,,,,,,,,,,,,,,,https://cdn.shopify.com/s/files/1/0314/1143/7703/files/ON-FIGURE-SELENA-BROW-APPLICATION.jpg?v=1776796038,2,,,,,,,,,,,
selena-s-lash-brow-duo,,,,,,,,,,,,,,,,,,,,,,,,,https://cdn.shopify.com/s/files/1/0314/1143/7703/files/ON-FIGURE-SELENAS-LASH-BROW-DUO-BA-GRID.jpg?v=1776796038,3,,,,,,,,,,,
selena-s-lash-brow-duo,,,,,,,,,,,,,,,,,,,,,,,,,https://cdn.shopify.com/s/files/1/0314/1143/7703/files/SWATCH-SELENAS-LASH-BROW-DUO.jpg?v=1776796038,4,,,,,,,,,,,
selena-s-lash-brow-duo,,,,,,,,,,,,,,,,,,,,,,,,,https://cdn.shopify.com/s/files/1/0314/1143/7703/files/ECOMM-SELENAS-LASH-BROW-DUO-PRODUCT.jpg?v=1776796038,5,,,,,,,,,,,
selena-s-lash-brow-duo,,,,,,,,,,,,,,,,,,,,,,,,,https://cdn.shopify.com/s/files/1/0314/1143/7703/files/ON-FIGURE-SELENAS-LASH-BROW-DUO-APPLICATION-01.jpg?v=1776796038,6,,,,,,,,,,,
selena-s-lash-brow-duo,,,,,,,,,,,,,,,,,,,,,,,,,https://cdn.shopify.com/s/files/1/0314/1143/7703/files/ON-FIGURE-SELENA-MASCARA-APPLICATION.jpg?v=1776796038,7,,,,,,,,,,,
selena-s-lash-brow-duo,,,,,,,,,,,,,,,,,,,,,,,,,https://cdn.shopify.com/s/files/1/0314/1143/7703/files/ON-FIGURE-SELENAS-LASH-BROW-DUO-APPLICATION-02.jpg?v=1776796038,8,,,,,,,,,,,
selena-s-lash-brow-duo,,,,,,,,,,,,,,,,,,,,,,,,,https://cdn.shopify.com/s/files/1/0314/1143/7703/files/ON-FIGURE-SELENAS-LASH-BROW-DUO-HERO.jpg?v=1776796038,9,,,,,,,,,,,
selena-s-lash-brow-duo,,,,,,,,,,,,,,,,,,,,,,,,,https://cdn.shopify.com/s/files/1/0314/1143/7703/files/STYLIZED-SELENAS-LASH-BROW-DUO.jpg?v=1776796038,10,,,,,,,,,,,
soft-pinch-matte-bouncy-blush-mini,Soft Pinch Matte Bouncy Blush Mini,"<p>A cushiony cream-to-powder blush in a mini size that gives skin the dreamiest flush of color with a lasting, blurred matte finish.</p>",Rare Beauty,,Cream Blush,non-returnable,TRUE,Shade,Hope,,,,,FGPSU50001M1,0,,0,deny,manual,16.00,,TRUE,TRUE,840122909290,https://cdn.shopify.com/s/files/1/0314/1143/7703/files/ECOMM-MINI-SP-MATTE-BOUNCY-BLUSH-HOPE.jpg?v=1779132602,1,,,,,,g,,,,,active
soft-pinch-matte-bouncy-blush-mini,,,,,,,,,,,,,,,,,,,,,,,,,https://cdn.shopify.com/s/files/1/0314/1143/7703/files/BA-MINI-SP-MATTE-BOUNCY-BLUSH-HOPE.jpg?v=1779132603,2,,,,,,,,,,,
soft-pinch-matte-bouncy-blush-mini,,,,,,,,,,,,,,,,,,,,,,,,,https://cdn.shopify.com/s/files/1/0314/1143/7703/files/SHADE-GRIDS-SP-MATTE-BOUNCY-BLUSH-HOPE_32dcec37-d1bb-4211-af7c-c62a0cb021c3.jpg?v=1779132602,3,,,,,,,,,,,
soft-pinch-matte-bouncy-blush-mini,,,,,,,,,,,,,,,,,,,,,,,,,https://cdn.shopify.com/s/files/1/0314/1143/7703/files/SWATCH-SP-MATTE-BOUNCY-BLUSH-HOPE_c0dc1637-288c-4e72-b9da-411d889248c3.png?v=1779132603,4,,,,,,,,,,,
soft-pinch-matte-bouncy-blush-mini,,,,,,,,,,,,,,,,,,,,,,,,,https://cdn.shopify.com/s/files/1/0314/1143/7703/files/ECOMM-MINI-SP-MATTE-BOUNCY-BLUSH-HOPE-CLOSED.jpg?v=1779132603,5,,,,,,,,,,,
soft-pinch-matte-bouncy-blush-mini,,,,,,,,,,,,,,,,,,,,,,,,,https://cdn.shopify.com/s/files/1/0314/1143/7703/files/ECOMM-MINI-SP-MATTE-BOUNCY-BLUSH-WORTH.jpg?v=1779132859,6,,,,,,,,,,,
soft-pinch-matte-bouncy-blush-mini,,,,,,,,,,,,,,,,,,,,,,,,,https://cdn.shopify.com/s/files/1/0314/1143/7703/files/BA-MINI-SP-MATTE-BOUNCY-BLUSH-WORTH.jpg?v=1779132859,7,,,,,,,,,,,
soft-pinch-matte-bouncy-blush-mini,,,,,,,,,,,,,,,,,,,,,,,,,https://cdn.shopify.com/s/files/1/0314/1143/7703/files/SHADE-GRIDS-SP-MATTE-BOUNCY-BLUSH-WORTH_59fe296c-9a38-4f95-8cd5-d422530aa10d.jpg?v=1779132859,8,,,,,,,,,,,
soft-pinch-matte-bouncy-blush-mini,,,,,,,,,,,,,,,,,,,,,,,,,https://cdn.shopify.com/s/files/1/0314/1143/7703/files/SWATCH-SP-MATTE-BOUNCY-BLUSH-WORTH_179a0613-6abf-4ad8-832d-e356ea0032cd.png?v=1779132859,9,,,,,,,,,,,
soft-pinch-matte-bouncy-blush-mini,,,,,,,,,,,,,,,,,,,,,,,,,https://cdn.shopify.com/s/files/1/0314/1143/7703/files/ECOMM-MINI-SP-MATTE-BOUNCY-BLUSH-WORTH-CLOSED.jpg?v=1779132859,10,,,,,,,,,,,
soft-pinch-matte-bouncy-blush-mini,,,,,,,,,,,,,,,,,,,,,,,,,https://cdn.shopify.com/s/files/1/0314/1143/7703/files/ECOMM-MINI-SP-MATTE-BOUNCY-BLUSH-THRIVING.jpg?v=1779133050,11,,,,,,,,,,,
soft-pinch-matte-bouncy-blush-mini,,,,,,,,,,,,,,,,,,,,,,,,,https://cdn.shopify.com/s/files/1/0314/1143/7703/files/BA-MINI-SP-MATTE-BOUNCY-BLUSH-THRIVING.jpg?v=1779133050,12,,,,,,,,,,,
soft-pinch-matte-bouncy-blush-mini,,,,,,,,,,,,,,,,,,,,,,,,,https://cdn.shopify.com/s/files/1/0314/1143/7703/files/SHADE-GRIDS-SP-MATTE-BOUNCY-BLUSH-THRIVING_41da30f1-091a-418c-b50b-e7bd6cb44fdc.jpg?v=1779133050,13,,,,,,,,,,,
soft-pinch-matte-bouncy-blush-mini,,,,,,,,,,,,,,,,,,,,,,,,,https://cdn.shopify.com/s/files/1/0314/1143/7703/files/SWATCH-SP-MATTE-BOUNCY-BLUSH-THRIVING_2ef73ca8-a59f-4516-b445-f49fbd53cfca.png?v=1779133050,14,,,,,,,,,,,
soft-pinch-matte-bouncy-blush-mini,,,,,,,,,,,,,,,,,,,,,,,,,https://cdn.shopify.com/s/files/1/0314/1143/7703/files/ECOMM-MINI-SP-MATTE-BOUNCY-BLUSH-THRIVING-CLOSED.jpg?v=1779133050,15,,,,,,,,,,,
soft-pinch-matte-bouncy-blush-mini,,,,,,,,,,,,,,,,,,,,,,,,,https://cdn.shopify.com/s/files/1/0314/1143/7703/files/ARM-SWATCHES-SP-MATTE-BOUNCY-BLUSH-MINI.jpg?v=1779133185,16,,,,,,,,,,,
soft-pinch-matte-bouncy-blush-mini,,,,,,,,,,,,,,,,,,,,,,,,,https://cdn.shopify.com/s/files/1/0314/1143/7703/files/STYLIZED-COMPARISON-CHART-V2.jpg?v=1779133185,17,,,,,,,,,,,
soft-pinch-matte-bouncy-blush-mini,,,,,,,,,,,,,,,,,,,,,,,,,https://cdn.shopify.com/s/files/1/0314/1143/7703/files/STYLIZED-MINI-SP-MATTE-BOUNCY-BLUSH-COMPARISON.jpg?v=1779133185,18,,,,,,,,,,,
soft-pinch-matte-bouncy-blush-mini,,"<p>A cushiony cream-to-powder blush in a mini size that gives skin the dreamiest flush of color with a lasting, blurred matte finish.</p>",Rare Beauty,,Cream Blush,non-returnable,TRUE,Shade,Worth,,,,,FGPSU50003M1,0,,0,deny,manual,16.00,,TRUE,TRUE,840122909306,,,,,,,,g,,,,,active
soft-pinch-matte-bouncy-blush-mini,,"<p>A cushiony cream-to-powder blush in a mini size that gives skin the dreamiest flush of color with a lasting, blurred matte finish.</p>",Rare Beauty,,Cream Blush,non-returnable,TRUE,Shade,Thriving,,,,,FGPSU50007M1,0,,0,deny,manual,16.00,,TRUE,TRUE,840122909313,,,,,,,,g,,,,,active
bahay-kubo-rare-beauty-headband,bahay kubo x Rare Beauty Headband,"<p>Bahay Kubo’s signature headband in a limited-edition shade. Slick back your hair with a classic accessory color-matched to the Deep Brown shade of Brow Harmony Tinted Flexible Lifting Gel. Monogrammed with the Rare Beauty logo, it offers firm hold (like our brow gel) and spotlights your brows during makeup application.</p>",Rare Beauty,,Hair Accessories,"Badge: Exclusive, non-returnable",TRUE,Title,Default Title,,,,,MKTRAR0070X1,45,,0,deny,manual,18.00,,TRUE,TRUE,840122910968,https://cdn.shopify.com/s/files/1/0314/1143/7703/files/ECOMM-BAHAY-KUBO-PRODUCT.jpg?v=1780000402,1,,,,,,g,,,,,active
bahay-kubo-rare-beauty-headband,,,,,,,,,,,,,,,,,,,,,,,,,https://cdn.shopify.com/s/files/1/0314/1143/7703/files/ECOMM-BAHAY-KUBO-ON-FIGURE.jpg?v=1780000402,2,,,,,,,,,,,
soft-pinch-lip-oil-stick,Soft Pinch Lip Oil Stick,"<p>A juicy 3-in-1 hybrid that treats like an oil, shines like a gloss, and delivers buildable color that’s comfortable to wear for up to 12 hours.</p>",Rare Beauty,,Lip Oil Stick,,TRUE,Shade,Wish,,,,,FGPFA60001F1,40,,0,deny,manual,25.00,,TRUE,TRUE,840122910074,https://cdn.shopify.com/s/files/1/0314/1143/7703/files/ECOMM-SP-LIP-OIL-STICK-CAP-OFF-WISH.jpg?v=1782797532,1,,,,,,g,,,,,active
soft-pinch-lip-oil-stick,,,,,,,,,,,,,,,,,,,,,,,,,https://cdn.shopify.com/s/files/1/0314/1143/7703/files/ECOMM-SP-LIP-OIL-STICK-CANDID-WISH.jpg?v=1782797577,2,,,,,,,,,,,
soft-pinch-lip-oil-stick,,,,,,,,,,,,,,,,,,,,,,,,,https://cdn.shopify.com/s/files/1/0314/1143/7703/files/SHADE-GRIDS-SP-LIP-OIL-STICK-WISH.jpg?v=1782797601,3,,,,,,,,,,,
soft-pinch-lip-oil-stick,,,,,,,,,,,,,,,,,,,,,,,,,https://cdn.shopify.com/s/files/1/0314/1143/7703/files/ECOMM-SP-LIP-OIL-STICK-SWATCH-WISH.png?v=1782797554,4,,,,,,,,,,,
soft-pinch-lip-oil-stick,,,,,,,,,,,,,,,,,,,,,,,,,https://cdn.shopify.com/s/files/1/0314/1143/7703/files/ECOMM-SP-LIP-OIL-STICK-CAP-ON-WISH.jpg?v=1782797532,5,,,,,,,,,,,
soft-pinch-lip-oil-stick,,,,,,,,,,,,,,,,,,,,,,,,,https://cdn.shopify.com/s/files/1/0314/1143/7703/files/ECOMM-SP-LIP-OIL-STICK-CAP-OFF-DREAM.jpg?v=1782797733,6,,,,,,,,,,,
soft-pinch-lip-oil-stick,,,,,,,,,,,,,,,,,,,,,,,,,https://cdn.shopify.com/s/files/1/0314/1143/7703/files/ECOMM-SP-LIP-OIL-STICK-CANDID-DREAM.jpg?v=1782797785,7,,,,,,,,,,,
soft-pinch-lip-oil-stick,,,,,,,,,,,,,,,,,,,,,,,,,https://cdn.shopify.com/s/files/1/0314/1143/7703/files/ECOMM-SP-LIP-OIL-STICK-SWATCH-DREAM.png?v=1782797749,8,,,,,,,,,,,
soft-pinch-lip-oil-stick,,,,,,,,,,,,,,,,,,,,,,,,,https://cdn.shopify.com/s/files/1/0314/1143/7703/files/ECOMM-SP-LIP-OIL-STICK-CAP-ON-DREAM.jpg?v=1782797734,9,,,,,,,,,,,
soft-pinch-lip-oil-stick,,,,,,,,,,,,,,,,,,,,,,,,,https://cdn.shopify.com/s/files/1/0314/1143/7703/files/ECOMM-SP-LIP-OIL-STICK-CAP-OFF-MUSE.jpg?v=1782797895,10,,,,,,,,,,,
soft-pinch-lip-oil-stick,,,,,,,,,,,,,,,,,,,,,,,,,https://cdn.shopify.com/s/files/1/0314/1143/7703/files/ECOMM-SP-LIP-OIL-STICK-CANDID-MUSE.jpg?v=1782797913,11,,,,,,,,,,,
soft-pinch-lip-oil-stick,,,,,,,,,,,,,,,,,,,,,,,,,https://cdn.shopify.com/s/files/1/0314/1143/7703/files/SHADE-GRIDS-SP-LIP-OIL-STICK-MUSE.jpg?v=1782797919,12,,,,,,,,,,,
soft-pinch-lip-oil-stick,,,,,,,,,,,,,,,,,,,,,,,,,https://cdn.shopify.com/s/files/1/0314/1143/7703/files/ECOMM-SP-LIP-OIL-STICK-SWATCH-MUSE.png?v=1782797904,13,,,,,,,,,,,
soft-pinch-lip-oil-stick,,,,,,,,,,,,,,,,,,,,,,,,,https://cdn.shopify.com/s/files/1/0314/1143/7703/files/ECOMM-SP-LIP-OIL-STICK-CAP-ON-MUSE.jpg?v=1782797895,14,,,,,,,,,,,
soft-pinch-lip-oil-stick,,,,,,,,,,,,,,,,,,,,,,,,,https://cdn.shopify.com/s/files/1/0314/1143/7703/files/ECOMM-SP-LIP-OIL-STICK-CAP-OFF-EMBRACE.jpg?v=1782798023,15,,,,,,,,,,,
soft-pinch-lip-oil-stick,,,,,,,,,,,,,,,,,,,,,,,,,https://cdn.shopify.com/s/files/1/0314/1143/7703/files/ECOMM-SP-LIP-OIL-STICK-CANDID-EMBRACE.jpg?v=1782798048,16,,,,,,,,,,,
soft-pinch-lip-oil-stick,,,,,,,,,,,,,,,,,,,,,,,,,https://cdn.shopify.com/s/files/1/0314/1143/7703/files/SHADE-GRIDS-SP-LIP-OIL-STICK-EMBRACE.jpg?v=1782798054,17,,,,,,,,,,,
soft-pinch-lip-oil-stick,,,,,,,,,,,,,,,,,,,,,,,,,https://cdn.shopify.com/s/files/1/0314/1143/7703/files/ECOMM-SP-LIP-OIL-STICK-SWATCH-EMBRACE.png?v=1782798035,18,,,,,,,,,,,
soft-pinch-lip-oil-stick,,,,,,,,,,,,,,,,,,,,,,,,,https://cdn.shopify.com/s/files/1/0314/1143/7703/files/ECOMM-SP-LIP-OIL-STICK-CAP-ON-EMBRACE.jpg?v=1782798024,19,,,,,,,,,,,
soft-pinch-lip-oil-stick,,,,,,,,,,,,,,,,,,,,,,,,,https://cdn.shopify.com/s/files/1/0314/1143/7703/files/ECOMM-SP-LIP-OIL-STICK-CAP-OFF-SUCCESS.jpg?v=1782798179,20,,,,,,,,,,,
soft-pinch-lip-oil-stick,,,,,,,,,,,,,,,,,,,,,,,,,https://cdn.shopify.com/s/files/1/0314/1143/7703/files/ECOMM-SP-LIP-OIL-STICK-CANDID-SUCCESS.jpg?v=1782798198,21,,,,,,,,,,,
soft-pinch-lip-oil-stick,,,,,,,,,,,,,,,,,,,,,,,,,https://cdn.shopify.com/s/files/1/0314/1143/7703/files/SHADE-GRIDS-SP-LIP-OIL-STICK-SUCCESS.jpg?v=1782798204,22,,,,,,,,,,,
soft-pinch-lip-oil-stick,,,,,,,,,,,,,,,,,,,,,,,,,https://cdn.shopify.com/s/files/1/0314/1143/7703/files/ECOMM-SP-LIP-OIL-STICK-SWATCH-SUCCESS.png?v=1782798185,23,,,,,,,,,,,
soft-pinch-lip-oil-stick,,,,,,,,,,,,,,,,,,,,,,,,,https://cdn.shopify.com/s/files/1/0314/1143/7703/files/ECOMM-SP-LIP-OIL-STICK-CAP-ON-SUCCESS.jpg?v=1782798180,24,,,,,,,,,,,
soft-pinch-lip-oil-stick,,,,,,,,,,,,,,,,,,,,,,,,,https://cdn.shopify.com/s/files/1/0314/1143/7703/files/ECOMM-SP-LIP-OIL-STICK-CAP-OFF-BLOOM.jpg?v=1782798300,25,,,,,,,,,,,
soft-pinch-lip-oil-stick,,,,,,,,,,,,,,,,,,,,,,,,,https://cdn.shopify.com/s/files/1/0314/1143/7703/files/ECOMM-SP-LIP-OIL-STICK-CANDID-BLOOM.jpg?v=1782798317,26,,,,,,,,,,,
soft-pinch-lip-oil-stick,,,,,,,,,,,,,,,,,,,,,,,,,https://cdn.shopify.com/s/files/1/0314/1143/7703/files/SHADE-GRIDS-SP-LIP-OIL-STICK-BLOOM.jpg?v=1782798322,27,,,,,,,,,,,
soft-pinch-lip-oil-stick,,,,,,,,,,,,,,,,,,,,,,,,,https://cdn.shopify.com/s/files/1/0314/1143/7703/files/ECOMM-SP-LIP-OIL-STICK-SWATCH-BLOOM.png?v=1782798310,28,,,,,,,,,,,
soft-pinch-lip-oil-stick,,,,,,,,,,,,,,,,,,,,,,,,,https://cdn.shopify.com/s/files/1/0314/1143/7703/files/ECOMM-SP-LIP-OIL-STICK-CAP-ON-BLOOM.jpg?v=1782798300,29,,,,,,,,,,,
soft-pinch-lip-oil-stick,,,,,,,,,,,,,,,,,,,,,,,,,https://cdn.shopify.com/s/files/1/0314/1143/7703/files/ECOMM-SP-LIP-OIL-STICK-CAP-OFF-FORTUNE.jpg?v=1782798486,30,,,,,,,,,,,
soft-pinch-lip-oil-stick,,,,,,,,,,,,,,,,,,,,,,,,,https://cdn.shopify.com/s/files/1/0314/1143/7703/files/ECOMM-SP-LIP-OIL-STICK-CANDID-FORTUNE.jpg?v=1782798499,31,,,,,,,,,,,
soft-pinch-lip-oil-stick,,,,,,,,,,,,,,,,,,,,,,,,,https://cdn.shopify.com/s/files/1/0314/1143/7703/files/SHADE-GRIDS-SP-LIP-OIL-STICK-FORTUNE.jpg?v=1782798504,32,,,,,,,,,,,
soft-pinch-lip-oil-stick,,,,,,,,,,,,,,,,,,,,,,,,,https://cdn.shopify.com/s/files/1/0314/1143/7703/files/ECOMM-SP-LIP-OIL-STICK-SWATCH-FORTUNE.png?v=1782798492,33,,,,,,,,,,,
soft-pinch-lip-oil-stick,,,,,,,,,,,,,,,,,,,,,,,,,https://cdn.shopify.com/s/files/1/0314/1143/7703/files/ECOMM-SP-LIP-OIL-STICK-CAP-ON-FORTUNE.jpg?v=1782798486,34,,,,,,,,,,,
soft-pinch-lip-oil-stick,,,,,,,,,,,,,,,,,,,,,,,,,https://cdn.shopify.com/s/files/1/0314/1143/7703/files/ECOMM-SP-LIP-OIL-STICK-CAP-OFF-JOURNEY.jpg?v=1782798609,35,,,,,,,,,,,
soft-pinch-lip-oil-stick,,,,,,,,,,,,,,,,,,,,,,,,,https://cdn.shopify.com/s/files/1/0314/1143/7703/files/ECOMM-SP-LIP-OIL-STICK-CANDID-JOURNEY.jpg?v=1782798624,36,,,,,,,,,,,
soft-pinch-lip-oil-stick,,,,,,,,,,,,,,,,,,,,,,,,,https://cdn.shopify.com/s/files/1/0314/1143/7703/files/SHADE-GRIDS-SP-LIP-OIL-STICK-JOURNEY.jpg?v=1782798628,37,,,,,,,,,,,
soft-pinch-lip-oil-stick,,,,,,,,,,,,,,,,,,,,,,,,,https://cdn.shopify.com/s/files/1/0314/1143/7703/files/ECOMM-SP-LIP-OIL-STICK-SWATCH-JOURNEY.png?v=1782798616,38,,,,,,,,,,,
soft-pinch-lip-oil-stick,,,,,,,,,,,,,,,,,,,,,,,,,https://cdn.shopify.com/s/files/1/0314/1143/7703/files/ECOMM-SP-LIP-OIL-STICK-CAP-ON-JOURNEY.jpg?v=1782798609,39,,,,,,,,,,,
soft-pinch-lip-oil-stick,,,,,,,,,,,,,,,,,,,,,,,,,https://cdn.shopify.com/s/files/1/0314/1143/7703/files/STYLIZED-SP-LIP-OIL-STICK-INGREDIENTS.jpg?v=1782798730,40,,,,,,,,,,,
soft-pinch-lip-oil-stick,,,,,,,,,,,,,,,,,,,,,,,,,https://cdn.shopify.com/s/files/1/0314/1143/7703/files/CAMPAIGN-SP-LIP-OIL-STICK-CAMPAIGN-MODEL-PERCEPTION.jpg?v=1782798760,41,,,,,,,,,,,
soft-pinch-lip-oil-stick,,,,,,,,,,,,,,,,,,,,,,,,,https://cdn.shopify.com/s/files/1/0314/1143/7703/files/ARM-SWATCHES-SP-LIP-OIL-STICK-2.jpg?v=1782962735,42,,,,,,,,,,,
soft-pinch-lip-oil-stick,,,,,,,,,,,,,,,,,,,,,,,,,https://cdn.shopify.com/s/files/1/0314/1143/7703/files/STYLIZED-SP-LIP-OIL-STICK-KIND-WORDS-CROSS-SELL.jpg?v=1782798731,43,,,,,,,,,,,
soft-pinch-lip-oil-stick,,,,,,,,,,,,,,,,,,,,,,,,,https://cdn.shopify.com/s/files/1/0314/1143/7703/files/ON-FIGURE-SP-LIP-OIL-STICK-SOFT-PINCH-COMPARISON_1.jpg?v=1783027246,44,,,,,,,,,,,
soft-pinch-lip-oil-stick,,,,,,,,,,,,,,,,,,,,,,,,,https://cdn.shopify.com/s/files/1/0314/1143/7703/files/STYLIZED-SP-LIP-OIL-STICK-SHADE-RANGE-1-1.jpg?v=1782798730,45,,,,,,,,,,,
soft-pinch-lip-oil-stick,,,,,,,,,,,,,,,,,,,,,,,,,https://cdn.shopify.com/s/files/1/0314/1143/7703/files/STYLIZED-SP-LIP-OIL-STICK-SHADE-RANGE-1.jpg?v=1782798730,46,,,,,,,,,,,
soft-pinch-lip-oil-stick,,,,,,,,,,,,,,,,,,,,,,,,,https://cdn.shopify.com/s/files/1/0314/1143/7703/files/STYLIZED-SP-LIP-OIL-STICK-SHADE-RANGE-2-1.jpg?v=1782798730,47,,,,,,,,,,,
soft-pinch-lip-oil-stick,,,,,,,,,,,,,,,,,,,,,,,,,https://cdn.shopify.com/s/files/1/0314/1143/7703/files/STYLIZED-SP-LIP-OIL-STICK-SHADE-RANGE-2.jpg?v=1782798730,48,,,,,,,,,,,
soft-pinch-lip-oil-stick,,"<p>A juicy 3-in-1 hybrid that treats like an oil, shines like a gloss, and delivers buildable color that’s comfortable to wear for up to 12 hours.</p>",Rare Beauty,,Lip Oil Stick,,TRUE,Shade,Dream,,,,,FGPFA60002F1,40,,0,deny,manual,25.00,,TRUE,TRUE,840122910005,,,,,,,,g,,,,,active
soft-pinch-lip-oil-stick,,"<p>A juicy 3-in-1 hybrid that treats like an oil, shines like a gloss, and delivers buildable color that’s comfortable to wear for up to 12 hours.</p>",Rare Beauty,,Lip Oil Stick,,TRUE,Shade,Muse,,,,,FGPFA60003F1,40,,0,deny,manual,25.00,,TRUE,TRUE,840122910012,,,,,,,,g,,,,,active
soft-pinch-lip-oil-stick,,"<p>A juicy 3-in-1 hybrid that treats like an oil, shines like a gloss, and delivers buildable color that’s comfortable to wear for up to 12 hours.</p>",Rare Beauty,,Lip Oil Stick,,TRUE,Shade,Embrace,,,,,FGPFA60004F1,40,,0,deny,manual,25.00,,TRUE,TRUE,840122910029,,,,,,,,g,,,,,active
soft-pinch-lip-oil-stick,,"<p>A juicy 3-in-1 hybrid that treats like an oil, shines like a gloss, and delivers buildable color that’s comfortable to wear for up to 12 hours.</p>",Rare Beauty,,Lip Oil Stick,,TRUE,Shade,Success,,,,,FGPFA60005F1,40,,0,deny,manual,25.00,,TRUE,TRUE,840122910036,,,,,,,,g,,,,,active
soft-pinch-lip-oil-stick,,"<p>A juicy 3-in-1 hybrid that treats like an oil, shines like a gloss, and delivers buildable color that’s comfortable to wear for up to 12 hours.</p>",Rare Beauty,,Lip Oil Stick,,TRUE,Shade,Bloom,,,,,FGPFA60006F1,40,,0,deny,manual,25.00,,TRUE,TRUE,840122910043,,,,,,,,g,,,,,active
soft-pinch-lip-oil-stick,,"<p>A juicy 3-in-1 hybrid that treats like an oil, shines like a gloss, and delivers buildable color that’s comfortable to wear for up to 12 hours.</p>",Rare Beauty,,Lip Oil Stick,,TRUE,Shade,Fortune,,,,,FGPFA60007F1,40,,0,deny,manual,25.00,,TRUE,TRUE,840122910050,,,,,,,,g,,,,,active
soft-pinch-lip-oil-stick,,"<p>A juicy 3-in-1 hybrid that treats like an oil, shines like a gloss, and delivers buildable color that’s comfortable to wear for up to 12 hours.</p>",Rare Beauty,,Lip Oil Stick,,TRUE,Shade,Journey,,,,,FGPFA60008F1,40,,0,deny,manual,25.00,,TRUE,TRUE,840122910067,,,,,,,,g,,,,,active