Handle,Title,Body (HTML),Vendor,Product Category,Type,Tags,Published,Option1 Name,Option1 Value,Option2 Name,Option2 Value,Option3 Name,Option3 Value,Variant SKU,Variant Grams,Variant Inventory Tracker,Variant Inventory Qty,Variant Inventory Policy,Variant Fulfillment Service,Variant Price,Variant Compare At Price,Variant Requires Shipping,Variant Taxable,Variant Barcode,Image Src,Image Position,Image Alt Text,Gift Card,SEO Title,SEO Description,Variant Image,Variant Weight Unit,Variant Tax Code,Cost per item,Price / International,Compare At Price / International,Status
plum-niacinamide-toner-with-rice-water,3% Niacinamide & Rice Water Toner for Bright Skin,"<h4><b style=""color: #6f2c97;"">plum niacinamide rice water toner benefits:</b></h4>
<p style=""color: #6f2c97;"">*brightens skin
<br>*clears blemishes
<br>*refines &amp; tightens pores
<br>*improves skin texture </p>

<h4><b style=""color: #6f2c97;"">features of plum niacinamide rice water toner:</b></h4>
<p style=""color: #6f2c97;"">*alcohol-free
<br>*fragrance-free
<br>*stability-tested
<br>*beginner-friendly</p>",Plum Goodness,,Single,"allstock, App  Collection 3, aug_all, aug_dermat, aug_flat_399, b2g2_cart_text, b2g2bday_2026, b3g3_cart_text, b4g4_cart_text, bday_b2g2, bday_desi curly, bday_trending, benefits_glow bright, bn_Brightens Skin, bn_Clarifies skin, bn_Hydrates skin, bn_Shrinks pores, bonkers_under699, BRAND_PLUM, breadcrumb_1_skincare_url_skincare, breadcrumb_2_face mists & toners_url_toners, bubble _Toner, bubble _Toners & Mists, bubble_ Combination Skin, bubble_ Oily Skin, bubble_ Rice Water, bubble_Niacinamide, CONCERNS2_Blemishes, CONCERNS2_Uneven Skin, CONCERNS_Blemishes/Uneven Skin, DEC_bestsellers, hydrating toners, ingredient-niacinamide, july25_b2g2, lit_niagel, lit_niaserum, lit_niass, lit_niatoner, MAINCATEGORY_SKIN, Mar25_10%off, nia toner, oct_any3, payday, pm_pricedrop, price drop, RANGE_Niacinamide, refreshers, sep_200to400, sept_noframe_flat399, Single, SKINTYPE_All skin types, SUBCATEGORY_Toner, SUBCATEGORY_Toners & Mists, summer_26, toner for open pores, toners for combination skin, Toners for dry skin",TRUE,Size,150 ml,,,,,PLRW1150FTN2012,0,,0,deny,manual,400.00,440.00,TRUE,TRUE,8906118414215,https://cdn.shopify.com/s/files/1/0390/2985/files/NiaToner80ml01_22c93dd7-c5a3-4cbf-9c7b-99132d7f273b.webp?v=1777376118,1,,,,,,g,,,,,active
plum-niacinamide-toner-with-rice-water,,,,,,,,,,,,,,,,,,,,,,,,,https://cdn.shopify.com/s/files/1/0390/2985/files/NiaToner80ml05_6252cfb2-7ff0-4f87-9034-ce7bb0b6c866.webp?v=1777376118,2,,,,,,,,,,,
plum-niacinamide-toner-with-rice-water,,,,,,,,,,,,,,,,,,,,,,,,,https://cdn.shopify.com/s/files/1/0390/2985/files/NiaToner80ml06_25c4b2a5-182e-4c08-ad55-c6534848e315.webp?v=1777376118,3,,,,,,,,,,,
plum-niacinamide-toner-with-rice-water,,,,,,,,,,,,,,,,,,,,,,,,,https://cdn.shopify.com/s/files/1/0390/2985/files/NiaToner80ml07_469e9c85-631a-49a9-8871-90411f2e09a4.webp?v=1777376118,4,,,,,,,,,,,
plum-niacinamide-toner-with-rice-water,,,,,,,,,,,,,,,,,,,,,,,,,https://cdn.shopify.com/s/files/1/0390/2985/files/NiaToner80ml08_ac71f6db-9d4d-4f76-8d5d-0ca902c781b1.webp?v=1777376118,5,,,,,,,,,,,
plum-niacinamide-toner-with-rice-water,,,,,,,,,,,,,,,,,,,,,,,,,https://cdn.shopify.com/s/files/1/0390/2985/files/NiaToner80ml09_fcce1dc7-195d-42a2-bd5e-c9a2822b8039.webp?v=1777376118,6,,,,,,,,,,,
plum-niacinamide-toner-with-rice-water,,,,,,,,,,,,,,,,,,,,,,,,,https://cdn.shopify.com/s/files/1/0390/2985/files/NiaToner80ml10_87e50405-b508-43db-bd80-8b8a5e7829e8.webp?v=1777376118,7,,,,,,,,,,,
plum-niacinamide-toner-with-rice-water,,,,,,,,,,,,,,,,,,,,,,,,,https://cdn.shopify.com/s/files/1/0390/2985/files/NiaToner80ml11_55dcf6a2-65fb-4151-affc-6984c3267a4a.webp?v=1777376118,8,,,,,,,,,,,
plum-niacinamide-toner-with-rice-water,,,,,,,,,,,,,,,,,,,,,,,,,https://cdn.shopify.com/s/files/1/0390/2985/files/NiaToner80ml12_63686d04-9aa8-48db-b27b-075f0628d6ae.webp?v=1777376118,9,,,,,,,,,,,
plum-niacinamide-toner-with-rice-water,,,,,,,,,,,,,,,,,,,,,,,,,https://cdn.shopify.com/s/files/1/0390/2985/files/NiaToner80ml13_5bf3080a-f750-49d5-9fed-bdb6888bd56e.webp?v=1777376118,10,,,,,,,,,,,
plum-niacinamide-toner-with-rice-water,,,,,,,,,,,,,,,,,,,,,,,,,https://cdn.shopify.com/s/files/1/0390/2985/files/NiaToner80ml14_26e32bce-9c73-4b0d-9baf-d33ae82a243e.webp?v=1777376118,11,,,,,,,,,,,
plum-niacinamide-toner-with-rice-water,,,,,,,,,,,,,,,,,,,,,,,,,https://cdn.shopify.com/s/files/1/0390/2985/files/NiaToner80ml15_7cfcc7b5-fa1f-4529-80b4-744ab65f5dd9.webp?v=1777376118,12,,,,,,,,,,,
plum-niacinamide-toner-with-rice-water,,,,,,,,,,,,,,,,,,,,,,,,,https://cdn.shopify.com/s/files/1/0390/2985/files/Combo-SKUs-Nia-Toner-Pack-of-2-1st-Tile-1001x1001-px_1.webp?v=1784717200,13,,,,,,,,,,,
plum-niacinamide-toner-with-rice-water,,,,,,,,,,,,,,,,,,,,,,,,,https://cdn.shopify.com/s/files/1/0390/2985/files/04-Clinically-proven_0b05fb66-2abe-4cef-ba8c-bb38e835a85a.png?v=1784717308,14,,,,,,,,,,,
plum-niacinamide-toner-with-rice-water,,,,,,,,,,,,,,,,,,,,,,,,,https://cdn.shopify.com/s/files/1/0390/2985/files/05-Chemistry_2e3979be-6e7b-4764-a80e-aa0ad0233787.png?v=1784717308,15,,,,,,,,,,,
plum-niacinamide-toner-with-rice-water,,,,,,,,,,,,,,,,,,,,,,,,,https://cdn.shopify.com/s/files/1/0390/2985/files/06-Who-Is-It-For_c1bac771-5544-49e0-819a-f555c541fa9b.png?v=1784717308,16,,,,,,,,,,,
plum-niacinamide-toner-with-rice-water,,,,,,,,,,,,,,,,,,,,,,,,,https://cdn.shopify.com/s/files/1/0390/2985/files/07-Plumster_47366a51-2eb4-4762-971b-72c53fe3472d.png?v=1784717308,17,,,,,,,,,,,
plum-niacinamide-toner-with-rice-water,,,,,,,,,,,,,,,,,,,,,,,,,https://cdn.shopify.com/s/files/1/0390/2985/files/08-How-To-Use_4f6d4089-0e3c-4eef-a0f2-ac3f419707c7.png?v=1784717308,18,,,,,,,,,,,
plum-niacinamide-toner-with-rice-water,,,,,,,,,,,,,,,,,,,,,,,,,https://cdn.shopify.com/s/files/1/0390/2985/files/09-Comparison_95fb9a00-df46-47d1-b1c3-ecb24c7fc55f.png?v=1784717308,19,,,,,,,,,,,
plum-niacinamide-toner-with-rice-water,,,,,,,,,,,,,,,,,,,,,,,,,https://cdn.shopify.com/s/files/1/0390/2985/files/10-What_s-Out_44fb462b-4891-4ac7-bdfc-ccba0b498085.png?v=1784717308,20,,,,,,,,,,,
plum-niacinamide-toner-with-rice-water,,,,,,,,,,,,,,,,,,,,,,,,,https://cdn.shopify.com/s/files/1/0390/2985/files/11-Clear-_-bright-routine_a77e3c7f-f6ad-464f-b5d3-42f9ee5af4af.png?v=1784717308,21,,,,,,,,,,,
plum-niacinamide-toner-with-rice-water,,,,,,,,,,,,,,,,,,,,,,,,,https://cdn.shopify.com/s/files/1/0390/2985/files/12-BOP_59de3671-2701-45b1-8887-9976320fdcbe.png?v=1784717308,22,,,,,,,,,,,
plum-niacinamide-toner-with-rice-water,,"<h4><b style=""color: #6f2c97;"">plum niacinamide rice water toner benefits:</b></h4>
<p style=""color: #6f2c97;"">*brightens skin
<br>*clears blemishes
<br>*refines &amp; tightens pores
<br>*improves skin texture </p>

<h4><b style=""color: #6f2c97;"">features of plum niacinamide rice water toner:</b></h4>
<p style=""color: #6f2c97;"">*alcohol-free
<br>*fragrance-free
<br>*stability-tested
<br>*beginner-friendly</p>",Plum Goodness,,Single,"allstock, App  Collection 3, aug_all, aug_dermat, aug_flat_399, b2g2_cart_text, b2g2bday_2026, b3g3_cart_text, b4g4_cart_text, bday_b2g2, bday_desi curly, bday_trending, benefits_glow bright, bn_Brightens Skin, bn_Clarifies skin, bn_Hydrates skin, bn_Shrinks pores, bonkers_under699, BRAND_PLUM, breadcrumb_1_skincare_url_skincare, breadcrumb_2_face mists & toners_url_toners, bubble _Toner, bubble _Toners & Mists, bubble_ Combination Skin, bubble_ Oily Skin, bubble_ Rice Water, bubble_Niacinamide, CONCERNS2_Blemishes, CONCERNS2_Uneven Skin, CONCERNS_Blemishes/Uneven Skin, DEC_bestsellers, hydrating toners, ingredient-niacinamide, july25_b2g2, lit_niagel, lit_niaserum, lit_niass, lit_niatoner, MAINCATEGORY_SKIN, Mar25_10%off, nia toner, oct_any3, payday, pm_pricedrop, price drop, RANGE_Niacinamide, refreshers, sep_200to400, sept_noframe_flat399, Single, SKINTYPE_All skin types, SUBCATEGORY_Toner, SUBCATEGORY_Toners & Mists, summer_26, toner for open pores, toners for combination skin, Toners for dry skin",TRUE,Size,150 ml x 2,,,,,PLMU0SMTVRT516,0,,0,deny,manual,712.00,880.00,TRUE,TRUE,,,,,,,,,g,,,,,active
vitamin-c-face-serum,15% Vitamin C & Mandarin Glow Boost Serum,"<h4><b style=""color: #6f2c97;"">vitamin C serum benefits:</b></h4>
<p style=""color: #6f2c97;"">*boosts glow <br> *reduces dark spots <br>*fights hyperpigmentation &amp; sun damage <br> *protects skin from free radical damage and oxidative stress</p>
<h4><b style=""color: #6f2c97;"">features of vitamin C serum:</b></h4>
<p style=""color: #6f2c97;"">*lightweight &amp; quick absorbing <br>*fragrance-free <br>*stability-tested<br> *beginner-friendly</p>",Plum Goodness,,Single,"allstock, App  Collection 4, april_plumlegacy, aug_all, aug_dermat, aug_flat_399, b2g2_cart_text, b2g2bday_2026, b3g3_cart_text, b4g4_cart_text, bday_b2g2, bday_bestseller, bday_desi curly, bday_shankar, benefits_glow bright, bestseller, bn_brightens skin, bn_enhances glow, bn_reduces dark spots, bonkers_under699, BRAND_PLUM, breadcrumb_1_skincare_url_skincare, breadcrumb_2_serums_url_face-serums, bubble _Dry Skin, bubble_ Dry Skin, bubble_ Vitamin C, concern_Blemishes & Acne Scars, concern_Dullness & Uneven Texture, concern_Fine Lines & Wrinkles, concern_Pigmentation & Uneven Skin Tone, concern_Spots, concern_Sun Damage, concern_tanning&pigmentation, CONCERNS2_Dark Spots, Concerns2_Dry Skin_New, CONCERNS2_Dullness, CONCERNS2_Pigmentation, CONCERNS_Dark Spots/Pigmentation/Dullness, CONCERNS_Tan Removal, face serum for pigmentation, flat_25_litlab, ingredients_Vitamin C, july25_b2g2, june_pricedrop, LLL_Min25, MAINCATEGORY_SKIN, Mar25_10%off, nightmarket_serum, oct_any3, payday, pm_pricedrop, RANGE_Combo, RANGE_Vitamin C, sep_400to600, sept_flat399, serum for combination skin, serum for glowing skin, serums for acne prone skin, serums for oily skin, Single, skin brightening serums, SKINTYPE_All skin types, SUBCATEGORY_Face Serum, SUBCATEGORY_Face Serum & Oils, summer_26, tan removal serum, Treat, vitamin c serum for oily skin",TRUE,Size,30 ml,,,,,PLMV0030FSE2310,0,,0,deny,manual,599.00,790.00,TRUE,TRUE,8906118412310,https://cdn.shopify.com/s/files/1/0390/2985/files/Listing_1st_Tile_Vit_C_15_Serum_30ml_1001x1001_px.webp?v=1776943410,1,,,,,,g,,,,,active
vitamin-c-face-serum,,,,,,,,,,,,,,,,,,,,,,,,,https://cdn.shopify.com/s/files/1/0390/2985/files/02_049b14c8-e8d2-4922-8167-3c27bde728aa.jpg?v=1735905481,2,,,,,,,,,,,
vitamin-c-face-serum,,,,,,,,,,,,,,,,,,,,,,,,,https://cdn.shopify.com/s/files/1/0390/2985/files/03_b30933c1-c9c1-448d-ae76-1dc26176d11b.jpg?v=1735905481,3,,,,,,,,,,,
vitamin-c-face-serum,,,,,,,,,,,,,,,,,,,,,,,,,https://cdn.shopify.com/s/files/1/0390/2985/files/04_1fbddbd6-0827-426d-b6e9-ea4fd043174a.jpg?v=1735905481,4,,,,,,,,,,,
vitamin-c-face-serum,,,,,,,,,,,,,,,,,,,,,,,,,https://cdn.shopify.com/s/files/1/0390/2985/files/05_ebbe6be5-41fa-4d3d-9f66-506516887793.jpg?v=1735905481,5,,,,,,,,,,,
vitamin-c-face-serum,,,,,,,,,,,,,,,,,,,,,,,,,https://cdn.shopify.com/s/files/1/0390/2985/files/06_03f8ddb8-05fb-45d2-ac7b-2972ee58698e.jpg?v=1735905481,6,,,,,,,,,,,
vitamin-c-face-serum,,,,,,,,,,,,,,,,,,,,,,,,,https://cdn.shopify.com/s/files/1/0390/2985/files/07_9adb7416-1021-4a53-b402-3417aa2032fa.jpg?v=1735905481,7,,,,,,,,,,,
vitamin-c-face-serum,,,,,,,,,,,,,,,,,,,,,,,,,https://cdn.shopify.com/s/files/1/0390/2985/files/08_04aae74c-ec61-41a4-8361-48806304d116.jpg?v=1735905481,8,,,,,,,,,,,
vitamin-c-face-serum,,,,,,,,,,,,,,,,,,,,,,,,,https://cdn.shopify.com/s/files/1/0390/2985/files/09-_2_1aa9e2f6-a643-4a99-a69d-cb09a1c70a79.jpg?v=1735905481,9,,,,,,,,,,,
vitamin-c-face-serum,,,,,,,,,,,,,,,,,,,,,,,,,https://cdn.shopify.com/s/files/1/0390/2985/files/11_ec83f1b8-876b-40cc-96c9-f1d5f4904208.jpg?v=1735905481,10,,,,,,,,,,,
vitamin-c-face-serum,,,,,,,,,,,,,,,,,,,,,,,,,https://cdn.shopify.com/s/files/1/0390/2985/files/101_a6f93ffa-1d3c-47f5-b516-ff48858b4f65.jpg?v=1735905481,11,,,,,,,,,,,
vitamin-c-face-serum,,,,,,,,,,,,,,,,,,,,,,,,,https://cdn.shopify.com/s/files/1/0390/2985/files/Listing_1st_Tile_Vit_C_15_Serum_20ml_1001x1001_px.webp?v=1776943817,12,,,,,,,,,,,
vitamin-c-face-serum,,,,,,,,,,,,,,,,,,,,,,,,,https://cdn.shopify.com/s/files/1/0390/2985/files/03_fff7686b-2655-4311-a2a1-178456121d62.jpg?v=1735905633,13,,,,,,,,,,,
vitamin-c-face-serum,,,,,,,,,,,,,,,,,,,,,,,,,https://cdn.shopify.com/s/files/1/0390/2985/files/04_cf54cb9e-2020-443d-afb9-ea26b332c0be.jpg?v=1735905633,14,,,,,,,,,,,
vitamin-c-face-serum,,,,,,,,,,,,,,,,,,,,,,,,,https://cdn.shopify.com/s/files/1/0390/2985/files/05_f947c915-377e-4af4-ae13-87d301ba0599.jpg?v=1735905633,15,,,,,,,,,,,
vitamin-c-face-serum,,,,,,,,,,,,,,,,,,,,,,,,,https://cdn.shopify.com/s/files/1/0390/2985/files/06_367f4845-4d63-4156-bb34-3138f3814fdb.jpg?v=1735905633,16,,,,,,,,,,,
vitamin-c-face-serum,,,,,,,,,,,,,,,,,,,,,,,,,https://cdn.shopify.com/s/files/1/0390/2985/files/07_ff65c43e-f4aa-410b-8458-79370e617d48.jpg?v=1735905633,17,,,,,,,,,,,
vitamin-c-face-serum,,,,,,,,,,,,,,,,,,,,,,,,,https://cdn.shopify.com/s/files/1/0390/2985/files/08_68a4c012-910a-4bdd-b9d9-1fc100e55bc4.jpg?v=1735905633,18,,,,,,,,,,,
vitamin-c-face-serum,,,,,,,,,,,,,,,,,,,,,,,,,https://cdn.shopify.com/s/files/1/0390/2985/files/09_799f5378-1d97-4294-ac46-3b697049520f.jpg?v=1735905633,19,,,,,,,,,,,
vitamin-c-face-serum,,,,,,,,,,,,,,,,,,,,,,,,,https://cdn.shopify.com/s/files/1/0390/2985/files/11_0e31059c-a799-47c9-aaa8-1997e64b36fc.jpg?v=1735905633,20,,,,,,,,,,,
vitamin-c-face-serum,,,,,,,,,,,,,,,,,,,,,,,,,https://cdn.shopify.com/s/files/1/0390/2985/files/12_c75d4e33-3c2b-436c-9f54-02f2e9eafd96.jpg?v=1735905633,21,,,,,,,,,,,
vitamin-c-face-serum,,,,,,,,,,,,,,,,,,,,,,,,,https://cdn.shopify.com/s/files/1/0390/2985/files/10_55b85c74-e5ac-4354-8f23-8deab0fd7a9c.jpg?v=1735905633,22,,,,,,,,,,,
vitamin-c-face-serum,,"<h4><b style=""color: #6f2c97;"">vitamin C serum benefits:</b></h4>
<p style=""color: #6f2c97;"">*boosts glow <br> *reduces dark spots <br>*fights hyperpigmentation &amp; sun damage <br> *protects skin from free radical damage and oxidative stress</p>
<h4><b style=""color: #6f2c97;"">features of vitamin C serum:</b></h4>
<p style=""color: #6f2c97;"">*lightweight &amp; quick absorbing <br>*fragrance-free <br>*stability-tested<br> *beginner-friendly</p>",Plum Goodness,,Single,"allstock, App  Collection 4, april_plumlegacy, aug_all, aug_dermat, aug_flat_399, b2g2_cart_text, b2g2bday_2026, b3g3_cart_text, b4g4_cart_text, bday_b2g2, bday_bestseller, bday_desi curly, bday_shankar, benefits_glow bright, bestseller, bn_brightens skin, bn_enhances glow, bn_reduces dark spots, bonkers_under699, BRAND_PLUM, breadcrumb_1_skincare_url_skincare, breadcrumb_2_serums_url_face-serums, bubble _Dry Skin, bubble_ Dry Skin, bubble_ Vitamin C, concern_Blemishes & Acne Scars, concern_Dullness & Uneven Texture, concern_Fine Lines & Wrinkles, concern_Pigmentation & Uneven Skin Tone, concern_Spots, concern_Sun Damage, concern_tanning&pigmentation, CONCERNS2_Dark Spots, Concerns2_Dry Skin_New, CONCERNS2_Dullness, CONCERNS2_Pigmentation, CONCERNS_Dark Spots/Pigmentation/Dullness, CONCERNS_Tan Removal, face serum for pigmentation, flat_25_litlab, ingredients_Vitamin C, july25_b2g2, june_pricedrop, LLL_Min25, MAINCATEGORY_SKIN, Mar25_10%off, nightmarket_serum, oct_any3, payday, pm_pricedrop, RANGE_Combo, RANGE_Vitamin C, sep_400to600, sept_flat399, serum for combination skin, serum for glowing skin, serums for acne prone skin, serums for oily skin, Single, skin brightening serums, SKINTYPE_All skin types, SUBCATEGORY_Face Serum, SUBCATEGORY_Face Serum & Oils, summer_26, tan removal serum, Treat, vitamin c serum for oily skin",TRUE,Size,20 ml,,,,,PLMV0020FSE2600,0,,0,deny,manual,449.00,550.00,TRUE,TRUE,8906118412600,,,,,,,,g,,,,,active
thinkderma-2-niacinamide-rice-water-clear-moisture-gel-cream-all-day-non-greasy-moisturizer-fades-blemishes-brightens-skin-3-matmarine-for-oil-control-lightweight-non-sticky-100-vegan,2% Niacinamide & Rice Water Brightening Gel Moisturizer For Clear & Bright Skin,"<p><span style=""color: #6f2c97;""><strong>Niacinamide Gel Cream benefits:</strong></span></p>
<p><span style=""color: #6f2c97;"">* moisturizes all day without greasiness </span><br><span style=""color: #6f2c97;"">* brightens skin &amp; clears blemishes </span><br><span style=""color: #6f2c97;"">* regulates sebum overproduction </span><br><span style=""color: #6f2c97;"">* reduces the appearance of extra shiny skin for a smooth, matte finish </span><br><span style=""color: #6f2c97;"">* improves skin texture </span><br><span style=""color: #6f2c97;"">* hydrates &amp; soothes skin</span></p>
<p><span style=""color: #6f2c97;""><strong>features of Niacinamide Gel Cream:</strong></span></p>
<p><span style=""color: #6f2c97;"">* oil-free superlight gel cream </span><br><span style=""color: #6f2c97;"">* non-greasy &amp; non-sticky </span><br><span style=""color: #6f2c97;"">* quick-absorbing </span><br><span style=""color: #6f2c97;"">* fragrance-free</span></p>
<p dir=""ltr""> </p>",Plum Goodness,,Single,"allstock, App  Collection 4, aug_all, aug_dermat, aug_under599, b2g2_cart_text, b2g2bday_2026, b3g3_cart_text, b4g4_cart_text, bday_b2g2, bday_desi curly, bday_exclusive, bday_trending, benefits_glow bright, bonkers_under699, BRAND_PLUM, breadcrumb_1_skincare_url_skincare, breadcrumb_2_facial moisturizers_url_facial-moisturizers, bubble _Moisturizer, bubble_ Combination Skin, bubble_ Dry Skin, bubble_ Normal Skin, bubble_ Oily Skin, bubble_ Rice Water, bubble_Niacinamide, concern_Pigmentation & Uneven Skin Tone, CONCERNS2_Blemishes, Concerns2_Dry Skin_New, CONCERNS2_Oil Control, CONCERNS2_Uneven Skin, CONCERNS_Blemishes/Uneven Skin, dark spot removal creams, face glow creams, febnewlaunch, flat_25_litlab, gel face moisturizers, hydrating moisturizers, illuminating moisturizer, Insta_dec25, july25_b2g2, june_pricedrop, lightweight moisturizers, lit_niagel, lit_niaserum, lit_niass, lit_niatoner, LLL_Min25, MAINCATEGORY_SKIN, Mar25_10%off, moisturizer for all skin type, moisturizer for glowing skin, moisturizer for normal skin, moisturizer for pigmentation, moisturizers for combination skin, moisturizers for men, moisturizers for oily acne prone skin, moisturizers for oily skin, nia gel cream, Night creams for dry skin, night creams for oily skin, nightmarket_everyday essentials, oct_any3, oil free moisturizer, payday, pm_pricedrop, price drop, RANGE_Niacinamide, refreshers, sep_400to600, sept_noframe_flat499, Single, skin brightening creams, SKINTYPE_All skin types, SUBCATEGORY_Moisturizer, subcategory_thinkderma, summer_26, water based moisturizer, water based moisturizer for oily skin, winter moisturizers for dry skin, Winter_Nov25",TRUE,Size,100g,,,,,PLRW0100DMT8994,0,,0,deny,manual,806.00,949.00,TRUE,TRUE,,https://cdn.shopify.com/s/files/1/0390/2985/files/01-Moodshot_Texure-Nia-Gel.webp?v=1782832444,1,,,,,,g,,,,,active
thinkderma-2-niacinamide-rice-water-clear-moisture-gel-cream-all-day-non-greasy-moisturizer-fades-blemishes-brightens-skin-3-matmarine-for-oil-control-lightweight-non-sticky-100-vegan,,,,,,,,,,,,,,,,,,,,,,,,,https://cdn.shopify.com/s/files/1/0390/2985/files/03-ClinicallyProvenDeliverycopy.webp?v=1782884237,2,,,,,,,,,,,
thinkderma-2-niacinamide-rice-water-clear-moisture-gel-cream-all-day-non-greasy-moisturizer-fades-blemishes-brightens-skin-3-matmarine-for-oil-control-lightweight-non-sticky-100-vegan,,,,,,,,,,,,,,,,,,,,,,,,,https://cdn.shopify.com/s/files/1/0390/2985/files/04-BeforeAftercopy.webp?v=1782884237,3,,,,,,,,,,,
thinkderma-2-niacinamide-rice-water-clear-moisture-gel-cream-all-day-non-greasy-moisturizer-fades-blemishes-brightens-skin-3-matmarine-for-oil-control-lightweight-non-sticky-100-vegan,,,,,,,,,,,,,,,,,,,,,,,,,https://cdn.shopify.com/s/files/1/0390/2985/files/05-ChemistryInsidecopy.webp?v=1782884236,4,,,,,,,,,,,
thinkderma-2-niacinamide-rice-water-clear-moisture-gel-cream-all-day-non-greasy-moisturizer-fades-blemishes-brightens-skin-3-matmarine-for-oil-control-lightweight-non-sticky-100-vegan,,,,,,,,,,,,,,,,,,,,,,,,,https://cdn.shopify.com/s/files/1/0390/2985/files/06-WhoIsItForcopy.webp?v=1782884237,5,,,,,,,,,,,
thinkderma-2-niacinamide-rice-water-clear-moisture-gel-cream-all-day-non-greasy-moisturizer-fades-blemishes-brightens-skin-3-matmarine-for-oil-control-lightweight-non-sticky-100-vegan,,,,,,,,,,,,,,,,,,,,,,,,,https://cdn.shopify.com/s/files/1/0390/2985/files/08-HowToUsecopy.webp?v=1782884236,6,,,,,,,,,,,
thinkderma-2-niacinamide-rice-water-clear-moisture-gel-cream-all-day-non-greasy-moisturizer-fades-blemishes-brightens-skin-3-matmarine-for-oil-control-lightweight-non-sticky-100-vegan,,,,,,,,,,,,,,,,,,,,,,,,,https://cdn.shopify.com/s/files/1/0390/2985/files/09-ResultThatDelevercopy.webp?v=1782884236,7,,,,,,,,,,,
thinkderma-2-niacinamide-rice-water-clear-moisture-gel-cream-all-day-non-greasy-moisturizer-fades-blemishes-brightens-skin-3-matmarine-for-oil-control-lightweight-non-sticky-100-vegan,,,,,,,,,,,,,,,,,,,,,,,,,https://cdn.shopify.com/s/files/1/0390/2985/files/10-Madegoodwithoutcopy.webp?v=1782884237,8,,,,,,,,,,,
thinkderma-2-niacinamide-rice-water-clear-moisture-gel-cream-all-day-non-greasy-moisturizer-fades-blemishes-brightens-skin-3-matmarine-for-oil-control-lightweight-non-sticky-100-vegan,,,,,,,,,,,,,,,,,,,,,,,,,https://cdn.shopify.com/s/files/1/0390/2985/files/EANcopy.webp?v=1782884236,9,,,,,,,,,,,
thinkderma-2-niacinamide-rice-water-clear-moisture-gel-cream-all-day-non-greasy-moisturizer-fades-blemishes-brightens-skin-3-matmarine-for-oil-control-lightweight-non-sticky-100-vegan,,,,,,,,,,,,,,,,,,,,,,,,,https://cdn.shopify.com/s/files/1/0390/2985/files/Routine_Master_800x800pxcopy.webp?v=1782884237,10,,,,,,,,,,,
thinkderma-2-niacinamide-rice-water-clear-moisture-gel-cream-all-day-non-greasy-moisturizer-fades-blemishes-brightens-skin-3-matmarine-for-oil-control-lightweight-non-sticky-100-vegan,,,,,,,,,,,,,,,,,,,,,,,,,https://cdn.shopify.com/s/files/1/0390/2985/files/SwitchWithSeasonscopy.webp?v=1782884237,11,,,,,,,,,,,
thinkderma-2-niacinamide-rice-water-clear-moisture-gel-cream-all-day-non-greasy-moisturizer-fades-blemishes-brightens-skin-3-matmarine-for-oil-control-lightweight-non-sticky-100-vegan,,,,,,,,,,,,,,,,,,,,,,,,,https://cdn.shopify.com/s/files/1/0390/2985/files/WBGBOP.webp?v=1782884238,12,,,,,,,,,,,
thinkderma-2-niacinamide-rice-water-clear-moisture-gel-cream-all-day-non-greasy-moisturizer-fades-blemishes-brightens-skin-3-matmarine-for-oil-control-lightweight-non-sticky-100-vegan,,,,,,,,,,,,,,,,,,,,,,,,,https://cdn.shopify.com/s/files/1/0390/2985/files/01_f0a8d854-bd2c-44ac-9f58-7ae0d7c43b78.jpg?v=1782924121,13,,,,,,,,,,,
thinkderma-2-niacinamide-rice-water-clear-moisture-gel-cream-all-day-non-greasy-moisturizer-fades-blemishes-brightens-skin-3-matmarine-for-oil-control-lightweight-non-sticky-100-vegan,,,,,,,,,,,,,,,,,,,,,,,,,https://cdn.shopify.com/s/files/1/0390/2985/files/04_4b381522-dfea-4c36-bc65-38b9cb186579.jpg?v=1782884455,14,,,,,,,,,,,
thinkderma-2-niacinamide-rice-water-clear-moisture-gel-cream-all-day-non-greasy-moisturizer-fades-blemishes-brightens-skin-3-matmarine-for-oil-control-lightweight-non-sticky-100-vegan,,,,,,,,,,,,,,,,,,,,,,,,,https://cdn.shopify.com/s/files/1/0390/2985/files/05_d1f41e40-0006-4b90-a3dc-8c4ae07e7e29.jpg?v=1782884455,15,,,,,,,,,,,
thinkderma-2-niacinamide-rice-water-clear-moisture-gel-cream-all-day-non-greasy-moisturizer-fades-blemishes-brightens-skin-3-matmarine-for-oil-control-lightweight-non-sticky-100-vegan,,,,,,,,,,,,,,,,,,,,,,,,,https://cdn.shopify.com/s/files/1/0390/2985/files/06_8f2ab902-c765-405a-bb3d-a2eae068ed59.jpg?v=1782884455,16,,,,,,,,,,,
thinkderma-2-niacinamide-rice-water-clear-moisture-gel-cream-all-day-non-greasy-moisturizer-fades-blemishes-brightens-skin-3-matmarine-for-oil-control-lightweight-non-sticky-100-vegan,,,,,,,,,,,,,,,,,,,,,,,,,https://cdn.shopify.com/s/files/1/0390/2985/files/07_90fcb777-bbe0-44ca-9370-3fd6b9e001eb.jpg?v=1782884455,17,,,,,,,,,,,
thinkderma-2-niacinamide-rice-water-clear-moisture-gel-cream-all-day-non-greasy-moisturizer-fades-blemishes-brightens-skin-3-matmarine-for-oil-control-lightweight-non-sticky-100-vegan,,,,,,,,,,,,,,,,,,,,,,,,,https://cdn.shopify.com/s/files/1/0390/2985/files/08_ad9cefa4-61c1-429f-baf9-9a51494dd603.jpg?v=1782884455,18,,,,,,,,,,,
thinkderma-2-niacinamide-rice-water-clear-moisture-gel-cream-all-day-non-greasy-moisturizer-fades-blemishes-brightens-skin-3-matmarine-for-oil-control-lightweight-non-sticky-100-vegan,,,,,,,,,,,,,,,,,,,,,,,,,https://cdn.shopify.com/s/files/1/0390/2985/files/09_068071ee-2046-4d7d-b5dd-c9ababb60a44.jpg?v=1782884455,19,,,,,,,,,,,
thinkderma-2-niacinamide-rice-water-clear-moisture-gel-cream-all-day-non-greasy-moisturizer-fades-blemishes-brightens-skin-3-matmarine-for-oil-control-lightweight-non-sticky-100-vegan,,,,,,,,,,,,,,,,,,,,,,,,,https://cdn.shopify.com/s/files/1/0390/2985/files/10_5c9abdb1-ad4f-4416-8f8e-074081bdcaba.jpg?v=1782884455,20,,,,,,,,,,,
thinkderma-2-niacinamide-rice-water-clear-moisture-gel-cream-all-day-non-greasy-moisturizer-fades-blemishes-brightens-skin-3-matmarine-for-oil-control-lightweight-non-sticky-100-vegan,,,,,,,,,,,,,,,,,,,,,,,,,https://cdn.shopify.com/s/files/1/0390/2985/files/11_71455c11-3d9c-4c71-846f-9f8e0365e499.jpg?v=1782884455,21,,,,,,,,,,,
thinkderma-2-niacinamide-rice-water-clear-moisture-gel-cream-all-day-non-greasy-moisturizer-fades-blemishes-brightens-skin-3-matmarine-for-oil-control-lightweight-non-sticky-100-vegan,,,,,,,,,,,,,,,,,,,,,,,,,https://cdn.shopify.com/s/files/1/0390/2985/files/12_9c1df00c-759a-4d8d-8d98-36c09c725b97.jpg?v=1782884455,22,,,,,,,,,,,
thinkderma-2-niacinamide-rice-water-clear-moisture-gel-cream-all-day-non-greasy-moisturizer-fades-blemishes-brightens-skin-3-matmarine-for-oil-control-lightweight-non-sticky-100-vegan,,,,,,,,,,,,,,,,,,,,,,,,,https://cdn.shopify.com/s/files/1/0390/2985/files/13_ad4a738c-7358-43d9-a547-34aa9b2e13be.jpg?v=1782884456,23,,,,,,,,,,,
thinkderma-2-niacinamide-rice-water-clear-moisture-gel-cream-all-day-non-greasy-moisturizer-fades-blemishes-brightens-skin-3-matmarine-for-oil-control-lightweight-non-sticky-100-vegan,,,,,,,,,,,,,,,,,,,,,,,,,https://cdn.shopify.com/s/files/1/0390/2985/files/BOP_8ca5c1ba-f998-4e0a-a553-8b076111d4d4.jpg?v=1782884455,24,,,,,,,,,,,
thinkderma-2-niacinamide-rice-water-clear-moisture-gel-cream-all-day-non-greasy-moisturizer-fades-blemishes-brightens-skin-3-matmarine-for-oil-control-lightweight-non-sticky-100-vegan,,,,,,,,,,,,,,,,,,,,,,,,,https://cdn.shopify.com/s/files/1/0390/2985/files/04_251fa44b-da65-4802-bb21-e943d41eb930.jpg?v=1782884516,25,,,,,,,,,,,
thinkderma-2-niacinamide-rice-water-clear-moisture-gel-cream-all-day-non-greasy-moisturizer-fades-blemishes-brightens-skin-3-matmarine-for-oil-control-lightweight-non-sticky-100-vegan,,,,,,,,,,,,,,,,,,,,,,,,,https://cdn.shopify.com/s/files/1/0390/2985/files/05_34ce8ac3-9964-4de9-8ab4-b886ae80b612.jpg?v=1782884517,26,,,,,,,,,,,
thinkderma-2-niacinamide-rice-water-clear-moisture-gel-cream-all-day-non-greasy-moisturizer-fades-blemishes-brightens-skin-3-matmarine-for-oil-control-lightweight-non-sticky-100-vegan,,,,,,,,,,,,,,,,,,,,,,,,,https://cdn.shopify.com/s/files/1/0390/2985/files/06_8ca4a965-4c22-481c-ac27-1b22b1db2830.jpg?v=1782884517,27,,,,,,,,,,,
thinkderma-2-niacinamide-rice-water-clear-moisture-gel-cream-all-day-non-greasy-moisturizer-fades-blemishes-brightens-skin-3-matmarine-for-oil-control-lightweight-non-sticky-100-vegan,,,,,,,,,,,,,,,,,,,,,,,,,https://cdn.shopify.com/s/files/1/0390/2985/files/07_7eb5741e-4f64-4fce-88ff-c7f4cc1c3662.jpg?v=1782884516,28,,,,,,,,,,,
thinkderma-2-niacinamide-rice-water-clear-moisture-gel-cream-all-day-non-greasy-moisturizer-fades-blemishes-brightens-skin-3-matmarine-for-oil-control-lightweight-non-sticky-100-vegan,,,,,,,,,,,,,,,,,,,,,,,,,https://cdn.shopify.com/s/files/1/0390/2985/files/08_0cc086b0-cd0a-42ce-9fd1-5f7515434e34.jpg?v=1782884517,29,,,,,,,,,,,
thinkderma-2-niacinamide-rice-water-clear-moisture-gel-cream-all-day-non-greasy-moisturizer-fades-blemishes-brightens-skin-3-matmarine-for-oil-control-lightweight-non-sticky-100-vegan,,,,,,,,,,,,,,,,,,,,,,,,,https://cdn.shopify.com/s/files/1/0390/2985/files/09_73e90999-22a0-46b4-8837-a1c02ffebcea.jpg?v=1782884516,30,,,,,,,,,,,
thinkderma-2-niacinamide-rice-water-clear-moisture-gel-cream-all-day-non-greasy-moisturizer-fades-blemishes-brightens-skin-3-matmarine-for-oil-control-lightweight-non-sticky-100-vegan,,,,,,,,,,,,,,,,,,,,,,,,,https://cdn.shopify.com/s/files/1/0390/2985/files/10_577167ce-3fdf-4b39-8c70-6f0da6316be0.jpg?v=1782884516,31,,,,,,,,,,,
thinkderma-2-niacinamide-rice-water-clear-moisture-gel-cream-all-day-non-greasy-moisturizer-fades-blemishes-brightens-skin-3-matmarine-for-oil-control-lightweight-non-sticky-100-vegan,,,,,,,,,,,,,,,,,,,,,,,,,https://cdn.shopify.com/s/files/1/0390/2985/files/11_341239d2-c455-4426-b59f-6fa4955e1075.jpg?v=1782884516,32,,,,,,,,,,,
thinkderma-2-niacinamide-rice-water-clear-moisture-gel-cream-all-day-non-greasy-moisturizer-fades-blemishes-brightens-skin-3-matmarine-for-oil-control-lightweight-non-sticky-100-vegan,,,,,,,,,,,,,,,,,,,,,,,,,https://cdn.shopify.com/s/files/1/0390/2985/files/12_d831ae7e-9b71-48e1-8e5c-c7e73f19c525.jpg?v=1782884516,33,,,,,,,,,,,
thinkderma-2-niacinamide-rice-water-clear-moisture-gel-cream-all-day-non-greasy-moisturizer-fades-blemishes-brightens-skin-3-matmarine-for-oil-control-lightweight-non-sticky-100-vegan,,,,,,,,,,,,,,,,,,,,,,,,,https://cdn.shopify.com/s/files/1/0390/2985/files/13_54963e62-4fd8-4e15-9ad6-13875a21609d.jpg?v=1782884517,34,,,,,,,,,,,
thinkderma-2-niacinamide-rice-water-clear-moisture-gel-cream-all-day-non-greasy-moisturizer-fades-blemishes-brightens-skin-3-matmarine-for-oil-control-lightweight-non-sticky-100-vegan,,,,,,,,,,,,,,,,,,,,,,,,,https://cdn.shopify.com/s/files/1/0390/2985/files/BOP_adb165fe-7643-45b0-aaaa-7f117ea620a2.jpg?v=1782884516,35,,,,,,,,,,,
thinkderma-2-niacinamide-rice-water-clear-moisture-gel-cream-all-day-non-greasy-moisturizer-fades-blemishes-brightens-skin-3-matmarine-for-oil-control-lightweight-non-sticky-100-vegan,,,,,,,,,,,,,,,,,,,,,,,,,https://cdn.shopify.com/s/files/1/0390/2985/files/Combo-SKUs-Nia-Gel-Pack-of-2-1st-Tile-1001x1001-px_2.webp?v=1784614592,36,,,,,,,,,,,
thinkderma-2-niacinamide-rice-water-clear-moisture-gel-cream-all-day-non-greasy-moisturizer-fades-blemishes-brightens-skin-3-matmarine-for-oil-control-lightweight-non-sticky-100-vegan,,,,,,,,,,,,,,,,,,,,,,,,,https://cdn.shopify.com/s/files/1/0390/2985/files/04_accf8cb6-7da1-4831-9c3e-efee8a5a7a1c.jpg?v=1784614754,37,,,,,,,,,,,
thinkderma-2-niacinamide-rice-water-clear-moisture-gel-cream-all-day-non-greasy-moisturizer-fades-blemishes-brightens-skin-3-matmarine-for-oil-control-lightweight-non-sticky-100-vegan,,,,,,,,,,,,,,,,,,,,,,,,,https://cdn.shopify.com/s/files/1/0390/2985/files/05_ec74257c-51ac-43db-9f44-719920c7274b.jpg?v=1784614755,38,,,,,,,,,,,
thinkderma-2-niacinamide-rice-water-clear-moisture-gel-cream-all-day-non-greasy-moisturizer-fades-blemishes-brightens-skin-3-matmarine-for-oil-control-lightweight-non-sticky-100-vegan,,,,,,,,,,,,,,,,,,,,,,,,,https://cdn.shopify.com/s/files/1/0390/2985/files/06_b7ea7ca6-7e32-4d2b-85bd-6c37c0e8d39a.jpg?v=1784614754,39,,,,,,,,,,,
thinkderma-2-niacinamide-rice-water-clear-moisture-gel-cream-all-day-non-greasy-moisturizer-fades-blemishes-brightens-skin-3-matmarine-for-oil-control-lightweight-non-sticky-100-vegan,,,,,,,,,,,,,,,,,,,,,,,,,https://cdn.shopify.com/s/files/1/0390/2985/files/07_dcfdc53b-822c-49ba-bc71-60f032b73268.jpg?v=1784614754,40,,,,,,,,,,,
thinkderma-2-niacinamide-rice-water-clear-moisture-gel-cream-all-day-non-greasy-moisturizer-fades-blemishes-brightens-skin-3-matmarine-for-oil-control-lightweight-non-sticky-100-vegan,,,,,,,,,,,,,,,,,,,,,,,,,https://cdn.shopify.com/s/files/1/0390/2985/files/08_78facb57-9671-4631-829c-cc9d9fd555d8.jpg?v=1784614754,41,,,,,,,,,,,
thinkderma-2-niacinamide-rice-water-clear-moisture-gel-cream-all-day-non-greasy-moisturizer-fades-blemishes-brightens-skin-3-matmarine-for-oil-control-lightweight-non-sticky-100-vegan,,,,,,,,,,,,,,,,,,,,,,,,,https://cdn.shopify.com/s/files/1/0390/2985/files/09_ccdf2a45-413d-47f7-8371-37a53f792eb2.jpg?v=1784614754,42,,,,,,,,,,,
thinkderma-2-niacinamide-rice-water-clear-moisture-gel-cream-all-day-non-greasy-moisturizer-fades-blemishes-brightens-skin-3-matmarine-for-oil-control-lightweight-non-sticky-100-vegan,,,,,,,,,,,,,,,,,,,,,,,,,https://cdn.shopify.com/s/files/1/0390/2985/files/10_ad2d8e6d-f95d-49c6-a197-a18e7eed520a.jpg?v=1784614754,43,,,,,,,,,,,
thinkderma-2-niacinamide-rice-water-clear-moisture-gel-cream-all-day-non-greasy-moisturizer-fades-blemishes-brightens-skin-3-matmarine-for-oil-control-lightweight-non-sticky-100-vegan,,,,,,,,,,,,,,,,,,,,,,,,,https://cdn.shopify.com/s/files/1/0390/2985/files/11_856b5722-3fd8-4c9a-83e2-bf6b48f8351b.jpg?v=1784614754,44,,,,,,,,,,,
thinkderma-2-niacinamide-rice-water-clear-moisture-gel-cream-all-day-non-greasy-moisturizer-fades-blemishes-brightens-skin-3-matmarine-for-oil-control-lightweight-non-sticky-100-vegan,,,,,,,,,,,,,,,,,,,,,,,,,https://cdn.shopify.com/s/files/1/0390/2985/files/12_ba1f1120-482a-42b7-ae2a-bb001d11db6b.jpg?v=1784614755,45,,,,,,,,,,,
thinkderma-2-niacinamide-rice-water-clear-moisture-gel-cream-all-day-non-greasy-moisturizer-fades-blemishes-brightens-skin-3-matmarine-for-oil-control-lightweight-non-sticky-100-vegan,,,,,,,,,,,,,,,,,,,,,,,,,https://cdn.shopify.com/s/files/1/0390/2985/files/13_c74ef3cf-9422-4a20-9843-f9fe20f9a98b.jpg?v=1784614755,46,,,,,,,,,,,
thinkderma-2-niacinamide-rice-water-clear-moisture-gel-cream-all-day-non-greasy-moisturizer-fades-blemishes-brightens-skin-3-matmarine-for-oil-control-lightweight-non-sticky-100-vegan,,,,,,,,,,,,,,,,,,,,,,,,,https://cdn.shopify.com/s/files/1/0390/2985/files/BOP.jpg?v=1784614754,47,,,,,,,,,,,
thinkderma-2-niacinamide-rice-water-clear-moisture-gel-cream-all-day-non-greasy-moisturizer-fades-blemishes-brightens-skin-3-matmarine-for-oil-control-lightweight-non-sticky-100-vegan,,"<p><span style=""color: #6f2c97;""><strong>Niacinamide Gel Cream benefits:</strong></span></p>
<p><span style=""color: #6f2c97;"">* moisturizes all day without greasiness </span><br><span style=""color: #6f2c97;"">* brightens skin &amp; clears blemishes </span><br><span style=""color: #6f2c97;"">* regulates sebum overproduction </span><br><span style=""color: #6f2c97;"">* reduces the appearance of extra shiny skin for a smooth, matte finish </span><br><span style=""color: #6f2c97;"">* improves skin texture </span><br><span style=""color: #6f2c97;"">* hydrates &amp; soothes skin</span></p>
<p><span style=""color: #6f2c97;""><strong>features of Niacinamide Gel Cream:</strong></span></p>
<p><span style=""color: #6f2c97;"">* oil-free superlight gel cream </span><br><span style=""color: #6f2c97;"">* non-greasy &amp; non-sticky </span><br><span style=""color: #6f2c97;"">* quick-absorbing </span><br><span style=""color: #6f2c97;"">* fragrance-free</span></p>
<p dir=""ltr""> </p>",Plum Goodness,,Single,"allstock, App  Collection 4, aug_all, aug_dermat, aug_under599, b2g2_cart_text, b2g2bday_2026, b3g3_cart_text, b4g4_cart_text, bday_b2g2, bday_desi curly, bday_exclusive, bday_trending, benefits_glow bright, bonkers_under699, BRAND_PLUM, breadcrumb_1_skincare_url_skincare, breadcrumb_2_facial moisturizers_url_facial-moisturizers, bubble _Moisturizer, bubble_ Combination Skin, bubble_ Dry Skin, bubble_ Normal Skin, bubble_ Oily Skin, bubble_ Rice Water, bubble_Niacinamide, concern_Pigmentation & Uneven Skin Tone, CONCERNS2_Blemishes, Concerns2_Dry Skin_New, CONCERNS2_Oil Control, CONCERNS2_Uneven Skin, CONCERNS_Blemishes/Uneven Skin, dark spot removal creams, face glow creams, febnewlaunch, flat_25_litlab, gel face moisturizers, hydrating moisturizers, illuminating moisturizer, Insta_dec25, july25_b2g2, june_pricedrop, lightweight moisturizers, lit_niagel, lit_niaserum, lit_niass, lit_niatoner, LLL_Min25, MAINCATEGORY_SKIN, Mar25_10%off, moisturizer for all skin type, moisturizer for glowing skin, moisturizer for normal skin, moisturizer for pigmentation, moisturizers for combination skin, moisturizers for men, moisturizers for oily acne prone skin, moisturizers for oily skin, nia gel cream, Night creams for dry skin, night creams for oily skin, nightmarket_everyday essentials, oct_any3, oil free moisturizer, payday, pm_pricedrop, price drop, RANGE_Niacinamide, refreshers, sep_400to600, sept_noframe_flat499, Single, skin brightening creams, SKINTYPE_All skin types, SUBCATEGORY_Moisturizer, subcategory_thinkderma, summer_26, water based moisturizer, water based moisturizer for oily skin, winter moisturizers for dry skin, Winter_Nov25",TRUE,Size,50 g,,,,,PLRW0050DMT1957,0,,0,deny,manual,456.00,525.00,TRUE,TRUE,8904430201957,,,,,,,,g,,,,,active
thinkderma-2-niacinamide-rice-water-clear-moisture-gel-cream-all-day-non-greasy-moisturizer-fades-blemishes-brightens-skin-3-matmarine-for-oil-control-lightweight-non-sticky-100-vegan,,"<p><span style=""color: #6f2c97;""><strong>Niacinamide Gel Cream benefits:</strong></span></p>
<p><span style=""color: #6f2c97;"">* moisturizes all day without greasiness </span><br><span style=""color: #6f2c97;"">* brightens skin &amp; clears blemishes </span><br><span style=""color: #6f2c97;"">* regulates sebum overproduction </span><br><span style=""color: #6f2c97;"">* reduces the appearance of extra shiny skin for a smooth, matte finish </span><br><span style=""color: #6f2c97;"">* improves skin texture </span><br><span style=""color: #6f2c97;"">* hydrates &amp; soothes skin</span></p>
<p><span style=""color: #6f2c97;""><strong>features of Niacinamide Gel Cream:</strong></span></p>
<p><span style=""color: #6f2c97;"">* oil-free superlight gel cream </span><br><span style=""color: #6f2c97;"">* non-greasy &amp; non-sticky </span><br><span style=""color: #6f2c97;"">* quick-absorbing </span><br><span style=""color: #6f2c97;"">* fragrance-free</span></p>
<p dir=""ltr""> </p>",Plum Goodness,,Single,"allstock, App  Collection 4, aug_all, aug_dermat, aug_under599, b2g2_cart_text, b2g2bday_2026, b3g3_cart_text, b4g4_cart_text, bday_b2g2, bday_desi curly, bday_exclusive, bday_trending, benefits_glow bright, bonkers_under699, BRAND_PLUM, breadcrumb_1_skincare_url_skincare, breadcrumb_2_facial moisturizers_url_facial-moisturizers, bubble _Moisturizer, bubble_ Combination Skin, bubble_ Dry Skin, bubble_ Normal Skin, bubble_ Oily Skin, bubble_ Rice Water, bubble_Niacinamide, concern_Pigmentation & Uneven Skin Tone, CONCERNS2_Blemishes, Concerns2_Dry Skin_New, CONCERNS2_Oil Control, CONCERNS2_Uneven Skin, CONCERNS_Blemishes/Uneven Skin, dark spot removal creams, face glow creams, febnewlaunch, flat_25_litlab, gel face moisturizers, hydrating moisturizers, illuminating moisturizer, Insta_dec25, july25_b2g2, june_pricedrop, lightweight moisturizers, lit_niagel, lit_niaserum, lit_niass, lit_niatoner, LLL_Min25, MAINCATEGORY_SKIN, Mar25_10%off, moisturizer for all skin type, moisturizer for glowing skin, moisturizer for normal skin, moisturizer for pigmentation, moisturizers for combination skin, moisturizers for men, moisturizers for oily acne prone skin, moisturizers for oily skin, nia gel cream, Night creams for dry skin, night creams for oily skin, nightmarket_everyday essentials, oct_any3, oil free moisturizer, payday, pm_pricedrop, price drop, RANGE_Niacinamide, refreshers, sep_400to600, sept_noframe_flat499, Single, skin brightening creams, SKINTYPE_All skin types, SUBCATEGORY_Moisturizer, subcategory_thinkderma, summer_26, water based moisturizer, water based moisturizer for oily skin, winter moisturizers for dry skin, Winter_Nov25",TRUE,Size,50 g x 2,,,,,PLMU0SMTVRT375,0,,0,deny,manual,850.00,1050.00,TRUE,TRUE,,,,,,,,,g,,,,,active
10-niacinamide-face-serum-with-rice-water-for-clear-blemish-free-bright-skin-suits-all-skin-types-fragrance-free,10% Niacinamide & Rice Water Brightening Face Serum For Clear & Bright Skin,"<p>Plum's 10% Niacinamide &amp; Rice Water Serum is a fragrance-free, vegan serum formulated for oily, acne-prone, and combination skin. It contains pharmaceutical-grade 10% niacinamide — the concentration shown in clinical studies to visibly reduce sebum production and fade post-inflammatory hyperpigmentation. The formula adds Matmarine, a marine extract that further regulates oil without drying the skin, acetyl glucosamine for gentle brightening, and dual zinc to control shine throughout the day. The serum is stability-tested, pH-balanced for daily use, and safe for sensitive skin and beginners. Results: reduced oiliness in 2–3 weeks, faded blemishes and clearer skin tone in 6–8 weeks. Apply 3–4 drops morning and evening after cleansing, before moisturiser. 100% vegan and PETA-certified cruelty-free.</p>

<h4><b style=""color: #6f2c97;"">10% niacinamide face serum benefits:</b></h4>
<p style=""color: #6f2c97;"">*brightens skin <br>*clears blemishes <br>*smoothens skin texture <br>*improves skin tone</p>
<h4><b style=""color: #6f2c97;"">features of 10% niacinamide face serum:</b></h4>
<p style=""color: #6f2c97;"">*lightweight &amp; quick absorbing <br>*fragrance-free <br>*stability-tested <br>*beginner-friendly</p>",Plum Goodness,,Single,"allstock, App  Collection 4, aug_all, aug_dermat, aug_flat_599, b2g2, b2g2_cart_text, b2g2bday_2026, b3g3_cart_text, b4g4_cart_text, bday_b2g2, bday_bestseller, bday_desi curly, bday_shankar, bestseller, bn_Brightens Skin, bn_Clears blemishes, bn_Suitable for all skin types, bonkers_under699, BRAND_PLUM, breadcrumb_1_skincare_url_skincare, breadcrumb_2_serums_url_face-serums, bubble_ Combination Skin, bubble_ Dry Skin, bubble_ Oily Skin, bubble_ Rice Water, bubble_Niacinamide, combo_product_handel-niacinamide-face-serum-with-rice-water-1_serumtype_15 ml, concern_Acne, concern_Blemishes & Acne Scars, concern_Dullness & Uneven Texture, concern_Excess Oiliness, concern_Fine Lines & Wrinkles, concern_Pigmentation & Uneven Skin Tone, concern_Pores, concern_Spots, concern_Sun Damage, concern_tanning&pigmentation, CONCERNS2_Blemishes, Concerns2_Dry Skin_New, CONCERNS2_Oil Control, CONCERNS2_Uneven Skin, CONCERNS_Blemishes/Uneven Skin, CONCERNS_Tan Removal, DEC_bestsellers, flat_25_litlab, hydrating serums, ingredient-niacinamide, ingredients_Niacinamide, ingredients_Rice Water, ingredients_Squalane, Insta_dec25, july25_b2g2, june_pricedrop, lit_niagel, lit_niaserum, lit_niass, lit_niatoner, LLL_Min25, MAINCATEGORY_SKIN, Mar25_10%off, Nia serum, nightmarket_serum, plum_niacinamide, pm_pricedrop, pore minimizing serums, RANGE_Niacinamide, sep_400to600, sept_flat599, serum for acne scars, serum for combination skin, serums for acne prone skin, serums for oily skin, serums for open pores, Single, skin brightening serums, SKINTYPE_All skin types, SUBCATEGORY_Face Serum, SUBCATEGORY_Face Serum & Oils, summer_26, Treat",TRUE,Size,50 ml,,,,,PLRW0050FSE5207,0,,0,deny,manual,721.00,849.00,TRUE,TRUE,8904430205207,https://cdn.shopify.com/s/files/1/0390/2985/files/Listing_1st_Tile_Nia_Serum_50ml_1001x1001_px_5.webp?v=1778132412,1,,,,,,g,,,,,active
10-niacinamide-face-serum-with-rice-water-for-clear-blemish-free-bright-skin-suits-all-skin-types-fragrance-free,,,,,,,,,,,,,,,,,,,,,,,,,https://cdn.shopify.com/s/files/1/0390/2985/files/04_Nia-Serum-50ml_Listing_Amazon_1001x1001_d6c3c0c4-ec50-4deb-af21-c90850edde25.jpg?v=1773213817,2,,,,,,,,,,,
10-niacinamide-face-serum-with-rice-water-for-clear-blemish-free-bright-skin-suits-all-skin-types-fragrance-free,,,,,,,,,,,,,,,,,,,,,,,,,https://cdn.shopify.com/s/files/1/0390/2985/files/05_Nia-Serum-50ml_Listing_Amazon_1001x1001_c5706517-4f9f-45bc-b9bc-fd136578167c.jpg?v=1773213817,3,,,,,,,,,,,
10-niacinamide-face-serum-with-rice-water-for-clear-blemish-free-bright-skin-suits-all-skin-types-fragrance-free,,,,,,,,,,,,,,,,,,,,,,,,,https://cdn.shopify.com/s/files/1/0390/2985/files/06_Nia-Serum-50ml_Listing_Amazon_1001x1001_252ca075-bfef-467e-814f-13bb16698844.jpg?v=1773213817,4,,,,,,,,,,,
10-niacinamide-face-serum-with-rice-water-for-clear-blemish-free-bright-skin-suits-all-skin-types-fragrance-free,,,,,,,,,,,,,,,,,,,,,,,,,https://cdn.shopify.com/s/files/1/0390/2985/files/07_Nia-Serum-50ml_Listing_Amazon_1001x1001_fbb26619-f1f8-40a3-82ef-f7c82532c151.jpg?v=1773213817,5,,,,,,,,,,,
10-niacinamide-face-serum-with-rice-water-for-clear-blemish-free-bright-skin-suits-all-skin-types-fragrance-free,,,,,,,,,,,,,,,,,,,,,,,,,https://cdn.shopify.com/s/files/1/0390/2985/files/08_Nia-Serum-50ml_Listing_Amazon_1001x1001_843054fb-0dbc-4b4c-a4a9-0e21823b2a3e.jpg?v=1773213817,6,,,,,,,,,,,
10-niacinamide-face-serum-with-rice-water-for-clear-blemish-free-bright-skin-suits-all-skin-types-fragrance-free,,,,,,,,,,,,,,,,,,,,,,,,,https://cdn.shopify.com/s/files/1/0390/2985/files/09_Nia-Serum-50ml_Listing_Amazon_1001x1001_4bd1975a-0b22-4692-8b9b-936f51c83398.jpg?v=1773213817,7,,,,,,,,,,,
10-niacinamide-face-serum-with-rice-water-for-clear-blemish-free-bright-skin-suits-all-skin-types-fragrance-free,,,,,,,,,,,,,,,,,,,,,,,,,https://cdn.shopify.com/s/files/1/0390/2985/files/10_Nia-Serum-50ml_Listing_Amazon_1001x1001_e983e111-450c-422f-b24b-781795517655.jpg?v=1773213817,8,,,,,,,,,,,
10-niacinamide-face-serum-with-rice-water-for-clear-blemish-free-bright-skin-suits-all-skin-types-fragrance-free,,,,,,,,,,,,,,,,,,,,,,,,,https://cdn.shopify.com/s/files/1/0390/2985/files/11_Nia-Serum-50ml_Listing_Amazon_1001x1001_28c7be12-790d-4fcd-b14f-9c660302a773.jpg?v=1773213817,9,,,,,,,,,,,
10-niacinamide-face-serum-with-rice-water-for-clear-blemish-free-bright-skin-suits-all-skin-types-fragrance-free,,,,,,,,,,,,,,,,,,,,,,,,,https://cdn.shopify.com/s/files/1/0390/2985/files/12_Nia-Serum-50ml_Listing_Amazon_1001x1001_3bd49e3f-6af9-4828-a0fe-39eb0269ba14.jpg?v=1773213817,10,,,,,,,,,,,
10-niacinamide-face-serum-with-rice-water-for-clear-blemish-free-bright-skin-suits-all-skin-types-fragrance-free,,,,,,,,,,,,,,,,,,,,,,,,,https://cdn.shopify.com/s/files/1/0390/2985/files/13_Nia-Serum-50ml_Listing_Amazon_1001x1001_7dafda52-976c-4093-b92d-9eaf505a43ca.jpg?v=1773213817,11,,,,,,,,,,,
10-niacinamide-face-serum-with-rice-water-for-clear-blemish-free-bright-skin-suits-all-skin-types-fragrance-free,,,,,,,,,,,,,,,,,,,,,,,,,https://cdn.shopify.com/s/files/1/0390/2985/files/BOP1_Nia-Serum-50ml_Listing_Amazon_1001x1001_c6e287a2-d789-4691-b30b-4e034af936cc.jpg?v=1773213817,12,,,,,,,,,,,
10-niacinamide-face-serum-with-rice-water-for-clear-blemish-free-bright-skin-suits-all-skin-types-fragrance-free,,,,,,,,,,,,,,,,,,,,,,,,,https://cdn.shopify.com/s/files/1/0390/2985/files/Listing_1st_Tile_Nia_Serum_30ml_1001x1001_px.webp?v=1777960094,13,,,,,,,,,,,
10-niacinamide-face-serum-with-rice-water-for-clear-blemish-free-bright-skin-suits-all-skin-types-fragrance-free,,,,,,,,,,,,,,,,,,,,,,,,,https://cdn.shopify.com/s/files/1/0390/2985/files/05_76981a77-8189-4a74-9d3b-e55f7a42d03d.jpg?v=1773213878,14,,,,,,,,,,,
10-niacinamide-face-serum-with-rice-water-for-clear-blemish-free-bright-skin-suits-all-skin-types-fragrance-free,,,,,,,,,,,,,,,,,,,,,,,,,https://cdn.shopify.com/s/files/1/0390/2985/files/06_0b01a495-8076-4c4a-afdc-d8526a5221f8.jpg?v=1773213878,15,,,,,,,,,,,
10-niacinamide-face-serum-with-rice-water-for-clear-blemish-free-bright-skin-suits-all-skin-types-fragrance-free,,,,,,,,,,,,,,,,,,,,,,,,,https://cdn.shopify.com/s/files/1/0390/2985/files/07_50d6a695-5272-49cc-850e-956462df19e2.jpg?v=1773213878,16,,,,,,,,,,,
10-niacinamide-face-serum-with-rice-water-for-clear-blemish-free-bright-skin-suits-all-skin-types-fragrance-free,,,,,,,,,,,,,,,,,,,,,,,,,https://cdn.shopify.com/s/files/1/0390/2985/files/08_4ebed4bd-0a66-4a6f-a54d-be6b9fbd6acd.jpg?v=1773213878,17,,,,,,,,,,,
10-niacinamide-face-serum-with-rice-water-for-clear-blemish-free-bright-skin-suits-all-skin-types-fragrance-free,,,,,,,,,,,,,,,,,,,,,,,,,https://cdn.shopify.com/s/files/1/0390/2985/files/09_ecc569e2-adf7-4832-85cd-a8eb67adbd28.jpg?v=1773213878,18,,,,,,,,,,,
10-niacinamide-face-serum-with-rice-water-for-clear-blemish-free-bright-skin-suits-all-skin-types-fragrance-free,,,,,,,,,,,,,,,,,,,,,,,,,https://cdn.shopify.com/s/files/1/0390/2985/files/10_9b66ce0c-a607-4f39-9ca0-d6fc92d6061c.jpg?v=1773213878,19,,,,,,,,,,,
10-niacinamide-face-serum-with-rice-water-for-clear-blemish-free-bright-skin-suits-all-skin-types-fragrance-free,,,,,,,,,,,,,,,,,,,,,,,,,https://cdn.shopify.com/s/files/1/0390/2985/files/11_121929b0-dc75-4463-8300-cbed71767695.jpg?v=1773213878,20,,,,,,,,,,,
10-niacinamide-face-serum-with-rice-water-for-clear-blemish-free-bright-skin-suits-all-skin-types-fragrance-free,,,,,,,,,,,,,,,,,,,,,,,,,https://cdn.shopify.com/s/files/1/0390/2985/files/12_524a7d9a-0e86-4bf5-b77f-e049bf2a2a01.jpg?v=1773213878,21,,,,,,,,,,,
10-niacinamide-face-serum-with-rice-water-for-clear-blemish-free-bright-skin-suits-all-skin-types-fragrance-free,,,,,,,,,,,,,,,,,,,,,,,,,https://cdn.shopify.com/s/files/1/0390/2985/files/13_3b7978be-6d08-40bb-8356-7793ba88b0e0.jpg?v=1773213878,22,,,,,,,,,,,
10-niacinamide-face-serum-with-rice-water-for-clear-blemish-free-bright-skin-suits-all-skin-types-fragrance-free,,,,,,,,,,,,,,,,,,,,,,,,,https://cdn.shopify.com/s/files/1/0390/2985/files/Nia_Serum_10ml_12_b253fe7b-3984-4bd4-a953-ca4bbd4054db.webp?v=1781767625,23,,,,,,,,,,,
10-niacinamide-face-serum-with-rice-water-for-clear-blemish-free-bright-skin-suits-all-skin-types-fragrance-free,,,,,,,,,,,,,,,,,,,,,,,,,https://cdn.shopify.com/s/files/1/0390/2985/files/15_f06da5cc-4030-4b96-ac49-040cb0190635.jpg?v=1773213878,24,,,,,,,,,,,
10-niacinamide-face-serum-with-rice-water-for-clear-blemish-free-bright-skin-suits-all-skin-types-fragrance-free,,,,,,,,,,,,,,,,,,,,,,,,,https://cdn.shopify.com/s/files/1/0390/2985/files/16_8b44b56e-f58e-4ced-811d-6ae32e555897.jpg?v=1773213878,25,,,,,,,,,,,
10-niacinamide-face-serum-with-rice-water-for-clear-blemish-free-bright-skin-suits-all-skin-types-fragrance-free,,,,,,,,,,,,,,,,,,,,,,,,,https://cdn.shopify.com/s/files/1/0390/2985/files/01_nia_serum_15_ml.jpg?v=1777960164,26,,,,,,,,,,,
10-niacinamide-face-serum-with-rice-water-for-clear-blemish-free-bright-skin-suits-all-skin-types-fragrance-free,,,,,,,,,,,,,,,,,,,,,,,,,https://cdn.shopify.com/s/files/1/0390/2985/files/05_156b949a-c3a5-428f-9193-90fc8444c1cf.jpg?v=1773214029,27,,,,,,,,,,,
10-niacinamide-face-serum-with-rice-water-for-clear-blemish-free-bright-skin-suits-all-skin-types-fragrance-free,,,,,,,,,,,,,,,,,,,,,,,,,https://cdn.shopify.com/s/files/1/0390/2985/files/06_ca0f2688-4880-4c2e-a6dd-ce3c43ed026e.jpg?v=1773214029,28,,,,,,,,,,,
10-niacinamide-face-serum-with-rice-water-for-clear-blemish-free-bright-skin-suits-all-skin-types-fragrance-free,,,,,,,,,,,,,,,,,,,,,,,,,https://cdn.shopify.com/s/files/1/0390/2985/files/07_561bbfb0-4a6d-4022-b339-433b2936f997.jpg?v=1773214029,29,,,,,,,,,,,
10-niacinamide-face-serum-with-rice-water-for-clear-blemish-free-bright-skin-suits-all-skin-types-fragrance-free,,,,,,,,,,,,,,,,,,,,,,,,,https://cdn.shopify.com/s/files/1/0390/2985/files/08_4d5a3859-dc58-418b-85f9-cd76db640675.jpg?v=1773214029,30,,,,,,,,,,,
10-niacinamide-face-serum-with-rice-water-for-clear-blemish-free-bright-skin-suits-all-skin-types-fragrance-free,,,,,,,,,,,,,,,,,,,,,,,,,https://cdn.shopify.com/s/files/1/0390/2985/files/09_66869528-ed76-4a1e-b133-0fa839402175.jpg?v=1773214029,31,,,,,,,,,,,
10-niacinamide-face-serum-with-rice-water-for-clear-blemish-free-bright-skin-suits-all-skin-types-fragrance-free,,,,,,,,,,,,,,,,,,,,,,,,,https://cdn.shopify.com/s/files/1/0390/2985/files/10_92abbe2a-6082-4a45-86db-1228c1b6d6ff.jpg?v=1773214029,32,,,,,,,,,,,
10-niacinamide-face-serum-with-rice-water-for-clear-blemish-free-bright-skin-suits-all-skin-types-fragrance-free,,,,,,,,,,,,,,,,,,,,,,,,,https://cdn.shopify.com/s/files/1/0390/2985/files/11_71b13056-3389-4100-8279-078c61b7419f.jpg?v=1773214029,33,,,,,,,,,,,
10-niacinamide-face-serum-with-rice-water-for-clear-blemish-free-bright-skin-suits-all-skin-types-fragrance-free,,,,,,,,,,,,,,,,,,,,,,,,,https://cdn.shopify.com/s/files/1/0390/2985/files/12_9e9bd22f-b016-4825-8284-28e1e509de94.jpg?v=1773214029,34,,,,,,,,,,,
10-niacinamide-face-serum-with-rice-water-for-clear-blemish-free-bright-skin-suits-all-skin-types-fragrance-free,,,,,,,,,,,,,,,,,,,,,,,,,https://cdn.shopify.com/s/files/1/0390/2985/files/13_d6b92530-b13b-4607-ad0b-f39b4989b707.jpg?v=1773214029,35,,,,,,,,,,,
10-niacinamide-face-serum-with-rice-water-for-clear-blemish-free-bright-skin-suits-all-skin-types-fragrance-free,,,,,,,,,,,,,,,,,,,,,,,,,https://cdn.shopify.com/s/files/1/0390/2985/files/Nia_Serum_10ml_12_2538b340-c4aa-488d-8f9b-1e94d40c805e.webp?v=1781767678,36,,,,,,,,,,,
10-niacinamide-face-serum-with-rice-water-for-clear-blemish-free-bright-skin-suits-all-skin-types-fragrance-free,,,,,,,,,,,,,,,,,,,,,,,,,https://cdn.shopify.com/s/files/1/0390/2985/files/15_a4dfdb5f-d894-42a5-8bc2-93a724317ed3.jpg?v=1773214029,37,,,,,,,,,,,
10-niacinamide-face-serum-with-rice-water-for-clear-blemish-free-bright-skin-suits-all-skin-types-fragrance-free,,,,,,,,,,,,,,,,,,,,,,,,,https://cdn.shopify.com/s/files/1/0390/2985/files/16_126de056-c859-42f9-aa86-a6658788c5d1.jpg?v=1773214029,38,,,,,,,,,,,
10-niacinamide-face-serum-with-rice-water-for-clear-blemish-free-bright-skin-suits-all-skin-types-fragrance-free,,"<p>Plum's 10% Niacinamide &amp; Rice Water Serum is a fragrance-free, vegan serum formulated for oily, acne-prone, and combination skin. It contains pharmaceutical-grade 10% niacinamide — the concentration shown in clinical studies to visibly reduce sebum production and fade post-inflammatory hyperpigmentation. The formula adds Matmarine, a marine extract that further regulates oil without drying the skin, acetyl glucosamine for gentle brightening, and dual zinc to control shine throughout the day. The serum is stability-tested, pH-balanced for daily use, and safe for sensitive skin and beginners. Results: reduced oiliness in 2–3 weeks, faded blemishes and clearer skin tone in 6–8 weeks. Apply 3–4 drops morning and evening after cleansing, before moisturiser. 100% vegan and PETA-certified cruelty-free.</p>

<h4><b style=""color: #6f2c97;"">10% niacinamide face serum benefits:</b></h4>
<p style=""color: #6f2c97;"">*brightens skin <br>*clears blemishes <br>*smoothens skin texture <br>*improves skin tone</p>
<h4><b style=""color: #6f2c97;"">features of 10% niacinamide face serum:</b></h4>
<p style=""color: #6f2c97;"">*lightweight &amp; quick absorbing <br>*fragrance-free <br>*stability-tested <br>*beginner-friendly</p>",Plum Goodness,,Single,"allstock, App  Collection 4, aug_all, aug_dermat, aug_flat_599, b2g2, b2g2_cart_text, b2g2bday_2026, b3g3_cart_text, b4g4_cart_text, bday_b2g2, bday_bestseller, bday_desi curly, bday_shankar, bestseller, bn_Brightens Skin, bn_Clears blemishes, bn_Suitable for all skin types, bonkers_under699, BRAND_PLUM, breadcrumb_1_skincare_url_skincare, breadcrumb_2_serums_url_face-serums, bubble_ Combination Skin, bubble_ Dry Skin, bubble_ Oily Skin, bubble_ Rice Water, bubble_Niacinamide, combo_product_handel-niacinamide-face-serum-with-rice-water-1_serumtype_15 ml, concern_Acne, concern_Blemishes & Acne Scars, concern_Dullness & Uneven Texture, concern_Excess Oiliness, concern_Fine Lines & Wrinkles, concern_Pigmentation & Uneven Skin Tone, concern_Pores, concern_Spots, concern_Sun Damage, concern_tanning&pigmentation, CONCERNS2_Blemishes, Concerns2_Dry Skin_New, CONCERNS2_Oil Control, CONCERNS2_Uneven Skin, CONCERNS_Blemishes/Uneven Skin, CONCERNS_Tan Removal, DEC_bestsellers, flat_25_litlab, hydrating serums, ingredient-niacinamide, ingredients_Niacinamide, ingredients_Rice Water, ingredients_Squalane, Insta_dec25, july25_b2g2, june_pricedrop, lit_niagel, lit_niaserum, lit_niass, lit_niatoner, LLL_Min25, MAINCATEGORY_SKIN, Mar25_10%off, Nia serum, nightmarket_serum, plum_niacinamide, pm_pricedrop, pore minimizing serums, RANGE_Niacinamide, sep_400to600, sept_flat599, serum for acne scars, serum for combination skin, serums for acne prone skin, serums for oily skin, serums for open pores, Single, skin brightening serums, SKINTYPE_All skin types, SUBCATEGORY_Face Serum, SUBCATEGORY_Face Serum & Oils, summer_26, Treat",TRUE,Size,30 ml,,,,,PLRW1030FSE3072,0,,0,deny,manual,560.00,659.00,TRUE,TRUE,8906118413072,,,,,,,,g,,,,,active
10-niacinamide-face-serum-with-rice-water-for-clear-blemish-free-bright-skin-suits-all-skin-types-fragrance-free,,"<p>Plum's 10% Niacinamide &amp; Rice Water Serum is a fragrance-free, vegan serum formulated for oily, acne-prone, and combination skin. It contains pharmaceutical-grade 10% niacinamide — the concentration shown in clinical studies to visibly reduce sebum production and fade post-inflammatory hyperpigmentation. The formula adds Matmarine, a marine extract that further regulates oil without drying the skin, acetyl glucosamine for gentle brightening, and dual zinc to control shine throughout the day. The serum is stability-tested, pH-balanced for daily use, and safe for sensitive skin and beginners. Results: reduced oiliness in 2–3 weeks, faded blemishes and clearer skin tone in 6–8 weeks. Apply 3–4 drops morning and evening after cleansing, before moisturiser. 100% vegan and PETA-certified cruelty-free.</p>

<h4><b style=""color: #6f2c97;"">10% niacinamide face serum benefits:</b></h4>
<p style=""color: #6f2c97;"">*brightens skin <br>*clears blemishes <br>*smoothens skin texture <br>*improves skin tone</p>
<h4><b style=""color: #6f2c97;"">features of 10% niacinamide face serum:</b></h4>
<p style=""color: #6f2c97;"">*lightweight &amp; quick absorbing <br>*fragrance-free <br>*stability-tested <br>*beginner-friendly</p>",Plum Goodness,,Single,"allstock, App  Collection 4, aug_all, aug_dermat, aug_flat_599, b2g2, b2g2_cart_text, b2g2bday_2026, b3g3_cart_text, b4g4_cart_text, bday_b2g2, bday_bestseller, bday_desi curly, bday_shankar, bestseller, bn_Brightens Skin, bn_Clears blemishes, bn_Suitable for all skin types, bonkers_under699, BRAND_PLUM, breadcrumb_1_skincare_url_skincare, breadcrumb_2_serums_url_face-serums, bubble_ Combination Skin, bubble_ Dry Skin, bubble_ Oily Skin, bubble_ Rice Water, bubble_Niacinamide, combo_product_handel-niacinamide-face-serum-with-rice-water-1_serumtype_15 ml, concern_Acne, concern_Blemishes & Acne Scars, concern_Dullness & Uneven Texture, concern_Excess Oiliness, concern_Fine Lines & Wrinkles, concern_Pigmentation & Uneven Skin Tone, concern_Pores, concern_Spots, concern_Sun Damage, concern_tanning&pigmentation, CONCERNS2_Blemishes, Concerns2_Dry Skin_New, CONCERNS2_Oil Control, CONCERNS2_Uneven Skin, CONCERNS_Blemishes/Uneven Skin, CONCERNS_Tan Removal, DEC_bestsellers, flat_25_litlab, hydrating serums, ingredient-niacinamide, ingredients_Niacinamide, ingredients_Rice Water, ingredients_Squalane, Insta_dec25, july25_b2g2, june_pricedrop, lit_niagel, lit_niaserum, lit_niass, lit_niatoner, LLL_Min25, MAINCATEGORY_SKIN, Mar25_10%off, Nia serum, nightmarket_serum, plum_niacinamide, pm_pricedrop, pore minimizing serums, RANGE_Niacinamide, sep_400to600, sept_flat599, serum for acne scars, serum for combination skin, serums for acne prone skin, serums for oily skin, serums for open pores, Single, skin brightening serums, SKINTYPE_All skin types, SUBCATEGORY_Face Serum, SUBCATEGORY_Face Serum & Oils, summer_26, Treat",TRUE,Size,15 ml,,,,,PLRW0015FSE1995,0,,0,deny,manual,303.00,349.00,TRUE,TRUE,,,,,,,,,g,,,,,active
green-tea-pore-cleansing-face-wash,Green Tea Pore Cleansing Face Wash For Oily & Acne-Prone Skin,"<h4><b style=""color: #6f2c97;"">features of green tea pore cleansing face wash:</b></h4>
<p style=""color: #6f2c97;"">*gentle cleansing<br> *non-drying gel-based formula<br></p>
<h4><b style=""color: #6f2c97;"">green tea pore cleansing face wash benefits:</b></h4>
<p style=""color: #6f2c97;"">*fights pimples &amp; pimple-causing bacteria​<br>*cleanses pores deeply​<br>*removes excess oil &amp; impurities​<br></p>

<h2>Why green tea and glycolic acid?</h2>
<p>Acne-prone and oily skin needs a cleanser that does two things simultaneously: remove the excess oil and bacteria that cause breakouts, and do so without stripping the skin barrier in the process. Most face washes do one or the other. This one does both, because the two key actives work on entirely different mechanisms.</p>

<p>Green tea extract — derived from Camellia Sinensis leaves — is one of the most studied botanical ingredients in dermatology. Its active compound, EGCG (epigallocatechin gallate), is a powerful antioxidant that directly inhibits the growth of Cutibacterium acnes, the bacteria responsible for inflammatory acne. It also suppresses sebum production at the sebaceous gland level, which means oil control is happening at the source rather than just on the skin surface. On top of this, EGCG reduces inflammation, which is why skin looks calmer and less red after washing.</p>

<p>Glycolic acid, an alpha hydroxy acid derived from sugarcane, works on the surface. At low concentrations in a rinse-off formula, it gently breaks the bonds between dead skin cells, encouraging them to shed evenly. This prevents the buildup of dead skin that clogs pores and leads to blackheads and whiteheads. The result over time is smoother, more even-textured skin — not from scrubbing, but from chemistry.</p>

<h2>What the clinical study found</h2>
<p>This face wash was tested in a 32-user clinical study conducted at an independent, expert-graded lab in October 2024. The findings were clear: 99.9% removal of pore-clogging impurities per wash, and 88% of users observed a measurable reduction in acne within just 7 days of use. Oil control was clinically confirmed to last up to 2 hours post-wash — a meaningful result for anyone who typically experiences shine and congestion within an hour of cleansing.</p>

<h2>The full ingredient story</h2>
<p>Beyond green tea and glycolic acid, this formula includes natural cellulose beads that provide gentle mechanical cleansing — dislodging surface debris and helping unclog pores without the micro-tears caused by harsh physical scrubs. The gel base is built on a mild surfactant system that produces a soft lather sufficient to lift dirt and excess oil without disrupting the skin's natural moisture barrier. Glycerin acts as a humectant throughout, drawing water to the skin so it feels hydrated rather than dry after rinsing. The formula is free from parabens and contains no ingredients that would compromise the skin microbiome with regular use.</p>

<h2>Who this face wash is for</h2>
<p>This face wash was specifically developed for oily, combination, and acne-prone skin — including teenage skin dealing with hormonal breakouts and adult skin prone to congestion and shine. It is the right choice if your primary concerns are active pimples, blackheads, clogged pores, and excess oil that returns quickly after cleansing. It also suits anyone who has tried harsh acne face washes and found them too drying or irritating — the non-stripping gel formula makes it gentle enough for twice-daily use without compromising the skin barrier. If your primary concern is brightening or dry skin, the Plum 2% Niacinamide &amp; Rice Water Face Wash may be a better fit.</p>

<h2>How to fit this into your skincare routine</h2>
<p>Use this face wash twice daily — morning and evening — as the first step in your routine. In the morning, follow with an alcohol-free toner to balance skin pH, then a lightweight moisturiser and SPF. In the evening, this face wash is compatible with most active serums including niacinamide, azelaic acid, and low-concentration retinol. Because this formula already contains glycolic acid, avoid using a separate high-strength AHA toner or peel on the same evening to prevent over-exfoliation. For best results with acne reduction, use consistently for a minimum of 4 weeks — clinical improvement in acne is typically visible from week one, but full skin texture benefits from glycolic acid develop over 6 to 8 weeks of regular use.</p>",Plum Goodness,,Single,"40offclean, allstock, App  Collection 3, april_plumlegacy, aug_all, aug_dermat, aug_flat_299, b2g2_cart_text, b2g2bday_2026, b3g3_cart_text, b4g4_cart_text, bday_b2g2, bday_bestselle, bday_bestseller, bday_desi curly, benefits_hydrate & nourish, bestseller, bn_Acne combat, bn_Gentle exfoliation, bn_Oil-control, bn_Refreshes skin, bonkers_under299, BRAND_PLUM, breadcrumb_1_skincare_url_skincare, breadcrumb_2_green tea_url_green-tea, bubble _Dry Skin, bubble _Face Wash, bubble_ Combination Skin, bubble_ Green Tea, bubble_ Oily Skin, Clean, combo of 2, concern_Acne, concern_Excess Oiliness, CONCERNS2_Acne, CONCERNS2_Oil Control, CONCERNS2_Pimple, CONCERNS_Acne/Pimple/Oil Control, face cleansers for blackheads, face wash for combination skin, face wash for oily acne prone skin, face wash for oily skin, face washes for acne prone skin, ingredients_Glycolic Acid, ingredients_Green Tea, july25_b2g2, june_pricedrop, MAINCATEGORY_SKIN, Mar25_10%off, nightmarket_everyday essentials, oct_any3, oil free face wash, Paraben free, PRODUCTS - WOMEN , RANGE_Combo, RANGE_Green Tea, regime, Sebum control face scrub, Sebum control face wash, sep_200to400, sept_flat299, sept_noframe_flat299, Single, SKINTYPE_Oily Acne-prone Combination, SUBCATEGORY_Face Wash, summer_26",TRUE,Size,150 ml,,,,,PLGT1150FWA4842,0,,0,deny,manual,313.00,360.00,TRUE,TRUE,8904430204842,https://cdn.shopify.com/s/files/1/0390/2985/files/Listing_1st_Tile_GT_FW_150ml_1001x1001_px.webp?v=1779351297,1,,,,,,g,,,,,active
green-tea-pore-cleansing-face-wash,,,,,,,,,,,,,,,,,,,,,,,,,https://cdn.shopify.com/s/files/1/0390/2985/files/02_f7ea497e-9986-4b8a-a638-513aa10cad18.jpg?v=1771581308,2,,,,,,,,,,,
green-tea-pore-cleansing-face-wash,,,,,,,,,,,,,,,,,,,,,,,,,https://cdn.shopify.com/s/files/1/0390/2985/files/03_8120df2e-2ddb-4f53-98b6-9a9bda3e675d.jpg?v=1771581308,3,,,,,,,,,,,
green-tea-pore-cleansing-face-wash,,,,,,,,,,,,,,,,,,,,,,,,,https://cdn.shopify.com/s/files/1/0390/2985/files/04_9a49a2f9-0723-40f8-a0f3-48971e5bf2a8.jpg?v=1771581308,4,,,,,,,,,,,
green-tea-pore-cleansing-face-wash,,,,,,,,,,,,,,,,,,,,,,,,,https://cdn.shopify.com/s/files/1/0390/2985/files/05_6eeaeb69-17f7-4df9-8964-e48d51fffce6.jpg?v=1771581308,5,,,,,,,,,,,
green-tea-pore-cleansing-face-wash,,,,,,,,,,,,,,,,,,,,,,,,,https://cdn.shopify.com/s/files/1/0390/2985/files/06_50e6d2cb-3180-44a6-bf46-cc2cd44b1667.jpg?v=1771581308,6,,,,,,,,,,,
green-tea-pore-cleansing-face-wash,,,,,,,,,,,,,,,,,,,,,,,,,https://cdn.shopify.com/s/files/1/0390/2985/files/07_b47c169e-79d4-4576-8a3b-cf1caaaba129.jpg?v=1771581308,7,,,,,,,,,,,
green-tea-pore-cleansing-face-wash,,,,,,,,,,,,,,,,,,,,,,,,,https://cdn.shopify.com/s/files/1/0390/2985/files/08_a245d1c3-e6b0-4242-a48c-fac8778ea343.jpg?v=1771581308,8,,,,,,,,,,,
green-tea-pore-cleansing-face-wash,,,,,,,,,,,,,,,,,,,,,,,,,https://cdn.shopify.com/s/files/1/0390/2985/files/09_3524ea2a-e663-4483-aca4-c3fb967fbca3.jpg?v=1771581308,9,,,,,,,,,,,
green-tea-pore-cleansing-face-wash,,,,,,,,,,,,,,,,,,,,,,,,,https://cdn.shopify.com/s/files/1/0390/2985/files/10_40311018-5ac9-4a2e-a7e7-3bfde944cfa9.jpg?v=1771581308,10,,,,,,,,,,,
green-tea-pore-cleansing-face-wash,,,,,,,,,,,,,,,,,,,,,,,,,https://cdn.shopify.com/s/files/1/0390/2985/files/02_164e05a2-7c2e-49f6-babd-ec03d3f7cd78.jpg?v=1771581339,11,,,,,,,,,,,
green-tea-pore-cleansing-face-wash,,,,,,,,,,,,,,,,,,,,,,,,,https://cdn.shopify.com/s/files/1/0390/2985/files/Listing_1st_Tile_GT_FW_100ml_1001x1001_px.webp?v=1779351304,12,,,,,,,,,,,
green-tea-pore-cleansing-face-wash,,,,,,,,,,,,,,,,,,,,,,,,,https://cdn.shopify.com/s/files/1/0390/2985/files/03_cfbc3cb6-a5bb-43c7-9050-0bc89abfe503.jpg?v=1771581339,13,,,,,,,,,,,
green-tea-pore-cleansing-face-wash,,,,,,,,,,,,,,,,,,,,,,,,,https://cdn.shopify.com/s/files/1/0390/2985/files/04_da16fe6a-b017-44c5-accf-6bc7a426d52d.jpg?v=1771581340,14,,,,,,,,,,,
green-tea-pore-cleansing-face-wash,,,,,,,,,,,,,,,,,,,,,,,,,https://cdn.shopify.com/s/files/1/0390/2985/files/05_b6a88f7e-65b0-4c51-833a-7e1fc8dd1254.jpg?v=1771581339,15,,,,,,,,,,,
green-tea-pore-cleansing-face-wash,,,,,,,,,,,,,,,,,,,,,,,,,https://cdn.shopify.com/s/files/1/0390/2985/files/06_9dc7842e-1f80-4f34-8974-ed0dde66aea7.jpg?v=1771581340,16,,,,,,,,,,,
green-tea-pore-cleansing-face-wash,,,,,,,,,,,,,,,,,,,,,,,,,https://cdn.shopify.com/s/files/1/0390/2985/files/07_7f9920ca-e920-4169-8637-815bca985b13.jpg?v=1771581340,17,,,,,,,,,,,
green-tea-pore-cleansing-face-wash,,,,,,,,,,,,,,,,,,,,,,,,,https://cdn.shopify.com/s/files/1/0390/2985/files/08_3b50fe45-75dc-47bd-af69-898dee635322.jpg?v=1771581339,18,,,,,,,,,,,
green-tea-pore-cleansing-face-wash,,,,,,,,,,,,,,,,,,,,,,,,,https://cdn.shopify.com/s/files/1/0390/2985/files/09_fd9d8c03-62f9-4a21-8d2e-d308ef525cda.jpg?v=1771581340,19,,,,,,,,,,,
green-tea-pore-cleansing-face-wash,,,,,,,,,,,,,,,,,,,,,,,,,https://cdn.shopify.com/s/files/1/0390/2985/files/10_16cf347b-3cea-409e-b26b-f55e82c2fd1d.jpg?v=1771581339,20,,,,,,,,,,,
green-tea-pore-cleansing-face-wash,,,,,,,,,,,,,,,,,,,,,,,,,https://cdn.shopify.com/s/files/1/0390/2985/files/Combo-SKUs-GT-FW-100ml-pack-of-2-1st-Tile-1001x1001-px_4.webp?v=1784881155,21,,,,,,,,,,,
green-tea-pore-cleansing-face-wash,,,,,,,,,,,,,,,,,,,,,,,,,https://cdn.shopify.com/s/files/1/0390/2985/files/01_bd37df37-a7c2-4c9d-98e5-bb2751efd3cf.jpg?v=1784881247,22,,,,,,,,,,,
green-tea-pore-cleansing-face-wash,,,,,,,,,,,,,,,,,,,,,,,,,https://cdn.shopify.com/s/files/1/0390/2985/files/02_2f47efea-6e20-4fea-adae-3b8ea3094fd4.jpg?v=1784881248,23,,,,,,,,,,,
green-tea-pore-cleansing-face-wash,,,,,,,,,,,,,,,,,,,,,,,,,https://cdn.shopify.com/s/files/1/0390/2985/files/03_cc0c6df9-926a-44b2-91d6-358cfffa2c2a.jpg?v=1784881247,24,,,,,,,,,,,
green-tea-pore-cleansing-face-wash,,,,,,,,,,,,,,,,,,,,,,,,,https://cdn.shopify.com/s/files/1/0390/2985/files/04_3f6a6c69-66e8-4d4e-a0ab-e0fa96a07b09.jpg?v=1784881248,25,,,,,,,,,,,
green-tea-pore-cleansing-face-wash,,,,,,,,,,,,,,,,,,,,,,,,,https://cdn.shopify.com/s/files/1/0390/2985/files/05_3c2c58d0-504d-4aac-81e5-2ee6bbf46c0f.jpg?v=1784881248,26,,,,,,,,,,,
green-tea-pore-cleansing-face-wash,,,,,,,,,,,,,,,,,,,,,,,,,https://cdn.shopify.com/s/files/1/0390/2985/files/06_628cb0d5-be45-4b24-ac1e-0613b056513d.jpg?v=1784881248,27,,,,,,,,,,,
green-tea-pore-cleansing-face-wash,,,,,,,,,,,,,,,,,,,,,,,,,https://cdn.shopify.com/s/files/1/0390/2985/files/07_061a8fac-21f0-4de5-b4a9-ecf11a7c5801.jpg?v=1784881248,28,,,,,,,,,,,
green-tea-pore-cleansing-face-wash,,,,,,,,,,,,,,,,,,,,,,,,,https://cdn.shopify.com/s/files/1/0390/2985/files/08_7d769f59-cce4-49fb-9d53-07140e219c0b.jpg?v=1784881248,29,,,,,,,,,,,
green-tea-pore-cleansing-face-wash,,,,,,,,,,,,,,,,,,,,,,,,,https://cdn.shopify.com/s/files/1/0390/2985/files/09_7c4592ed-628b-4060-a204-7f354cf05af1.jpg?v=1784881248,30,,,,,,,,,,,
green-tea-pore-cleansing-face-wash,,,,,,,,,,,,,,,,,,,,,,,,,https://cdn.shopify.com/s/files/1/0390/2985/files/10_038f0840-df15-4d9a-9564-5fe3b3bfed34.jpg?v=1784881248,31,,,,,,,,,,,
green-tea-pore-cleansing-face-wash,,"<h4><b style=""color: #6f2c97;"">features of green tea pore cleansing face wash:</b></h4>
<p style=""color: #6f2c97;"">*gentle cleansing<br> *non-drying gel-based formula<br></p>
<h4><b style=""color: #6f2c97;"">green tea pore cleansing face wash benefits:</b></h4>
<p style=""color: #6f2c97;"">*fights pimples &amp; pimple-causing bacteria​<br>*cleanses pores deeply​<br>*removes excess oil &amp; impurities​<br></p>

<h2>Why green tea and glycolic acid?</h2>
<p>Acne-prone and oily skin needs a cleanser that does two things simultaneously: remove the excess oil and bacteria that cause breakouts, and do so without stripping the skin barrier in the process. Most face washes do one or the other. This one does both, because the two key actives work on entirely different mechanisms.</p>

<p>Green tea extract — derived from Camellia Sinensis leaves — is one of the most studied botanical ingredients in dermatology. Its active compound, EGCG (epigallocatechin gallate), is a powerful antioxidant that directly inhibits the growth of Cutibacterium acnes, the bacteria responsible for inflammatory acne. It also suppresses sebum production at the sebaceous gland level, which means oil control is happening at the source rather than just on the skin surface. On top of this, EGCG reduces inflammation, which is why skin looks calmer and less red after washing.</p>

<p>Glycolic acid, an alpha hydroxy acid derived from sugarcane, works on the surface. At low concentrations in a rinse-off formula, it gently breaks the bonds between dead skin cells, encouraging them to shed evenly. This prevents the buildup of dead skin that clogs pores and leads to blackheads and whiteheads. The result over time is smoother, more even-textured skin — not from scrubbing, but from chemistry.</p>

<h2>What the clinical study found</h2>
<p>This face wash was tested in a 32-user clinical study conducted at an independent, expert-graded lab in October 2024. The findings were clear: 99.9% removal of pore-clogging impurities per wash, and 88% of users observed a measurable reduction in acne within just 7 days of use. Oil control was clinically confirmed to last up to 2 hours post-wash — a meaningful result for anyone who typically experiences shine and congestion within an hour of cleansing.</p>

<h2>The full ingredient story</h2>
<p>Beyond green tea and glycolic acid, this formula includes natural cellulose beads that provide gentle mechanical cleansing — dislodging surface debris and helping unclog pores without the micro-tears caused by harsh physical scrubs. The gel base is built on a mild surfactant system that produces a soft lather sufficient to lift dirt and excess oil without disrupting the skin's natural moisture barrier. Glycerin acts as a humectant throughout, drawing water to the skin so it feels hydrated rather than dry after rinsing. The formula is free from parabens and contains no ingredients that would compromise the skin microbiome with regular use.</p>

<h2>Who this face wash is for</h2>
<p>This face wash was specifically developed for oily, combination, and acne-prone skin — including teenage skin dealing with hormonal breakouts and adult skin prone to congestion and shine. It is the right choice if your primary concerns are active pimples, blackheads, clogged pores, and excess oil that returns quickly after cleansing. It also suits anyone who has tried harsh acne face washes and found them too drying or irritating — the non-stripping gel formula makes it gentle enough for twice-daily use without compromising the skin barrier. If your primary concern is brightening or dry skin, the Plum 2% Niacinamide &amp; Rice Water Face Wash may be a better fit.</p>

<h2>How to fit this into your skincare routine</h2>
<p>Use this face wash twice daily — morning and evening — as the first step in your routine. In the morning, follow with an alcohol-free toner to balance skin pH, then a lightweight moisturiser and SPF. In the evening, this face wash is compatible with most active serums including niacinamide, azelaic acid, and low-concentration retinol. Because this formula already contains glycolic acid, avoid using a separate high-strength AHA toner or peel on the same evening to prevent over-exfoliation. For best results with acne reduction, use consistently for a minimum of 4 weeks — clinical improvement in acne is typically visible from week one, but full skin texture benefits from glycolic acid develop over 6 to 8 weeks of regular use.</p>",Plum Goodness,,Single,"40offclean, allstock, App  Collection 3, april_plumlegacy, aug_all, aug_dermat, aug_flat_299, b2g2_cart_text, b2g2bday_2026, b3g3_cart_text, b4g4_cart_text, bday_b2g2, bday_bestselle, bday_bestseller, bday_desi curly, benefits_hydrate & nourish, bestseller, bn_Acne combat, bn_Gentle exfoliation, bn_Oil-control, bn_Refreshes skin, bonkers_under299, BRAND_PLUM, breadcrumb_1_skincare_url_skincare, breadcrumb_2_green tea_url_green-tea, bubble _Dry Skin, bubble _Face Wash, bubble_ Combination Skin, bubble_ Green Tea, bubble_ Oily Skin, Clean, combo of 2, concern_Acne, concern_Excess Oiliness, CONCERNS2_Acne, CONCERNS2_Oil Control, CONCERNS2_Pimple, CONCERNS_Acne/Pimple/Oil Control, face cleansers for blackheads, face wash for combination skin, face wash for oily acne prone skin, face wash for oily skin, face washes for acne prone skin, ingredients_Glycolic Acid, ingredients_Green Tea, july25_b2g2, june_pricedrop, MAINCATEGORY_SKIN, Mar25_10%off, nightmarket_everyday essentials, oct_any3, oil free face wash, Paraben free, PRODUCTS - WOMEN , RANGE_Combo, RANGE_Green Tea, regime, Sebum control face scrub, Sebum control face wash, sep_200to400, sept_flat299, sept_noframe_flat299, Single, SKINTYPE_Oily Acne-prone Combination, SUBCATEGORY_Face Wash, summer_26",TRUE,Size,100 ml,,,,,PLGT1100FWA8121,0,,0,deny,manual,247.00,285.00,TRUE,TRUE,,,,,,,,,g,,,,,active
green-tea-pore-cleansing-face-wash,,"<h4><b style=""color: #6f2c97;"">features of green tea pore cleansing face wash:</b></h4>
<p style=""color: #6f2c97;"">*gentle cleansing<br> *non-drying gel-based formula<br></p>
<h4><b style=""color: #6f2c97;"">green tea pore cleansing face wash benefits:</b></h4>
<p style=""color: #6f2c97;"">*fights pimples &amp; pimple-causing bacteria​<br>*cleanses pores deeply​<br>*removes excess oil &amp; impurities​<br></p>

<h2>Why green tea and glycolic acid?</h2>
<p>Acne-prone and oily skin needs a cleanser that does two things simultaneously: remove the excess oil and bacteria that cause breakouts, and do so without stripping the skin barrier in the process. Most face washes do one or the other. This one does both, because the two key actives work on entirely different mechanisms.</p>

<p>Green tea extract — derived from Camellia Sinensis leaves — is one of the most studied botanical ingredients in dermatology. Its active compound, EGCG (epigallocatechin gallate), is a powerful antioxidant that directly inhibits the growth of Cutibacterium acnes, the bacteria responsible for inflammatory acne. It also suppresses sebum production at the sebaceous gland level, which means oil control is happening at the source rather than just on the skin surface. On top of this, EGCG reduces inflammation, which is why skin looks calmer and less red after washing.</p>

<p>Glycolic acid, an alpha hydroxy acid derived from sugarcane, works on the surface. At low concentrations in a rinse-off formula, it gently breaks the bonds between dead skin cells, encouraging them to shed evenly. This prevents the buildup of dead skin that clogs pores and leads to blackheads and whiteheads. The result over time is smoother, more even-textured skin — not from scrubbing, but from chemistry.</p>

<h2>What the clinical study found</h2>
<p>This face wash was tested in a 32-user clinical study conducted at an independent, expert-graded lab in October 2024. The findings were clear: 99.9% removal of pore-clogging impurities per wash, and 88% of users observed a measurable reduction in acne within just 7 days of use. Oil control was clinically confirmed to last up to 2 hours post-wash — a meaningful result for anyone who typically experiences shine and congestion within an hour of cleansing.</p>

<h2>The full ingredient story</h2>
<p>Beyond green tea and glycolic acid, this formula includes natural cellulose beads that provide gentle mechanical cleansing — dislodging surface debris and helping unclog pores without the micro-tears caused by harsh physical scrubs. The gel base is built on a mild surfactant system that produces a soft lather sufficient to lift dirt and excess oil without disrupting the skin's natural moisture barrier. Glycerin acts as a humectant throughout, drawing water to the skin so it feels hydrated rather than dry after rinsing. The formula is free from parabens and contains no ingredients that would compromise the skin microbiome with regular use.</p>

<h2>Who this face wash is for</h2>
<p>This face wash was specifically developed for oily, combination, and acne-prone skin — including teenage skin dealing with hormonal breakouts and adult skin prone to congestion and shine. It is the right choice if your primary concerns are active pimples, blackheads, clogged pores, and excess oil that returns quickly after cleansing. It also suits anyone who has tried harsh acne face washes and found them too drying or irritating — the non-stripping gel formula makes it gentle enough for twice-daily use without compromising the skin barrier. If your primary concern is brightening or dry skin, the Plum 2% Niacinamide &amp; Rice Water Face Wash may be a better fit.</p>

<h2>How to fit this into your skincare routine</h2>
<p>Use this face wash twice daily — morning and evening — as the first step in your routine. In the morning, follow with an alcohol-free toner to balance skin pH, then a lightweight moisturiser and SPF. In the evening, this face wash is compatible with most active serums including niacinamide, azelaic acid, and low-concentration retinol. Because this formula already contains glycolic acid, avoid using a separate high-strength AHA toner or peel on the same evening to prevent over-exfoliation. For best results with acne reduction, use consistently for a minimum of 4 weeks — clinical improvement in acne is typically visible from week one, but full skin texture benefits from glycolic acid develop over 6 to 8 weeks of regular use.</p>",Plum Goodness,,Single,"40offclean, allstock, App  Collection 3, april_plumlegacy, aug_all, aug_dermat, aug_flat_299, b2g2_cart_text, b2g2bday_2026, b3g3_cart_text, b4g4_cart_text, bday_b2g2, bday_bestselle, bday_bestseller, bday_desi curly, benefits_hydrate & nourish, bestseller, bn_Acne combat, bn_Gentle exfoliation, bn_Oil-control, bn_Refreshes skin, bonkers_under299, BRAND_PLUM, breadcrumb_1_skincare_url_skincare, breadcrumb_2_green tea_url_green-tea, bubble _Dry Skin, bubble _Face Wash, bubble_ Combination Skin, bubble_ Green Tea, bubble_ Oily Skin, Clean, combo of 2, concern_Acne, concern_Excess Oiliness, CONCERNS2_Acne, CONCERNS2_Oil Control, CONCERNS2_Pimple, CONCERNS_Acne/Pimple/Oil Control, face cleansers for blackheads, face wash for combination skin, face wash for oily acne prone skin, face wash for oily skin, face washes for acne prone skin, ingredients_Glycolic Acid, ingredients_Green Tea, july25_b2g2, june_pricedrop, MAINCATEGORY_SKIN, Mar25_10%off, nightmarket_everyday essentials, oct_any3, oil free face wash, Paraben free, PRODUCTS - WOMEN , RANGE_Combo, RANGE_Green Tea, regime, Sebum control face scrub, Sebum control face wash, sep_200to400, sept_flat299, sept_noframe_flat299, Single, SKINTYPE_Oily Acne-prone Combination, SUBCATEGORY_Face Wash, summer_26",TRUE,Size,100 ml x 2,,,,,PLMU0SMTVRT618,0,,0,deny,manual,461.00,570.00,TRUE,TRUE,,,,,,,,,g,,,,,active
plum-2-niacinamide-rice-water-spf-50-pa-sunscreen-reduces-blemishes-brightens-skin-protects-from-uva-uvb-rays-fragrance-free-all-skin-types-100-vegan,2% Niacinamide & Rice Water SPF 50 PA++++ Hybrid Sunscreen,"<p>SPF 50 PA++++ sunscreen that provides broad spectrum protection against UVA &amp; UVB rays along with blue light - backed by Plum’s trueSPFᵀᴹ standards. </p>
<p>At Plum, trueSPFᵀᴹ means 5 rigorous checks:<br>Proven UV filters <br>Batch Tested. Every time<br>In-vivo (on human skin) &amp; in-vitro (in lab) testing<br>360º Quality Check and Audit<br>Transparent reporting</p>
<p>A dermat-tested non-comedogenic formula that goes the extra mile to provide 4-hr water resistance - perfect from sweat to swims! </p>
<p>Clinically proven to reduce tan by 3x, this sunscreen finishes off with a dewy, non-sticky finish.</p>",Plum Goodness,,Single,"allstock, App  Collection 4, aug_all, aug_dermat, aug_flat_299, b2g2_cart_text, b2g2bday_2026, b3g3_cart_text, b4g4_cart_text, bday_b2g2, bday_bestseller, bday_shankar, bonkers_under699, BRAND_PLUM, breadcrumb_1_skincare_url_skincare, breadcrumb_2_sun protection_url_sun-protection, bubble _Sunscreen, bubble_ Combination Skin, bubble_ Oily Skin, bubble_ Rice Water, bubble_Cream, bubble_Niacinamide, bubble_SPF50, CONCERNS2_Blemishes, CONCERNS2_Uneven Skin, CONCERNS_Blemishes/Uneven Skin, CONCERNS_Tan Removal, DEC_bestsellers, Insta_dec25, july25_b2g2, lit_niagel, lit_niaserum, lit_niass, lit_niatoner, MAINCATEGORY_SKIN, Mar25_10%off, Nia Sunscreen, nightmarket_everyday essentials, oct_any3, oil free sunscreen, payday, pm_pricedrop, price drop, Protect, RANGE_Niacinamide, sep_200to400, sept_noframe_flat399, Single, SKINTYPE_All skin types, SUBCATEGORY_Sunscreen, summer_26, Sunscreen for all skin types, sunscreen for men, sunscreen for normal skin, sunscreen for teenager, sunscreen for winter, sunscreen for women, sunscreen with spf 50, sunscreenfordryskin, sunscreens for acne prone skin, sunscreens for sensitive skin, water based sunscreen, water proof sunscreen",TRUE,size,80 g,,,,,PLRW0080SUS5078,0,,0,deny,manual,509.00,599.00,TRUE,TRUE,,https://cdn.shopify.com/s/files/1/0390/2985/files/Listing_1st_Tile_Nia_SPF_80g_1001x1001_px.webp?v=1777964426,1,,,,,,g,,,,,active
plum-2-niacinamide-rice-water-spf-50-pa-sunscreen-reduces-blemishes-brightens-skin-protects-from-uva-uvb-rays-fragrance-free-all-skin-types-100-vegan,,,,,,,,,,,,,,,,,,,,,,,,,https://cdn.shopify.com/s/files/1/0390/2985/files/Nia-SPF-80g_Pack_Listing_Amazon_1001x1001_06.jpg?v=1773828646,2,,,,,,,,,,,
plum-2-niacinamide-rice-water-spf-50-pa-sunscreen-reduces-blemishes-brightens-skin-protects-from-uva-uvb-rays-fragrance-free-all-skin-types-100-vegan,,,,,,,,,,,,,,,,,,,,,,,,,https://cdn.shopify.com/s/files/1/0390/2985/files/Nia-SPF-80g_Pack_Listing_Amazon_1001x1001_07.jpg?v=1773828646,3,,,,,,,,,,,
plum-2-niacinamide-rice-water-spf-50-pa-sunscreen-reduces-blemishes-brightens-skin-protects-from-uva-uvb-rays-fragrance-free-all-skin-types-100-vegan,,,,,,,,,,,,,,,,,,,,,,,,,https://cdn.shopify.com/s/files/1/0390/2985/files/Nia-SPF-80g_Pack_Listing_Amazon_1001x1001_08.jpg?v=1773828646,4,,,,,,,,,,,
plum-2-niacinamide-rice-water-spf-50-pa-sunscreen-reduces-blemishes-brightens-skin-protects-from-uva-uvb-rays-fragrance-free-all-skin-types-100-vegan,,,,,,,,,,,,,,,,,,,,,,,,,https://cdn.shopify.com/s/files/1/0390/2985/files/Nia-SPF-80g_Pack_Listing_Amazon_1001x1001_09.jpg?v=1773828646,5,,,,,,,,,,,
plum-2-niacinamide-rice-water-spf-50-pa-sunscreen-reduces-blemishes-brightens-skin-protects-from-uva-uvb-rays-fragrance-free-all-skin-types-100-vegan,,,,,,,,,,,,,,,,,,,,,,,,,https://cdn.shopify.com/s/files/1/0390/2985/files/Nia-SPF-80g_Pack_Listing_Amazon_1001x1001_10.jpg?v=1773828646,6,,,,,,,,,,,
plum-2-niacinamide-rice-water-spf-50-pa-sunscreen-reduces-blemishes-brightens-skin-protects-from-uva-uvb-rays-fragrance-free-all-skin-types-100-vegan,,,,,,,,,,,,,,,,,,,,,,,,,https://cdn.shopify.com/s/files/1/0390/2985/files/Nia-SPF-80g_Pack_Listing_Amazon_1001x1001_11.jpg?v=1773828646,7,,,,,,,,,,,
plum-2-niacinamide-rice-water-spf-50-pa-sunscreen-reduces-blemishes-brightens-skin-protects-from-uva-uvb-rays-fragrance-free-all-skin-types-100-vegan,,,,,,,,,,,,,,,,,,,,,,,,,https://cdn.shopify.com/s/files/1/0390/2985/files/Nia-SPF-80g_Pack_Listing_Amazon_1001x1001_12.jpg?v=1773828646,8,,,,,,,,,,,
plum-2-niacinamide-rice-water-spf-50-pa-sunscreen-reduces-blemishes-brightens-skin-protects-from-uva-uvb-rays-fragrance-free-all-skin-types-100-vegan,,,,,,,,,,,,,,,,,,,,,,,,,https://cdn.shopify.com/s/files/1/0390/2985/files/Nia-SPF-80g_Pack_Listing_Amazon_1001x1001_14.jpg?v=1773828646,9,,,,,,,,,,,
plum-2-niacinamide-rice-water-spf-50-pa-sunscreen-reduces-blemishes-brightens-skin-protects-from-uva-uvb-rays-fragrance-free-all-skin-types-100-vegan,,,,,,,,,,,,,,,,,,,,,,,,,https://cdn.shopify.com/s/files/1/0390/2985/files/Nia-SPF-80g_Pack_Listing_Amazon_1001x1001_15.jpg?v=1773828646,10,,,,,,,,,,,
plum-2-niacinamide-rice-water-spf-50-pa-sunscreen-reduces-blemishes-brightens-skin-protects-from-uva-uvb-rays-fragrance-free-all-skin-types-100-vegan,,,,,,,,,,,,,,,,,,,,,,,,,https://cdn.shopify.com/s/files/1/0390/2985/files/Nia-SPF-80g_Pack_Listing_Amazon_1001x1001_16.jpg?v=1773828646,11,,,,,,,,,,,
plum-2-niacinamide-rice-water-spf-50-pa-sunscreen-reduces-blemishes-brightens-skin-protects-from-uva-uvb-rays-fragrance-free-all-skin-types-100-vegan,,,,,,,,,,,,,,,,,,,,,,,,,https://cdn.shopify.com/s/files/1/0390/2985/files/Nia-SPF-80g_Pack_Listing_Amazon_1001x1001_17.jpg?v=1773828646,12,,,,,,,,,,,
plum-2-niacinamide-rice-water-spf-50-pa-sunscreen-reduces-blemishes-brightens-skin-protects-from-uva-uvb-rays-fragrance-free-all-skin-types-100-vegan,,,,,,,,,,,,,,,,,,,,,,,,,https://cdn.shopify.com/s/files/1/0390/2985/files/Nia-SPF-80g_Pack_Listing_Amazon_1001x1001_18.jpg?v=1773828646,13,,,,,,,,,,,
plum-2-niacinamide-rice-water-spf-50-pa-sunscreen-reduces-blemishes-brightens-skin-protects-from-uva-uvb-rays-fragrance-free-all-skin-types-100-vegan,,,,,,,,,,,,,,,,,,,,,,,,,https://cdn.shopify.com/s/files/1/0390/2985/files/Nykaa_Nykaa_NiaSPF-80g_Pack_Listing-15_b.jpg?v=1773828646,14,,,,,,,,,,,
plum-2-niacinamide-rice-water-spf-50-pa-sunscreen-reduces-blemishes-brightens-skin-protects-from-uva-uvb-rays-fragrance-free-all-skin-types-100-vegan,,,,,,,,,,,,,,,,,,,,,,,,,https://cdn.shopify.com/s/files/1/0390/2985/files/Listing_1st_Tile_Nia_SPF_50g_1001x1001_px.webp?v=1777964078,15,,,,,,,,,,,
plum-2-niacinamide-rice-water-spf-50-pa-sunscreen-reduces-blemishes-brightens-skin-protects-from-uva-uvb-rays-fragrance-free-all-skin-types-100-vegan,,,,,,,,,,,,,,,,,,,,,,,,,https://cdn.shopify.com/s/files/1/0390/2985/files/Nia-SPF-50g_NewPack_Listing_Amazon_1001x1001_06.jpg?v=1773828681,16,,,,,,,,,,,
plum-2-niacinamide-rice-water-spf-50-pa-sunscreen-reduces-blemishes-brightens-skin-protects-from-uva-uvb-rays-fragrance-free-all-skin-types-100-vegan,,,,,,,,,,,,,,,,,,,,,,,,,https://cdn.shopify.com/s/files/1/0390/2985/files/Nia-SPF-50g_NewPack_Listing_Amazon_1001x1001_07.jpg?v=1773828681,17,,,,,,,,,,,
plum-2-niacinamide-rice-water-spf-50-pa-sunscreen-reduces-blemishes-brightens-skin-protects-from-uva-uvb-rays-fragrance-free-all-skin-types-100-vegan,,,,,,,,,,,,,,,,,,,,,,,,,https://cdn.shopify.com/s/files/1/0390/2985/files/Nia-SPF-50g_NewPack_Listing_Amazon_1001x1001_08.jpg?v=1773828681,18,,,,,,,,,,,
plum-2-niacinamide-rice-water-spf-50-pa-sunscreen-reduces-blemishes-brightens-skin-protects-from-uva-uvb-rays-fragrance-free-all-skin-types-100-vegan,,,,,,,,,,,,,,,,,,,,,,,,,https://cdn.shopify.com/s/files/1/0390/2985/files/Nia-SPF-50g_NewPack_Listing_Amazon_1001x1001_09.jpg?v=1773828680,19,,,,,,,,,,,
plum-2-niacinamide-rice-water-spf-50-pa-sunscreen-reduces-blemishes-brightens-skin-protects-from-uva-uvb-rays-fragrance-free-all-skin-types-100-vegan,,,,,,,,,,,,,,,,,,,,,,,,,https://cdn.shopify.com/s/files/1/0390/2985/files/Nia-SPF-50g_NewPack_Listing_Amazon_1001x1001_10.jpg?v=1773828681,20,,,,,,,,,,,
plum-2-niacinamide-rice-water-spf-50-pa-sunscreen-reduces-blemishes-brightens-skin-protects-from-uva-uvb-rays-fragrance-free-all-skin-types-100-vegan,,,,,,,,,,,,,,,,,,,,,,,,,https://cdn.shopify.com/s/files/1/0390/2985/files/Nia-SPF-50g_NewPack_Listing_Amazon_1001x1001_11.jpg?v=1773828681,21,,,,,,,,,,,
plum-2-niacinamide-rice-water-spf-50-pa-sunscreen-reduces-blemishes-brightens-skin-protects-from-uva-uvb-rays-fragrance-free-all-skin-types-100-vegan,,,,,,,,,,,,,,,,,,,,,,,,,https://cdn.shopify.com/s/files/1/0390/2985/files/Nia-SPF-50g_NewPack_Listing_Amazon_1001x1001_12.jpg?v=1773828681,22,,,,,,,,,,,
plum-2-niacinamide-rice-water-spf-50-pa-sunscreen-reduces-blemishes-brightens-skin-protects-from-uva-uvb-rays-fragrance-free-all-skin-types-100-vegan,,,,,,,,,,,,,,,,,,,,,,,,,https://cdn.shopify.com/s/files/1/0390/2985/files/Nia-SPF-50g_NewPack_Listing_Amazon_1001x1001_14.jpg?v=1773828681,23,,,,,,,,,,,
plum-2-niacinamide-rice-water-spf-50-pa-sunscreen-reduces-blemishes-brightens-skin-protects-from-uva-uvb-rays-fragrance-free-all-skin-types-100-vegan,,,,,,,,,,,,,,,,,,,,,,,,,https://cdn.shopify.com/s/files/1/0390/2985/files/Nia-SPF-50g_NewPack_Listing_Amazon_1001x1001_15.jpg?v=1773828681,24,,,,,,,,,,,
plum-2-niacinamide-rice-water-spf-50-pa-sunscreen-reduces-blemishes-brightens-skin-protects-from-uva-uvb-rays-fragrance-free-all-skin-types-100-vegan,,,,,,,,,,,,,,,,,,,,,,,,,https://cdn.shopify.com/s/files/1/0390/2985/files/Nia-SPF-50g_NewPack_Listing_Amazon_1001x1001_16.jpg?v=1773828681,25,,,,,,,,,,,
plum-2-niacinamide-rice-water-spf-50-pa-sunscreen-reduces-blemishes-brightens-skin-protects-from-uva-uvb-rays-fragrance-free-all-skin-types-100-vegan,,,,,,,,,,,,,,,,,,,,,,,,,https://cdn.shopify.com/s/files/1/0390/2985/files/Nia-SPF-50g_NewPack_Listing_Amazon_1001x1001_17.jpg?v=1773828681,26,,,,,,,,,,,
plum-2-niacinamide-rice-water-spf-50-pa-sunscreen-reduces-blemishes-brightens-skin-protects-from-uva-uvb-rays-fragrance-free-all-skin-types-100-vegan,,,,,,,,,,,,,,,,,,,,,,,,,https://cdn.shopify.com/s/files/1/0390/2985/files/Nia-SPF-50g_NewPack_Listing_Amazon_1001x1001_18.jpg?v=1773828680,27,,,,,,,,,,,
plum-2-niacinamide-rice-water-spf-50-pa-sunscreen-reduces-blemishes-brightens-skin-protects-from-uva-uvb-rays-fragrance-free-all-skin-types-100-vegan,,,,,,,,,,,,,,,,,,,,,,,,,https://cdn.shopify.com/s/files/1/0390/2985/files/Nykaa_NiaSPF50g_NewPack_Listing-15_b.jpg?v=1773828681,28,,,,,,,,,,,
plum-2-niacinamide-rice-water-spf-50-pa-sunscreen-reduces-blemishes-brightens-skin-protects-from-uva-uvb-rays-fragrance-free-all-skin-types-100-vegan,,,,,,,,,,,,,,,,,,,,,,,,,https://cdn.shopify.com/s/files/1/0390/2985/files/Nykaa_NiaSPF30g_NewPack_Listing-03.jpg?v=1782200966,29,,,,,,,,,,,
plum-2-niacinamide-rice-water-spf-50-pa-sunscreen-reduces-blemishes-brightens-skin-protects-from-uva-uvb-rays-fragrance-free-all-skin-types-100-vegan,,,,,,,,,,,,,,,,,,,,,,,,,https://cdn.shopify.com/s/files/1/0390/2985/files/Nykaa_NiaSPF30g_NewPack_Listing-08_de3fa75d-4e9b-4858-ad19-7e75dc49018f.jpg?v=1782200966,30,,,,,,,,,,,
plum-2-niacinamide-rice-water-spf-50-pa-sunscreen-reduces-blemishes-brightens-skin-protects-from-uva-uvb-rays-fragrance-free-all-skin-types-100-vegan,,,,,,,,,,,,,,,,,,,,,,,,,https://cdn.shopify.com/s/files/1/0390/2985/files/Nykaa_NiaSPF30g_NewPack_Listing-09_f76dad7e-91c0-4f1f-96ae-8828eb243821.jpg?v=1782200966,31,,,,,,,,,,,
plum-2-niacinamide-rice-water-spf-50-pa-sunscreen-reduces-blemishes-brightens-skin-protects-from-uva-uvb-rays-fragrance-free-all-skin-types-100-vegan,,,,,,,,,,,,,,,,,,,,,,,,,https://cdn.shopify.com/s/files/1/0390/2985/files/Nykaa_NiaSPF30g_NewPack_Listing-10_70f1ba9a-ce6d-40b4-a81b-bfdb8e268895.jpg?v=1782200966,32,,,,,,,,,,,
plum-2-niacinamide-rice-water-spf-50-pa-sunscreen-reduces-blemishes-brightens-skin-protects-from-uva-uvb-rays-fragrance-free-all-skin-types-100-vegan,,,,,,,,,,,,,,,,,,,,,,,,,https://cdn.shopify.com/s/files/1/0390/2985/files/Nykaa_NiaSPF30g_NewPack_Listing-12_927110fa-5570-4038-926a-50aa412289c7.jpg?v=1782200966,33,,,,,,,,,,,
plum-2-niacinamide-rice-water-spf-50-pa-sunscreen-reduces-blemishes-brightens-skin-protects-from-uva-uvb-rays-fragrance-free-all-skin-types-100-vegan,,,,,,,,,,,,,,,,,,,,,,,,,https://cdn.shopify.com/s/files/1/0390/2985/files/Nykaa_NiaSPF30g_NewPack_Listing-13_b1d5e91b-68f9-45e4-a595-cca7a7f5ab20.jpg?v=1782200966,34,,,,,,,,,,,
plum-2-niacinamide-rice-water-spf-50-pa-sunscreen-reduces-blemishes-brightens-skin-protects-from-uva-uvb-rays-fragrance-free-all-skin-types-100-vegan,,,,,,,,,,,,,,,,,,,,,,,,,https://cdn.shopify.com/s/files/1/0390/2985/files/Nykaa_NiaSPF30g_NewPack_Listing-14_defd5869-35b4-4785-a7a5-0c4fb9cc6902.jpg?v=1782200966,35,,,,,,,,,,,
plum-2-niacinamide-rice-water-spf-50-pa-sunscreen-reduces-blemishes-brightens-skin-protects-from-uva-uvb-rays-fragrance-free-all-skin-types-100-vegan,,,,,,,,,,,,,,,,,,,,,,,,,https://cdn.shopify.com/s/files/1/0390/2985/files/Nykaa_NiaSPF30g_NewPack_Listing-16_ce133c02-c3bc-4123-9418-ba573a8fdf01.jpg?v=1782200966,36,,,,,,,,,,,
plum-2-niacinamide-rice-water-spf-50-pa-sunscreen-reduces-blemishes-brightens-skin-protects-from-uva-uvb-rays-fragrance-free-all-skin-types-100-vegan,,,,,,,,,,,,,,,,,,,,,,,,,https://cdn.shopify.com/s/files/1/0390/2985/files/Nykaa_NiaSPF30g_NewPack_Listing-17_00db0dd3-f08b-41c2-9d31-15493cd26e59.jpg?v=1782200966,37,,,,,,,,,,,
plum-2-niacinamide-rice-water-spf-50-pa-sunscreen-reduces-blemishes-brightens-skin-protects-from-uva-uvb-rays-fragrance-free-all-skin-types-100-vegan,,,,,,,,,,,,,,,,,,,,,,,,,https://cdn.shopify.com/s/files/1/0390/2985/files/Nykaa_NiaSPF30g_NewPack_Listing-18_0cd35602-7785-40b8-b11f-9be92cdfae1a.jpg?v=1782200966,38,,,,,,,,,,,
plum-2-niacinamide-rice-water-spf-50-pa-sunscreen-reduces-blemishes-brightens-skin-protects-from-uva-uvb-rays-fragrance-free-all-skin-types-100-vegan,,,,,,,,,,,,,,,,,,,,,,,,,https://cdn.shopify.com/s/files/1/0390/2985/files/Nykaa_NiaSPF30g_NewPack_Listing-19_3b4f17f4-d433-4577-b4ff-6db9de6673d7.jpg?v=1782200966,39,,,,,,,,,,,
plum-2-niacinamide-rice-water-spf-50-pa-sunscreen-reduces-blemishes-brightens-skin-protects-from-uva-uvb-rays-fragrance-free-all-skin-types-100-vegan,,,,,,,,,,,,,,,,,,,,,,,,,https://cdn.shopify.com/s/files/1/0390/2985/files/Nykaa_NiaSPF30g_NewPack_Listing-20_4020d7ec-9677-4ecb-8551-e3f57984e042.jpg?v=1782200966,40,,,,,,,,,,,
plum-2-niacinamide-rice-water-spf-50-pa-sunscreen-reduces-blemishes-brightens-skin-protects-from-uva-uvb-rays-fragrance-free-all-skin-types-100-vegan,,,,,,,,,,,,,,,,,,,,,,,,,https://cdn.shopify.com/s/files/1/0390/2985/files/Nykaa_NiaSPF30g_NewPack_Listing-21_5b76fd9c-db61-4db3-a5e7-14aa525b1fec.jpg?v=1782200966,41,,,,,,,,,,,
plum-2-niacinamide-rice-water-spf-50-pa-sunscreen-reduces-blemishes-brightens-skin-protects-from-uva-uvb-rays-fragrance-free-all-skin-types-100-vegan,,,,,,,,,,,,,,,,,,,,,,,,,https://cdn.shopify.com/s/files/1/0390/2985/files/Nykaa_NiaSPF30g_NewPack_Listing-05_2eb70ea1-0ebe-4866-a5a8-c679014340bd.jpg?v=1782200966,42,,,,,,,,,,,
plum-2-niacinamide-rice-water-spf-50-pa-sunscreen-reduces-blemishes-brightens-skin-protects-from-uva-uvb-rays-fragrance-free-all-skin-types-100-vegan,,"<p>SPF 50 PA++++ sunscreen that provides broad spectrum protection against UVA &amp; UVB rays along with blue light - backed by Plum’s trueSPFᵀᴹ standards. </p>
<p>At Plum, trueSPFᵀᴹ means 5 rigorous checks:<br>Proven UV filters <br>Batch Tested. Every time<br>In-vivo (on human skin) &amp; in-vitro (in lab) testing<br>360º Quality Check and Audit<br>Transparent reporting</p>
<p>A dermat-tested non-comedogenic formula that goes the extra mile to provide 4-hr water resistance - perfect from sweat to swims! </p>
<p>Clinically proven to reduce tan by 3x, this sunscreen finishes off with a dewy, non-sticky finish.</p>",Plum Goodness,,Single,"allstock, App  Collection 4, aug_all, aug_dermat, aug_flat_299, b2g2_cart_text, b2g2bday_2026, b3g3_cart_text, b4g4_cart_text, bday_b2g2, bday_bestseller, bday_shankar, bonkers_under699, BRAND_PLUM, breadcrumb_1_skincare_url_skincare, breadcrumb_2_sun protection_url_sun-protection, bubble _Sunscreen, bubble_ Combination Skin, bubble_ Oily Skin, bubble_ Rice Water, bubble_Cream, bubble_Niacinamide, bubble_SPF50, CONCERNS2_Blemishes, CONCERNS2_Uneven Skin, CONCERNS_Blemishes/Uneven Skin, CONCERNS_Tan Removal, DEC_bestsellers, Insta_dec25, july25_b2g2, lit_niagel, lit_niaserum, lit_niass, lit_niatoner, MAINCATEGORY_SKIN, Mar25_10%off, Nia Sunscreen, nightmarket_everyday essentials, oct_any3, oil free sunscreen, payday, pm_pricedrop, price drop, Protect, RANGE_Niacinamide, sep_200to400, sept_noframe_flat399, Single, SKINTYPE_All skin types, SUBCATEGORY_Sunscreen, summer_26, Sunscreen for all skin types, sunscreen for men, sunscreen for normal skin, sunscreen for teenager, sunscreen for winter, sunscreen for women, sunscreen with spf 50, sunscreenfordryskin, sunscreens for acne prone skin, sunscreens for sensitive skin, water based sunscreen, water proof sunscreen",TRUE,size,50 g,,,,,PLRW1050SUS1070,0,,0,deny,manual,347.00,399.00,TRUE,TRUE,8904430201070,,,,,,,,g,,,,,active
plum-2-niacinamide-rice-water-spf-50-pa-sunscreen-reduces-blemishes-brightens-skin-protects-from-uva-uvb-rays-fragrance-free-all-skin-types-100-vegan,,"<p>SPF 50 PA++++ sunscreen that provides broad spectrum protection against UVA &amp; UVB rays along with blue light - backed by Plum’s trueSPFᵀᴹ standards. </p>
<p>At Plum, trueSPFᵀᴹ means 5 rigorous checks:<br>Proven UV filters <br>Batch Tested. Every time<br>In-vivo (on human skin) &amp; in-vitro (in lab) testing<br>360º Quality Check and Audit<br>Transparent reporting</p>
<p>A dermat-tested non-comedogenic formula that goes the extra mile to provide 4-hr water resistance - perfect from sweat to swims! </p>
<p>Clinically proven to reduce tan by 3x, this sunscreen finishes off with a dewy, non-sticky finish.</p>",Plum Goodness,,Single,"allstock, App  Collection 4, aug_all, aug_dermat, aug_flat_299, b2g2_cart_text, b2g2bday_2026, b3g3_cart_text, b4g4_cart_text, bday_b2g2, bday_bestseller, bday_shankar, bonkers_under699, BRAND_PLUM, breadcrumb_1_skincare_url_skincare, breadcrumb_2_sun protection_url_sun-protection, bubble _Sunscreen, bubble_ Combination Skin, bubble_ Oily Skin, bubble_ Rice Water, bubble_Cream, bubble_Niacinamide, bubble_SPF50, CONCERNS2_Blemishes, CONCERNS2_Uneven Skin, CONCERNS_Blemishes/Uneven Skin, CONCERNS_Tan Removal, DEC_bestsellers, Insta_dec25, july25_b2g2, lit_niagel, lit_niaserum, lit_niass, lit_niatoner, MAINCATEGORY_SKIN, Mar25_10%off, Nia Sunscreen, nightmarket_everyday essentials, oct_any3, oil free sunscreen, payday, pm_pricedrop, price drop, Protect, RANGE_Niacinamide, sep_200to400, sept_noframe_flat399, Single, SKINTYPE_All skin types, SUBCATEGORY_Sunscreen, summer_26, Sunscreen for all skin types, sunscreen for men, sunscreen for normal skin, sunscreen for teenager, sunscreen for winter, sunscreen for women, sunscreen with spf 50, sunscreenfordryskin, sunscreens for acne prone skin, sunscreens for sensitive skin, water based sunscreen, water proof sunscreen",TRUE,size,30 g,,,,,PLRW0030SUS7966,0,,0,deny,manual,269.00,299.00,TRUE,TRUE,,,,,,,,,g,,,,,active
green-tea-renewed-clarity-night-gel,Green Tea Renewed Clarity Night Gel For Oily & Acne-Prone Skin,"<h4><b style=""color: #6f2c97;"">benefits of green tea night gel</b></h4>
<p style=""color: #6f2c97;"">*fights pimples​ <br> *hydrates &amp; nourishes skin​ <br> *soothes inflamed skin</p>
<h4><b style=""color: #6f2c97;"">features of green tea night gel</b></h4>
<p style=""color: #6f2c97;"">*non-sticky, gel texture<br> *leaves a non-greasy finish <br> *clarifies, hydrates, &amp; refreshes</p>",plumgoodness,,Single,"allstock, App  Collection 3, april_plumlegacy, aug_all, aug_dermat, aug_under599, b2g2_cart_text, b2g2bday_2026, b3g3_cart_text, b4g4_cart_text, bday_b2g2, bday_trending, benefits_hydrate & nourish, bn_Acne combat, bn_Balanced hydration, bn_Clarifies skin, bn_Nourishes skin, bonkers_under699, BRAND_PLUM, breadcrumb_1_skincare_url_skincare, breadcrumb_2_facial moisturizers_url_facial-moisturizers, bubble _Dry Skin, bubble _Moisturizer, bubble_ Green Tea, bubble_ Oily Skin, bubble_acne, concern_Acne, concern_Blemishes & Acne Scars, concern_Excess Oiliness, concern_Spots, CONCERNS2_Acne, CONCERNS2_Oil Control, CONCERNS2_Pimple, CONCERNS_Acne/Pimple/Oil Control, gel face moisturizers, green tea night gel, hydrating moisturizers, ingredients_Glycolic Acid, ingredients_Green Tea, july25_b2g2, june_pricedrop, lightweight moisturizers, MAINCATEGORY_SKIN, Mar25_10%off, moisturizer for all skin type, moisturizer for normal skin, moisturizers for combination skin, moisturizers for oily acne prone skin, moisturizers for oily skin, nightgel, Paraben free, payday, PRODUCTS - WOMEN , RANGE_Green Tea, refreshers, regime, sep_400to600, sept_flat499, Single, SKINTYPE_Oily Acne-prone Combination, SUBCATEGORY_Moisturizer, SUBCATEGORY_NIGHTCREAM, summer_26, Trending now, water based moisturizer for oily skin",TRUE,Size,50 ml,,,,,GT-RCNG,176,,0,deny,manual,500.00,575.00,TRUE,TRUE,737534800522,https://cdn.shopify.com/s/files/1/0390/2985/files/Listing_1st_Tile_GT_Night_Gel_1001x1001_px_1.webp?v=1782114106,1,,,,,,g,,,,,active
green-tea-renewed-clarity-night-gel,,,,,,,,,,,,,,,,,,,,,,,,,https://cdn.shopify.com/s/files/1/0390/2985/files/03_01a8d4a1-7991-482d-bf4f-8ef74ea0549e.jpg?v=1732282341,2,,,,,,,,,,,
green-tea-renewed-clarity-night-gel,,,,,,,,,,,,,,,,,,,,,,,,,https://cdn.shopify.com/s/files/1/0390/2985/files/04_9e2368ce-960b-45d1-82ba-39926b97035f.jpg?v=1732282341,3,,,,,,,,,,,
green-tea-renewed-clarity-night-gel,,,,,,,,,,,,,,,,,,,,,,,,,https://cdn.shopify.com/s/files/1/0390/2985/files/05_66df150c-f01e-4097-8b1c-17a47a0f40ed.jpg?v=1732282341,4,,,,,,,,,,,
green-tea-renewed-clarity-night-gel,,,,,,,,,,,,,,,,,,,,,,,,,https://cdn.shopify.com/s/files/1/0390/2985/files/06_9d9c043f-f10f-42f6-a4b3-c0f0729336df.jpg?v=1732282341,5,,,,,,,,,,,
green-tea-renewed-clarity-night-gel,,,,,,,,,,,,,,,,,,,,,,,,,https://cdn.shopify.com/s/files/1/0390/2985/files/07_9b2893a1-766b-4e58-8b16-be136be67f30.jpg?v=1732282341,6,,,,,,,,,,,
green-tea-renewed-clarity-night-gel,,,,,,,,,,,,,,,,,,,,,,,,,https://cdn.shopify.com/s/files/1/0390/2985/files/09_bd43ac8c-5b8d-43bc-b6bc-50bebfe16441.jpg?v=1732282341,7,,,,,,,,,,,
green-tea-renewed-clarity-night-gel,,,,,,,,,,,,,,,,,,,,,,,,,https://cdn.shopify.com/s/files/1/0390/2985/files/GT_Night_Gel_50g_combo_Listing_1st_Tile_1001x1001_px_1_764226ea-9196-43bf-9e56-ad3fec3f583e.webp?v=1784886441,8,,,,,,,,,,,
green-tea-renewed-clarity-night-gel,,,,,,,,,,,,,,,,,,,,,,,,,https://cdn.shopify.com/s/files/1/0390/2985/files/03_0abfde98-0610-4519-925a-de597b77275e.jpg?v=1784886987,9,,,,,,,,,,,
green-tea-renewed-clarity-night-gel,,,,,,,,,,,,,,,,,,,,,,,,,https://cdn.shopify.com/s/files/1/0390/2985/files/08_d89d98ad-c736-4c39-a20d-8cddb5511d22.jpg?v=1784886987,10,,,,,,,,,,,
green-tea-renewed-clarity-night-gel,,,,,,,,,,,,,,,,,,,,,,,,,https://cdn.shopify.com/s/files/1/0390/2985/files/01_da605509-606e-4a1e-8a9e-62b3ed76bff3.jpg?v=1784886988,11,,,,,,,,,,,
green-tea-renewed-clarity-night-gel,,,,,,,,,,,,,,,,,,,,,,,,,https://cdn.shopify.com/s/files/1/0390/2985/files/04_2508a130-6f3a-404f-a4b7-b799ccbabfcc.jpg?v=1784886988,12,,,,,,,,,,,
green-tea-renewed-clarity-night-gel,,,,,,,,,,,,,,,,,,,,,,,,,https://cdn.shopify.com/s/files/1/0390/2985/files/05_4c682f3e-3921-43e7-bdf4-3155f879d977.jpg?v=1784886988,13,,,,,,,,,,,
green-tea-renewed-clarity-night-gel,,,,,,,,,,,,,,,,,,,,,,,,,https://cdn.shopify.com/s/files/1/0390/2985/files/06_f9cd19ac-c5a0-4bff-aec6-989619af112a.jpg?v=1784886988,14,,,,,,,,,,,
green-tea-renewed-clarity-night-gel,,,,,,,,,,,,,,,,,,,,,,,,,https://cdn.shopify.com/s/files/1/0390/2985/files/07_f40fa9a1-3b04-4d26-844f-601f09d31b5f.jpg?v=1784886988,15,,,,,,,,,,,
green-tea-renewed-clarity-night-gel,,,,,,,,,,,,,,,,,,,,,,,,,https://cdn.shopify.com/s/files/1/0390/2985/files/09_1449d1cc-2f26-48e3-b27d-b4e31ed51ce9.jpg?v=1784886988,16,,,,,,,,,,,
green-tea-renewed-clarity-night-gel,,"<h4><b style=""color: #6f2c97;"">benefits of green tea night gel</b></h4>
<p style=""color: #6f2c97;"">*fights pimples​ <br> *hydrates &amp; nourishes skin​ <br> *soothes inflamed skin</p>
<h4><b style=""color: #6f2c97;"">features of green tea night gel</b></h4>
<p style=""color: #6f2c97;"">*non-sticky, gel texture<br> *leaves a non-greasy finish <br> *clarifies, hydrates, &amp; refreshes</p>",plumgoodness,,Single,"allstock, App  Collection 3, april_plumlegacy, aug_all, aug_dermat, aug_under599, b2g2_cart_text, b2g2bday_2026, b3g3_cart_text, b4g4_cart_text, bday_b2g2, bday_trending, benefits_hydrate & nourish, bn_Acne combat, bn_Balanced hydration, bn_Clarifies skin, bn_Nourishes skin, bonkers_under699, BRAND_PLUM, breadcrumb_1_skincare_url_skincare, breadcrumb_2_facial moisturizers_url_facial-moisturizers, bubble _Dry Skin, bubble _Moisturizer, bubble_ Green Tea, bubble_ Oily Skin, bubble_acne, concern_Acne, concern_Blemishes & Acne Scars, concern_Excess Oiliness, concern_Spots, CONCERNS2_Acne, CONCERNS2_Oil Control, CONCERNS2_Pimple, CONCERNS_Acne/Pimple/Oil Control, gel face moisturizers, green tea night gel, hydrating moisturizers, ingredients_Glycolic Acid, ingredients_Green Tea, july25_b2g2, june_pricedrop, lightweight moisturizers, MAINCATEGORY_SKIN, Mar25_10%off, moisturizer for all skin type, moisturizer for normal skin, moisturizers for combination skin, moisturizers for oily acne prone skin, moisturizers for oily skin, nightgel, Paraben free, payday, PRODUCTS - WOMEN , RANGE_Green Tea, refreshers, regime, sep_400to600, sept_flat499, Single, SKINTYPE_Oily Acne-prone Combination, SUBCATEGORY_Moisturizer, SUBCATEGORY_NIGHTCREAM, summer_26, Trending now, water based moisturizer for oily skin",TRUE,Size,50 ml x 2,,,,,COM-2GTRCNG,176,,0,deny,manual,931.00,1150.00,TRUE,TRUE,,,,,,,,,g,,,,,active
plum-bodylovin-vanilla-caramello-body-lotion,Vanilla Caramello Body Lotion by BodyLovin',"<h4><b style=""color: #6f2c97;"">benefits:</b></h4>
<p style=""color: #6f2c97;"">*deep hydration <br> *velvety softness<br> *sweet fragrance<br> *grease-free comfort</p>
<h4><b style=""color: #6f2c97;"">features:</b></h4>
<p style=""color: #6f2c97;"">*caramel-vanilla fusion<br> *cocoa butter infusion <br> *vitamin B5 enriched<br> *irresistible scent</p>",Plum Goodness,,Single,"allstock, App  Collection 5, aug_all, aug_under399, b2g2_cart_text, b2g2bday_2026, b3g3_cart_text, b4g4_cart_text, bday_b2g2, bday_bestseller, bday_shankar, bestseller, body lotion for dry skin, body lotion for glowing skin, body lotion for men, body lotion for winter, body lotion for women, bonkers_under699, bonkers_under999, BRAND_PBL, breadcrumb_1_bodycare_url_plum-bodylovin, breadcrumb_2_body lotions_url_bodylovin-body-lotions, bubble_Nutty, bubble_Sweet, bubble_Warm, DEC_bestsellers, febnewlaunch, flat_25_litlab, FNOTE_Warmvanillasaltedcaramel, july25_b2g2, june_pricedrop, lit_vcbl, lit_vcedp, LLL_Min25, lotion, MAINCATEGORY_BODY, Mar25_10%off, nightmarket_everyday essentials, oct_any3, payday, pbl_hp_new, pm_pricedrop, RANGE_Vanilla, RANGE_Vanilla caramello, RANGE_Vanilla Vibes, sep_200to400, sep_400to600, sept_flat399, Single, SUBCATEGORY_Body Lotion, total_internet_sensation, Winter_Nov25",TRUE,Size,400 ml,,,,,BLVA0400BLN3647,0,,0,deny,manual,352.00,475.00,TRUE,TRUE,8904430203487,https://cdn.shopify.com/s/files/1/0390/2985/files/Total_Internet_Sensations_vc_bl.webp?v=1779366377,1,,,,,,g,,,,,active
plum-bodylovin-vanilla-caramello-body-lotion,,,,,,,,,,,,,,,,,,,,,,,,,https://cdn.shopify.com/s/files/1/0390/2985/files/Vanilla-Caramello_Body-Lotion1copy_2.jpg?v=1728629407,2,,,,,,,,,,,
plum-bodylovin-vanilla-caramello-body-lotion,,,,,,,,,,,,,,,,,,,,,,,,,https://cdn.shopify.com/s/files/1/0390/2985/files/Vanilla-Caramello_Body-Lotion3.jpg?v=1718349224,3,,,,,,,,,,,
plum-bodylovin-vanilla-caramello-body-lotion,,,,,,,,,,,,,,,,,,,,,,,,,https://cdn.shopify.com/s/files/1/0390/2985/files/Vanilla-Caramello_Body-Lotion4.jpg?v=1718349224,4,,,,,,,,,,,
plum-bodylovin-vanilla-caramello-body-lotion,,,,,,,,,,,,,,,,,,,,,,,,,https://cdn.shopify.com/s/files/1/0390/2985/files/Vanilla-Caramello_Body-Lotion5.jpg?v=1718349224,5,,,,,,,,,,,
plum-bodylovin-vanilla-caramello-body-lotion,,,,,,,,,,,,,,,,,,,,,,,,,https://cdn.shopify.com/s/files/1/0390/2985/files/Vanilla-Caramello_Body-Lotion6.jpg?v=1718349224,6,,,,,,,,,,,
plum-bodylovin-vanilla-caramello-body-lotion,,,,,,,,,,,,,,,,,,,,,,,,,https://cdn.shopify.com/s/files/1/0390/2985/files/Vanilla-Caramello_Body-Lotion7.jpg?v=1718349224,7,,,,,,,,,,,
plum-bodylovin-vanilla-caramello-body-lotion,,,,,,,,,,,,,,,,,,,,,,,,,https://cdn.shopify.com/s/files/1/0390/2985/files/Vanilla-Caramello_Body-Lotion1.jpg?v=1718349224,8,,,,,,,,,,,
plum-bodylovin-vanilla-caramello-body-lotion,,,,,,,,,,,,,,,,,,,,,,,,,https://cdn.shopify.com/s/files/1/0390/2985/files/Website_Mood_Shots_VC_Body_Lotion_200ml_Website.webp?v=1782294206,9,,,,,,,,,,,
plum-bodylovin-vanilla-caramello-body-lotion,,,,,,,,,,,,,,,,,,,,,,,,,https://cdn.shopify.com/s/files/1/0390/2985/files/Vanilla_Caramello_Body_Lotion_200ml_Website_Listing_01.webp?v=1782294205,10,,,,,,,,,,,
plum-bodylovin-vanilla-caramello-body-lotion,,,,,,,,,,,,,,,,,,,,,,,,,https://cdn.shopify.com/s/files/1/0390/2985/files/Vanilla_Caramello_Body_Lotion_200ml_Website_Listing_02.webp?v=1782294206,11,,,,,,,,,,,
plum-bodylovin-vanilla-caramello-body-lotion,,,,,,,,,,,,,,,,,,,,,,,,,https://cdn.shopify.com/s/files/1/0390/2985/files/Vanilla_Caramello_Body_Lotion_200ml_Website_Listing_03.webp?v=1782294206,12,,,,,,,,,,,
plum-bodylovin-vanilla-caramello-body-lotion,,,,,,,,,,,,,,,,,,,,,,,,,https://cdn.shopify.com/s/files/1/0390/2985/files/Vanilla_Caramello_Body_Lotion_200ml_Website_Listing_04.webp?v=1782294205,13,,,,,,,,,,,
plum-bodylovin-vanilla-caramello-body-lotion,,,,,,,,,,,,,,,,,,,,,,,,,https://cdn.shopify.com/s/files/1/0390/2985/files/Vanilla_Caramello_Body_Lotion_200ml_Website_Listing_05.webp?v=1782294205,14,,,,,,,,,,,
plum-bodylovin-vanilla-caramello-body-lotion,,,,,,,,,,,,,,,,,,,,,,,,,https://cdn.shopify.com/s/files/1/0390/2985/files/Vanilla_Caramello_Body_Lotion_200ml_Website_Listing_06.webp?v=1782294206,15,,,,,,,,,,,
plum-bodylovin-vanilla-caramello-body-lotion,,,,,,,,,,,,,,,,,,,,,,,,,https://cdn.shopify.com/s/files/1/0390/2985/files/Vanilla_Caramello_Body_Lotion_200ml_Website_Listing_07.webp?v=1782294205,16,,,,,,,,,,,
plum-bodylovin-vanilla-caramello-body-lotion,,,,,,,,,,,,,,,,,,,,,,,,,https://cdn.shopify.com/s/files/1/0390/2985/files/VirtualCombos_Aug24_5_24bd0239-d735-4cf3-8bf0-b70603dc905f_1.webp?v=1784892407,17,,,,,,,,,,,
plum-bodylovin-vanilla-caramello-body-lotion,,,,,,,,,,,,,,,,,,,,,,,,,https://cdn.shopify.com/s/files/1/0390/2985/files/Vanilla-Caramello_Body-Lotion3_78c22aa4-1e42-4ee1-8513-74da28c47dc3.jpg?v=1784894210,18,,,,,,,,,,,
plum-bodylovin-vanilla-caramello-body-lotion,,,,,,,,,,,,,,,,,,,,,,,,,https://cdn.shopify.com/s/files/1/0390/2985/files/Vanilla_Caramello_Body_Lotion_200ml_Website_Listing_03_db1bfff0-f17f-48ed-8918-3ad422fec330.webp?v=1784894316,19,,,,,,,,,,,
plum-bodylovin-vanilla-caramello-body-lotion,,,,,,,,,,,,,,,,,,,,,,,,,https://cdn.shopify.com/s/files/1/0390/2985/files/Vanilla-Caramello_Body-Lotion5_2eb490d7-e920-486d-a2b8-6e516ca7d03a.jpg?v=1784894211,20,,,,,,,,,,,
plum-bodylovin-vanilla-caramello-body-lotion,,,,,,,,,,,,,,,,,,,,,,,,,https://cdn.shopify.com/s/files/1/0390/2985/files/Vanilla-Caramello_Body-Lotion6_a1895d1a-458d-4726-a9ef-b495e9ad7061.jpg?v=1784894211,21,,,,,,,,,,,
plum-bodylovin-vanilla-caramello-body-lotion,,,,,,,,,,,,,,,,,,,,,,,,,https://cdn.shopify.com/s/files/1/0390/2985/files/Vanilla_Caramello_Body_Lotion_200ml_Website_Listing_06_7cb5f5d8-3eda-403c-99ca-803ef7452329.webp?v=1784894315,22,,,,,,,,,,,
plum-bodylovin-vanilla-caramello-body-lotion,,"<h4><b style=""color: #6f2c97;"">benefits:</b></h4>
<p style=""color: #6f2c97;"">*deep hydration <br> *velvety softness<br> *sweet fragrance<br> *grease-free comfort</p>
<h4><b style=""color: #6f2c97;"">features:</b></h4>
<p style=""color: #6f2c97;"">*caramel-vanilla fusion<br> *cocoa butter infusion <br> *vitamin B5 enriched<br> *irresistible scent</p>",Plum Goodness,,Single,"allstock, App  Collection 5, aug_all, aug_under399, b2g2_cart_text, b2g2bday_2026, b3g3_cart_text, b4g4_cart_text, bday_b2g2, bday_bestseller, bday_shankar, bestseller, body lotion for dry skin, body lotion for glowing skin, body lotion for men, body lotion for winter, body lotion for women, bonkers_under699, bonkers_under999, BRAND_PBL, breadcrumb_1_bodycare_url_plum-bodylovin, breadcrumb_2_body lotions_url_bodylovin-body-lotions, bubble_Nutty, bubble_Sweet, bubble_Warm, DEC_bestsellers, febnewlaunch, flat_25_litlab, FNOTE_Warmvanillasaltedcaramel, july25_b2g2, june_pricedrop, lit_vcbl, lit_vcedp, LLL_Min25, lotion, MAINCATEGORY_BODY, Mar25_10%off, nightmarket_everyday essentials, oct_any3, payday, pbl_hp_new, pm_pricedrop, RANGE_Vanilla, RANGE_Vanilla caramello, RANGE_Vanilla Vibes, sep_200to400, sep_400to600, sept_flat399, Single, SUBCATEGORY_Body Lotion, total_internet_sensation, Winter_Nov25",TRUE,Size,200 ml,,,,,BLVA0200BLN5856,0,,0,deny,manual,245.00,299.00,TRUE,TRUE,,,,,,,,,g,,,,,active
plum-bodylovin-vanilla-caramello-body-lotion,,"<h4><b style=""color: #6f2c97;"">benefits:</b></h4>
<p style=""color: #6f2c97;"">*deep hydration <br> *velvety softness<br> *sweet fragrance<br> *grease-free comfort</p>
<h4><b style=""color: #6f2c97;"">features:</b></h4>
<p style=""color: #6f2c97;"">*caramel-vanilla fusion<br> *cocoa butter infusion <br> *vitamin B5 enriched<br> *irresistible scent</p>",Plum Goodness,,Single,"allstock, App  Collection 5, aug_all, aug_under399, b2g2_cart_text, b2g2bday_2026, b3g3_cart_text, b4g4_cart_text, bday_b2g2, bday_bestseller, bday_shankar, bestseller, body lotion for dry skin, body lotion for glowing skin, body lotion for men, body lotion for winter, body lotion for women, bonkers_under699, bonkers_under999, BRAND_PBL, breadcrumb_1_bodycare_url_plum-bodylovin, breadcrumb_2_body lotions_url_bodylovin-body-lotions, bubble_Nutty, bubble_Sweet, bubble_Warm, DEC_bestsellers, febnewlaunch, flat_25_litlab, FNOTE_Warmvanillasaltedcaramel, july25_b2g2, june_pricedrop, lit_vcbl, lit_vcedp, LLL_Min25, lotion, MAINCATEGORY_BODY, Mar25_10%off, nightmarket_everyday essentials, oct_any3, payday, pbl_hp_new, pm_pricedrop, RANGE_Vanilla, RANGE_Vanilla caramello, RANGE_Vanilla Vibes, sep_200to400, sep_400to600, sept_flat399, Single, SUBCATEGORY_Body Lotion, total_internet_sensation, Winter_Nov25",TRUE,Size,400 ml x 2,,,,,PLMU0SMTVRT317,0,,0,deny,manual,684.00,950.00,TRUE,TRUE,,,,,,,,,g,,,,,active
green-tea-alcohol-free-toner,Green Tea Alcohol-Free Pore Tightening Face Toner For Oily & Acne-Prone Skin,"<h4><b style=""color: #6f2c97;"">green tea alcohol-free toner benefits:</b></h4>
<p style=""color: #6f2c97;"">*fights pimples
<br>*minimizes the appearance of pores
<br>*tones, refreshes, and hydrates skin

</p><h4><b style=""color: #6f2c97;"">features of green-tea alcohol-free toner:</b></h4>
<p style=""color: #6f2c97;"">*alcohol-free
<br>*non-drying</p>",plumgoodness,,Single,"allstock, App  Collection 3, april_plumlegacy, aug_all, aug_dermat, aug_flat_399, b2g2_cart_text, b2g2bday_2026, b3g3_cart_text, b4g4_cart_text, bday_b2g2, bday_shankar, benefits_hydrate & nourish, bn_Acne combat, bn_Shrinks pores, bn_Tightens skin, bn_Tones and clarifies skin, bonkers_under699, BRAND_PLUM, breadcrumb_1_skincare_url_skincare, breadcrumb_2_face mist & toners_url_toners, bubble _Dry Skin, bubble _Toner, bubble _Toners & Mists, bubble_ Green Tea, bubble_ Oily Skin, concern_Acne, concern_Blemishes & Acne Scars, concern_Excess Oiliness, concern_Pores, concern_Spots, CONCERNS2_Acne, CONCERNS2_Oil Control, CONCERNS2_Pimple, CONCERNS_Acne/Pimple/Oil Control, ingredients_Glycolic Acid, ingredients_Green Tea, july25_b2g2, MAINCATEGORY_SKIN, Mar25_10%off, nightmarket_everyday essentials, oct_any3, Paraben free, payday, PRODUCTS - WOMEN , RANGE_Green Tea, refreshers, regime, sep_200to400, sept_noframe_flat399, Single, SKINTYPE_Oily Acne-prone Combination, SUBCATEGORY_Toner, SUBCATEGORY_Toners & Mists, summer_26, toner for open pores",TRUE,Size,200 ml,,,,,PLGT2200FTN0058,227,,0,deny,manual,369.00,420.00,TRUE,TRUE,737534800058,https://cdn.shopify.com/s/files/1/0390/2985/files/Listing_1st_Tile_GT_Toner_200ml_1001x1001_px_c93eaf1e-d084-4779-bce8-6a976cadbed7.webp?v=1782212495,1,,,,,,g,,,,,active
green-tea-alcohol-free-toner,,,,,,,,,,,,,,,,,,,,,,,,,https://cdn.shopify.com/s/files/1/0390/2985/files/Green-Tea-Toner_150ml_Amazon_1001x1001_04.jpg?v=1776771394,2,,,,,,,,,,,
green-tea-alcohol-free-toner,,,,,,,,,,,,,,,,,,,,,,,,,https://cdn.shopify.com/s/files/1/0390/2985/files/Green-Tea-Toner_150ml_Amazon_1001x1001_05.jpg?v=1776771394,3,,,,,,,,,,,
green-tea-alcohol-free-toner,,,,,,,,,,,,,,,,,,,,,,,,,https://cdn.shopify.com/s/files/1/0390/2985/files/Green-Tea-Toner_150ml_Amazon_1001x1001_06.jpg?v=1776771394,4,,,,,,,,,,,
green-tea-alcohol-free-toner,,,,,,,,,,,,,,,,,,,,,,,,,https://cdn.shopify.com/s/files/1/0390/2985/files/Green-Tea-Toner_150ml_Amazon_1001x1001_07.jpg?v=1776771394,5,,,,,,,,,,,
green-tea-alcohol-free-toner,,,,,,,,,,,,,,,,,,,,,,,,,https://cdn.shopify.com/s/files/1/0390/2985/files/Green-Tea-Toner_150ml_Amazon_1001x1001_08.jpg?v=1776771394,6,,,,,,,,,,,
green-tea-alcohol-free-toner,,,,,,,,,,,,,,,,,,,,,,,,,https://cdn.shopify.com/s/files/1/0390/2985/files/Green-Tea-Toner_150ml_Amazon_1001x1001_09.jpg?v=1776771394,7,,,,,,,,,,,
green-tea-alcohol-free-toner,,,,,,,,,,,,,,,,,,,,,,,,,https://cdn.shopify.com/s/files/1/0390/2985/files/Listing_1st_Tile_GT_Toner_150ml_1001x1001_px.webp?v=1781760429,8,,,,,,,,,,,
green-tea-alcohol-free-toner,,,,,,,,,,,,,,,,,,,,,,,,,https://cdn.shopify.com/s/files/1/0390/2985/files/03_114f928b-b9d4-4625-b02f-19af66954947.jpg?v=1776771394,9,,,,,,,,,,,
green-tea-alcohol-free-toner,,,,,,,,,,,,,,,,,,,,,,,,,https://cdn.shopify.com/s/files/1/0390/2985/files/02_f0d2ec7b-499d-4f28-b088-fb380ef0823c.jpg?v=1776771394,10,,,,,,,,,,,
green-tea-alcohol-free-toner,,,,,,,,,,,,,,,,,,,,,,,,,https://cdn.shopify.com/s/files/1/0390/2985/files/01_9e5d1969-43d0-43d4-880a-06556d01f86a.jpg?v=1776771394,11,,,,,,,,,,,
green-tea-alcohol-free-toner,,,,,,,,,,,,,,,,,,,,,,,,,https://cdn.shopify.com/s/files/1/0390/2985/files/04_3e5d6edf-11b3-4bf5-9acf-05244c4bffc6.jpg?v=1776771394,12,,,,,,,,,,,
green-tea-alcohol-free-toner,,,,,,,,,,,,,,,,,,,,,,,,,https://cdn.shopify.com/s/files/1/0390/2985/files/05_f0c2b953-1aaa-4739-b6fb-dc0d86de723e.jpg?v=1776771394,13,,,,,,,,,,,
green-tea-alcohol-free-toner,,,,,,,,,,,,,,,,,,,,,,,,,https://cdn.shopify.com/s/files/1/0390/2985/files/06_347b5fa6-8f3c-4ee7-8bd6-6be806621960.jpg?v=1776771394,14,,,,,,,,,,,
green-tea-alcohol-free-toner,,,,,,,,,,,,,,,,,,,,,,,,,https://cdn.shopify.com/s/files/1/0390/2985/files/07_a4e493ea-ab4e-4adb-9d95-7ad027488d08.jpg?v=1776771394,15,,,,,,,,,,,
green-tea-alcohol-free-toner,,,,,,,,,,,,,,,,,,,,,,,,,https://cdn.shopify.com/s/files/1/0390/2985/files/WBG-1_d55e01df-16bd-4c57-a54c-0655c25e9c0f.jpg?v=1776771394,16,,,,,,,,,,,
green-tea-alcohol-free-toner,,"<h4><b style=""color: #6f2c97;"">green tea alcohol-free toner benefits:</b></h4>
<p style=""color: #6f2c97;"">*fights pimples
<br>*minimizes the appearance of pores
<br>*tones, refreshes, and hydrates skin

</p><h4><b style=""color: #6f2c97;"">features of green-tea alcohol-free toner:</b></h4>
<p style=""color: #6f2c97;"">*alcohol-free
<br>*non-drying</p>",plumgoodness,,Single,"allstock, App  Collection 3, april_plumlegacy, aug_all, aug_dermat, aug_flat_399, b2g2_cart_text, b2g2bday_2026, b3g3_cart_text, b4g4_cart_text, bday_b2g2, bday_shankar, benefits_hydrate & nourish, bn_Acne combat, bn_Shrinks pores, bn_Tightens skin, bn_Tones and clarifies skin, bonkers_under699, BRAND_PLUM, breadcrumb_1_skincare_url_skincare, breadcrumb_2_face mist & toners_url_toners, bubble _Dry Skin, bubble _Toner, bubble _Toners & Mists, bubble_ Green Tea, bubble_ Oily Skin, concern_Acne, concern_Blemishes & Acne Scars, concern_Excess Oiliness, concern_Pores, concern_Spots, CONCERNS2_Acne, CONCERNS2_Oil Control, CONCERNS2_Pimple, CONCERNS_Acne/Pimple/Oil Control, ingredients_Glycolic Acid, ingredients_Green Tea, july25_b2g2, MAINCATEGORY_SKIN, Mar25_10%off, nightmarket_everyday essentials, oct_any3, Paraben free, payday, PRODUCTS - WOMEN , RANGE_Green Tea, refreshers, regime, sep_200to400, sept_noframe_flat399, Single, SKINTYPE_Oily Acne-prone Combination, SUBCATEGORY_Toner, SUBCATEGORY_Toners & Mists, summer_26, toner for open pores",TRUE,Size,150 ml,,,,,PLGT1150FTN4750,227,,0,deny,manual,354.00,390.00,TRUE,TRUE,,,,,,,,,g,,,,,active
vanilla-vibes-body-oil,Vanilla Vibes Body Oil by BodyLovin',"<h4><b style=""color: #6f2c97;"">vanilla vibes body oil benefits:</b></h4>
<p style=""color: #6f2c97;"">*intensely moisturizes skin
<br>*nourishes and smoothens skin
<br>*lightweight and non-greasy
<br>*provides instant glow </p>

<h4><b style=""color: #6f2c97;"">features of vanilla vibes body oil:</b></h4>
<p style=""color: #6f2c97;"">*warm vanilla fragrance
<br>*enriched with 9 nourishing oils
<br>*absorbs quickly into skin
<br>*lightweight and non-greasy formula</p>
",Plum Goodness,,Single,"allstock, App  Collection 3, april_plumlegacy, aug_all, aug_under299, aug_under599, b2g2_cart_text, b2g2bday_2026, b3g3_cart_text, b4g4_cart_text, bday_b2g2, bday_bestseller, bestseller, bn_Deep moisturization, bn_Non-sticky, bn_Nourishes skin, bn_refreshing_fragrance, body lotion for winter, bonkers_under299, bonkers_under699, BRAND_PBL, breadcrumb_1_bodycare_url_plum-bodylovin, breadcrumb_2_body oils_url_bodylovin-body-oils, bubble_Sweet, bubble_Warm, combo_product_handel-bodylovin-drivin-me-cherry-body-oil_flavourname_Drivin' Me Cherry, combo_product_handel-hawaiian-rumba-body-oil_flavourname_Hawaiian Rumba, combo_product_handel-vanilla-vibes-body-oil_flavourname_Vanilla Vibes, concern_Dry Skin, CONCERNS_moisturises, flat_25_litlab, july25_b2g2, june_pricedrop, lit_vcbl, lit_vcedp, LLL_Min25, MAINCATEGORY_BODY, Mar25_10%off, non greasy, oct_any3, payday, pm_pricedrop, RANGE_Vanilla Vibes, sep_200to400, sep_400to600, sept_flat499, sept_noframe_flat299, Single, SKINTYPE_All skin types especially dry, soothing oil, SUBCATEGORY_Body Oil, ultra moisturiser, ultra moisturizer, vanilla oil, Winter_Nov25",TRUE,Size,200 ml,,,,,BLVV1200BDL0798,0,,0,deny,manual,494.00,575.00,TRUE,TRUE,8906118410798,https://cdn.shopify.com/s/files/1/0390/2985/files/VV_BO.jpg?v=1719216799,1,,,,,,g,,,,,active
vanilla-vibes-body-oil,,,,,,,,,,,,,,,,,,,,,,,,,https://cdn.shopify.com/s/files/1/0390/2985/files/VV_200ml_BodyOil1080x1080_01.jpg?v=1719216799,2,,,,,,,,,,,
vanilla-vibes-body-oil,,,,,,,,,,,,,,,,,,,,,,,,,https://cdn.shopify.com/s/files/1/0390/2985/files/VV_200ml_BodyOil1080x1080_02_f4d1d7dc-5d4c-4853-86cc-d4db9b66a740.jpg?v=1719216799,3,,,,,,,,,,,
vanilla-vibes-body-oil,,,,,,,,,,,,,,,,,,,,,,,,,https://cdn.shopify.com/s/files/1/0390/2985/files/VV_200ml_BodyOil1080x1080_03_7bd4d391-7a52-4ab2-9f82-1929c3e7a8f0.jpg?v=1719216799,4,,,,,,,,,,,
vanilla-vibes-body-oil,,,,,,,,,,,,,,,,,,,,,,,,,https://cdn.shopify.com/s/files/1/0390/2985/files/VV_200ml_BodyOil1080x1080_04_1fc38916-7913-4091-950e-8a23ba87a34a.jpg?v=1719216799,5,,,,,,,,,,,
vanilla-vibes-body-oil,,,,,,,,,,,,,,,,,,,,,,,,,https://cdn.shopify.com/s/files/1/0390/2985/files/VV_200ml_BodyOil1080x1080_05_2329c2d7-1b10-404b-99e7-8303d3f9f5e2.jpg?v=1719216799,6,,,,,,,,,,,
vanilla-vibes-body-oil,,,,,,,,,,,,,,,,,,,,,,,,,https://cdn.shopify.com/s/files/1/0390/2985/files/VV_200ml_BodyOil1080x1080_06_da40a695-9813-494c-895e-66627ef411a6.jpg?v=1719216799,7,,,,,,,,,,,
vanilla-vibes-body-oil,,,,,,,,,,,,,,,,,,,,,,,,,https://cdn.shopify.com/s/files/1/0390/2985/files/VV_200ml_BodyOil1080x1080_07_d0337793-a9b5-44cf-a965-e1c3ef783dae.jpg?v=1719216799,8,,,,,,,,,,,
vanilla-vibes-body-oil,,,,,,,,,,,,,,,,,,,,,,,,,https://cdn.shopify.com/s/files/1/0390/2985/files/VV_200ml_BodyOil1080x1080_08_542375b7-b041-4ebf-bb6b-5a5b59c5c75f.jpg?v=1719216799,9,,,,,,,,,,,
vanilla-vibes-body-oil,,,,,,,,,,,,,,,,,,,,,,,,,https://cdn.shopify.com/s/files/1/0390/2985/products/VV_100ml_BodyOil1080x1080_01_750x_1.webp?v=1719216799,10,,,,,,,,,,,
vanilla-vibes-body-oil,,,,,,,,,,,,,,,,,,,,,,,,,https://cdn.shopify.com/s/files/1/0390/2985/products/VV_100ml_BodyOil1080x1080_02.jpg?v=1719216799,11,,,,,,,,,,,
vanilla-vibes-body-oil,,,,,,,,,,,,,,,,,,,,,,,,,https://cdn.shopify.com/s/files/1/0390/2985/products/VV_100ml_BodyOil1080x1080_03.jpg?v=1719216799,12,,,,,,,,,,,
vanilla-vibes-body-oil,,,,,,,,,,,,,,,,,,,,,,,,,https://cdn.shopify.com/s/files/1/0390/2985/products/VV_100ml_BodyOil1080x1080_04.jpg?v=1719216799,13,,,,,,,,,,,
vanilla-vibes-body-oil,,,,,,,,,,,,,,,,,,,,,,,,,https://cdn.shopify.com/s/files/1/0390/2985/products/VV_100ml_BodyOil1080x1080_05.jpg?v=1719216799,14,,,,,,,,,,,
vanilla-vibes-body-oil,,,,,,,,,,,,,,,,,,,,,,,,,https://cdn.shopify.com/s/files/1/0390/2985/products/VV_100ml_BodyOil1080x1080_06.jpg?v=1719216799,15,,,,,,,,,,,
vanilla-vibes-body-oil,,,,,,,,,,,,,,,,,,,,,,,,,https://cdn.shopify.com/s/files/1/0390/2985/products/VV_100ml_BodyOil1080x1080_08.jpg?v=1719216799,16,,,,,,,,,,,
vanilla-vibes-body-oil,,,,,,,,,,,,,,,,,,,,,,,,,https://cdn.shopify.com/s/files/1/0390/2985/products/VV_100ml_BodyOil1080x1080_09.jpg?v=1719216799,17,,,,,,,,,,,
vanilla-vibes-body-oil,,,,,,,,,,,,,,,,,,,,,,,,,https://cdn.shopify.com/s/files/1/0390/2985/products/VV_100ml_BodyOil1080x1080_10.jpg?v=1719216799,18,,,,,,,,,,,
vanilla-vibes-body-oil,,"<h4><b style=""color: #6f2c97;"">vanilla vibes body oil benefits:</b></h4>
<p style=""color: #6f2c97;"">*intensely moisturizes skin
<br>*nourishes and smoothens skin
<br>*lightweight and non-greasy
<br>*provides instant glow </p>

<h4><b style=""color: #6f2c97;"">features of vanilla vibes body oil:</b></h4>
<p style=""color: #6f2c97;"">*warm vanilla fragrance
<br>*enriched with 9 nourishing oils
<br>*absorbs quickly into skin
<br>*lightweight and non-greasy formula</p>
",Plum Goodness,,Single,"allstock, App  Collection 3, april_plumlegacy, aug_all, aug_under299, aug_under599, b2g2_cart_text, b2g2bday_2026, b3g3_cart_text, b4g4_cart_text, bday_b2g2, bday_bestseller, bestseller, bn_Deep moisturization, bn_Non-sticky, bn_Nourishes skin, bn_refreshing_fragrance, body lotion for winter, bonkers_under299, bonkers_under699, BRAND_PBL, breadcrumb_1_bodycare_url_plum-bodylovin, breadcrumb_2_body oils_url_bodylovin-body-oils, bubble_Sweet, bubble_Warm, combo_product_handel-bodylovin-drivin-me-cherry-body-oil_flavourname_Drivin' Me Cherry, combo_product_handel-hawaiian-rumba-body-oil_flavourname_Hawaiian Rumba, combo_product_handel-vanilla-vibes-body-oil_flavourname_Vanilla Vibes, concern_Dry Skin, CONCERNS_moisturises, flat_25_litlab, july25_b2g2, june_pricedrop, lit_vcbl, lit_vcedp, LLL_Min25, MAINCATEGORY_BODY, Mar25_10%off, non greasy, oct_any3, payday, pm_pricedrop, RANGE_Vanilla Vibes, sep_200to400, sep_400to600, sept_flat499, sept_noframe_flat299, Single, SKINTYPE_All skin types especially dry, soothing oil, SUBCATEGORY_Body Oil, ultra moisturiser, ultra moisturizer, vanilla oil, Winter_Nov25",TRUE,Size,100 ml,,,,,BLVV0100BDL5267,0,,0,deny,manual,257.00,299.00,TRUE,TRUE,8.91E+12,,,,,,,,g,,,,,active
naturstudio-all-day-wear-kohl-kajal,NaturStudio All-Day-Wear Kohl Kajal with FREE SHARPENER,"<h4><b style=""color: #6f2c97;"">kohl kajal benefits:</b></h4>
<p style=""color: #6f2c97;"">*intense pigment
<br>*100% smudge-proof and water-proof
<br>*looks just applied even after 12 hours
<br>*gel-like finish</p>

<h4><b style=""color: #6f2c97;"">features of kohl kajal:</b></h4>
<p style=""color: #6f2c97;"">*2-in-1 kajal cum liner
<br>*dermatologically and ophthalmologically tested and approved
<br>*rich in vitamin e for care and protection</p>",plumgoodness,,Single,"allstock, App  Collection 3, aug_all, aug_flat_399, b2g2_cart_text, b2g2bday_2026, b3g3_cart_text, b4g4_cart_text, bday_b2g2, bday_desi curly, bday_shankar, bn_2-in-1 Kajal-cum-Liner, bn_Smudge Proof, BRAND_PLUM, breadcrumb_1_makeup_url_makeup, breadcrumb_2_kajal_url_eye-make-up, bubble _EYES, bubble _Kajal, DEC_bestsellers, Festive ready makeup, freebie_coupon, july25_b2g2, MAINCATEGORY_MAKEUP, Mar25_10%off, oct_any3, Paraben free, payday, RANGE_NaturStudio, sep_400to600, sept_noframe_flat499, Single, SUBCATEGORY_EYES, SUBCATEGORY_Kajal, Vegan formula",TRUE,Title,Default Title,,,,,PLBB1000CMB0188,34,,0,deny,manual,424.00,499.00,TRUE,TRUE,737534800188,https://cdn.shopify.com/s/files/1/0390/2985/files/Listing_1st_Tile_Naturstudio_Kohl_Kajal_1001x1001_px.webp?v=1777974405,1,,,,,,g,,,,,active
naturstudio-all-day-wear-kohl-kajal,,,,,,,,,,,,,,,,,,,,,,,,,https://cdn.shopify.com/s/files/1/0390/2985/files/NSListing1WBG.png?v=1711510701,2,,,,,,,,,,,
naturstudio-all-day-wear-kohl-kajal,,,,,,,,,,,,,,,,,,,,,,,,,https://cdn.shopify.com/s/files/1/0390/2985/files/NSListing2ReasonstoLove.png?v=1711510702,3,,,,,,,,,,,
naturstudio-all-day-wear-kohl-kajal,,,,,,,,,,,,,,,,,,,,,,,,,https://cdn.shopify.com/s/files/1/0390/2985/files/NSListing3GoodnessInside.png?v=1711510702,4,,,,,,,,,,,
naturstudio-all-day-wear-kohl-kajal,,,,,,,,,,,,,,,,,,,,,,,,,https://cdn.shopify.com/s/files/1/0390/2985/files/NSListing4InShades.png?v=1711510701,5,,,,,,,,,,,
naturstudio-all-day-wear-kohl-kajal,,,,,,,,,,,,,,,,,,,,,,,,,https://cdn.shopify.com/s/files/1/0390/2985/files/NSListing5Tests_Claims.png?v=1711510703,6,,,,,,,,,,,
plum-bodylovin-hawaiian-rumba-body,Hawaiian Rumba Body Mist by BodyLovin',"<div class=""OutlineElement Ltr SCXW81884342 BCX8"">
<h4 class=""Paragraph SCXW81884342 BCX8"" paraid=""1309467680"" paraeid=""{e8b767f2-f205-4989-b7e2-e09e0854fb1b}{135}""><strong><span style=""color: rgb(111, 44, 151);""><span data-contrast=""auto"" lang=""EN-IN"" class=""TextRun SCXW81884342 BCX8"" xml:lang=""EN-IN""><span class=""NormalTextRun SCXW81884342 BCX8"">features of </span><span class=""NormalTextRun SCXW81884342 BCX8"">hawaiian</span><span class=""NormalTextRun SCXW81884342 BCX8""> rumba body mist:</span></span><span class=""EOP SCXW81884342 BCX8"" data-ccp-props='{""201341983"":0,""335557856"":16777215,""335559739"":180,""335559740"":240}'> </span></span></strong></h4>
</div>
<div class=""OutlineElement Ltr SCXW81884342 BCX8"">
<p class=""Paragraph SCXW81884342 BCX8"" paraid=""1603833400"" paraeid=""{e8b767f2-f205-4989-b7e2-e09e0854fb1b}{145}""><span style=""color: rgb(111, 44, 151);""><span data-contrast=""auto"" lang=""EN-IN"" class=""TextRun SCXW81884342 BCX8"" xml:lang=""EN-IN""><span class=""NormalTextRun SCXW81884342 BCX8"">*</span><span class=""NormalTextRun ContextualSpellingAndGrammarErrorV2Themed SCXW81884342 BCX8"">fruity</span><span class=""NormalTextRun SCXW81884342 BCX8""> cocktail fragrance</span></span><span class=""LineBreakBlob BlobObject DragDrop SCXW81884342 BCX8""><span class=""SCXW81884342 BCX8""> </span><br class=""SCXW81884342 BCX8""></span><span data-contrast=""auto"" lang=""EN-IN"" class=""TextRun SCXW81884342 BCX8"" xml:lang=""EN-IN""><span class=""NormalTextRun SCXW81884342 BCX8"">*cute &amp; convenient packaging</span></span><span class=""LineBreakBlob BlobObject DragDrop SCXW81884342 BCX8""><span class=""SCXW81884342 BCX8""> </span><br class=""SCXW81884342 BCX8""></span><span data-contrast=""auto"" lang=""EN-IN"" class=""TextRun SCXW81884342 BCX8"" xml:lang=""EN-IN""><span class=""NormalTextRun SCXW81884342 BCX8"">*multi-use as a body spray/perfume</span></span><span class=""EOP SCXW81884342 BCX8"" data-ccp-props='{""201341983"":0,""335557856"":16777215,""335559739"":240,""335559740"":240}'> </span></span></p>
</div>
<div class=""OutlineElement Ltr SCXW81884342 BCX8"">
<h4 class=""Paragraph SCXW81884342 BCX8"" paraid=""2056574995"" paraeid=""{e8b767f2-f205-4989-b7e2-e09e0854fb1b}{159}""><strong><span style=""color: rgb(111, 44, 151);""><span data-contrast=""auto"" lang=""EN-IN"" class=""TextRun SCXW81884342 BCX8"" xml:lang=""EN-IN""><span class=""NormalTextRun SCXW81884342 BCX8"">hawaiian</span><span class=""NormalTextRun SCXW81884342 BCX8""> rumba body mist benefits:</span></span><span class=""EOP SCXW81884342 BCX8"" data-ccp-props='{""201341983"":0,""335557856"":16777215,""335559739"":180,""335559740"":240}'> </span></span></strong></h4>
</div>
<div class=""OutlineElement Ltr SCXW81884342 BCX8"">
<p class=""Paragraph SCXW81884342 BCX8"" paraid=""591406150"" paraeid=""{e8b767f2-f205-4989-b7e2-e09e0854fb1b}{167}""><span style=""color: rgb(111, 44, 151);""><span data-contrast=""auto"" lang=""EN-IN"" class=""TextRun SCXW81884342 BCX8"" xml:lang=""EN-IN""><span class=""NormalTextRun SCXW81884342 BCX8"">*long-lasting scent</span></span><span class=""LineBreakBlob BlobObject DragDrop SCXW81884342 BCX8""><span class=""SCXW81884342 BCX8""> </span><br class=""SCXW81884342 BCX8""></span><span data-contrast=""auto"" lang=""EN-IN"" class=""TextRun SCXW81884342 BCX8"" xml:lang=""EN-IN""><span class=""NormalTextRun SCXW81884342 BCX8"">*travel-friendly </span><span class=""NormalTextRun SCXW81884342 BCX8"">&amp;</span><span class=""NormalTextRun SCXW81884342 BCX8""> easy to carry</span></span><span class=""EOP SCXW81884342 BCX8"" data-ccp-props='{""201341983"":0,""335557856"":16777215,""335559739"":240,""335559740"":240}'> </span></span></p>
</div>
<h4><b style=""color: #6f2c97;"">fragrance notes:</b></h4>
<p style=""color: #6f2c97;""><b>top notes:</b> pear, mandarin, litchi.</p>
<p style=""color: #6f2c97;""><b>middle notes:</b> gardenia, freesia, magnolia.</p>
<p style=""color: #6f2c97;""><b>base notes: </b> white musk, vanilla, musk</p>",Plum Goodness,,Single,"allstock, App  Collection 4, aug_all, aug_flat_299, aug_flat_399, b2g2_cart_text, b2g2bday_2026, b3g3_cart_text, b4g4_cart_text, bday_b2g2, bday_trending, bestseller, bonkers_under699, BRAND_PBL, breadcrumb_1_bodycare_url_plum-bodylovin, breadcrumb_2_body mists_url_bodylovin-body-mists, bubble_Aquatic, bubble_Floral, bubble_Fresh, bubble_Fruity, bubble_Musky, bubble_Sweet, CONCERNS_Fragrance, FNOTE_Freshbeachy, july25_b2g2, june_pricedrop, MAINCATEGORY_BODY, Mar25_10%off, nightmarket_everyday essentials, oct_any3, payday, pm_pricedrop, RANGE_Hawaiian Rumba, refreshers, sep_200to400, sep_400to600, sept_flat299, Single, SKINTYPE_All skin types, SUBCATEGORY_Body Mist, SUBCATEGORY_Combo, SUBCATEGORY_FRAGRANCE, summer_26",TRUE,Size,150ml,,,,,BLHR1150BMT0675,150,,0,deny,manual,456.00,550.00,TRUE,TRUE,8906118417353,https://cdn.shopify.com/s/files/1/0390/2985/files/150ml_HR_mist.webp?v=1777025328,1,,,,,,g,,,,,active
plum-bodylovin-hawaiian-rumba-body,,,,,,,,,,,,,,,,,,,,,,,,,https://cdn.shopify.com/s/files/1/0390/2985/files/HR_BM-150ml_Body-Mist_Amazon_1001x1001_02_5f5db9f2-dc80-409d-92f6-3813b6a68bbc.jpg?v=1769164791,2,,,,,,,,,,,
plum-bodylovin-hawaiian-rumba-body,,,,,,,,,,,,,,,,,,,,,,,,,https://cdn.shopify.com/s/files/1/0390/2985/files/HR_BM-150ml_Body-Mist_Amazon_1001x1001_01_09a76a56-800b-4b79-9aaa-fadb53454c63.jpg?v=1769164791,3,,,,,,,,,,,
plum-bodylovin-hawaiian-rumba-body,,,,,,,,,,,,,,,,,,,,,,,,,https://cdn.shopify.com/s/files/1/0390/2985/files/HR_BM-150ml_Body-Mist_Amazon_1001x1001_03_e161383f-ca6d-40dc-bf45-a6a6937db441.jpg?v=1769164791,4,,,,,,,,,,,
plum-bodylovin-hawaiian-rumba-body,,,,,,,,,,,,,,,,,,,,,,,,,https://cdn.shopify.com/s/files/1/0390/2985/files/HR_BM-150ml_Body-Mist_Amazon_1001x1001_04_524ab3f7-8a97-416a-bfcd-de3710e8e83e.jpg?v=1769164791,5,,,,,,,,,,,
plum-bodylovin-hawaiian-rumba-body,,,,,,,,,,,,,,,,,,,,,,,,,https://cdn.shopify.com/s/files/1/0390/2985/files/HR_BM-150ml_Body-Mist_Amazon_1001x1001_05_27765ce6-08e9-4c2c-a5e2-d8de27b703e0.jpg?v=1769164791,6,,,,,,,,,,,
plum-bodylovin-hawaiian-rumba-body,,,,,,,,,,,,,,,,,,,,,,,,,https://cdn.shopify.com/s/files/1/0390/2985/files/HR_BM-150ml_Body-Mist_Amazon_1001x1001_06_5fd0541a-c67f-4c49-8f55-2f22410eeab0.jpg?v=1769164792,7,,,,,,,,,,,
plum-bodylovin-hawaiian-rumba-body,,,,,,,,,,,,,,,,,,,,,,,,,https://cdn.shopify.com/s/files/1/0390/2985/files/HR_BM-150ml_Body-Mist_Amazon_1001x1001_07_efcd2844-4f39-4cb0-b4f2-51c3bd4686ab.jpg?v=1769164792,8,,,,,,,,,,,
plum-bodylovin-hawaiian-rumba-body,,,,,,,,,,,,,,,,,,,,,,,,,https://cdn.shopify.com/s/files/1/0390/2985/files/HR_BM-150ml_Body-Mist_Amazon_1001x1001_08_778f105c-29fc-47ef-bcde-e34b31ed28e9.jpg?v=1769164791,9,,,,,,,,,,,
plum-bodylovin-hawaiian-rumba-body,,,,,,,,,,,,,,,,,,,,,,,,,https://cdn.shopify.com/s/files/1/0390/2985/files/100ml_HR_mist.webp?v=1777025308,10,,,,,,,,,,,
plum-bodylovin-hawaiian-rumba-body,,,,,,,,,,,,,,,,,,,,,,,,,https://cdn.shopify.com/s/files/1/0390/2985/files/HR_BM100ml_02_e556e62f-0668-41cb-a3f7-08efacaa0763.jpg?v=1769164813,11,,,,,,,,,,,
plum-bodylovin-hawaiian-rumba-body,,,,,,,,,,,,,,,,,,,,,,,,,https://cdn.shopify.com/s/files/1/0390/2985/files/HR_BM-150ml_Body-Mist_Amazon_1001x1001_04_7fd1fcf0-38f4-4ebe-b103-46b160ae2e91.jpg?v=1769164857,12,,,,,,,,,,,
plum-bodylovin-hawaiian-rumba-body,,,,,,,,,,,,,,,,,,,,,,,,,https://cdn.shopify.com/s/files/1/0390/2985/files/HR_BM-150ml_Body-Mist_Amazon_1001x1001_05_25e871e9-5442-40c4-947e-bf997583da0f.jpg?v=1769164858,13,,,,,,,,,,,
plum-bodylovin-hawaiian-rumba-body,,,,,,,,,,,,,,,,,,,,,,,,,https://cdn.shopify.com/s/files/1/0390/2985/files/HR_BM-150ml_Body-Mist_Amazon_1001x1001_02_a3ec0fef-b20c-405a-b10b-e4e5ea8be582.jpg?v=1769164908,14,,,,,,,,,,,
plum-bodylovin-hawaiian-rumba-body,,,,,,,,,,,,,,,,,,,,,,,,,https://cdn.shopify.com/s/files/1/0390/2985/files/HR_BM-150ml_Body-Mist_Amazon_1001x1001_03_12bd1cbb-761b-4478-ac16-3c90f39d4039.jpg?v=1769164908,15,,,,,,,,,,,
plum-bodylovin-hawaiian-rumba-body,,,,,,,,,,,,,,,,,,,,,,,,,https://cdn.shopify.com/s/files/1/0390/2985/files/HR_BM-150ml_Body-Mist_Amazon_1001x1001_06_01054376-d7d0-4b2b-af82-f4d842a56680.jpg?v=1769164908,16,,,,,,,,,,,
plum-bodylovin-hawaiian-rumba-body,,,,,,,,,,,,,,,,,,,,,,,,,https://cdn.shopify.com/s/files/1/0390/2985/files/HR_BM-150ml_Body-Mist_Amazon_1001x1001_07_e91eba10-e867-4320-879b-9e7cfe79d2a4.jpg?v=1769164908,17,,,,,,,,,,,
plum-bodylovin-hawaiian-rumba-body,,,,,,,,,,,,,,,,,,,,,,,,,https://cdn.shopify.com/s/files/1/0390/2985/files/HR_BM-150ml_Body-Mist_Amazon_1001x1001_08_089101f2-dd7f-4031-b047-dedeab238c99.jpg?v=1769164908,18,,,,,,,,,,,
plum-bodylovin-hawaiian-rumba-body,,"<div class=""OutlineElement Ltr SCXW81884342 BCX8"">
<h4 class=""Paragraph SCXW81884342 BCX8"" paraid=""1309467680"" paraeid=""{e8b767f2-f205-4989-b7e2-e09e0854fb1b}{135}""><strong><span style=""color: rgb(111, 44, 151);""><span data-contrast=""auto"" lang=""EN-IN"" class=""TextRun SCXW81884342 BCX8"" xml:lang=""EN-IN""><span class=""NormalTextRun SCXW81884342 BCX8"">features of </span><span class=""NormalTextRun SCXW81884342 BCX8"">hawaiian</span><span class=""NormalTextRun SCXW81884342 BCX8""> rumba body mist:</span></span><span class=""EOP SCXW81884342 BCX8"" data-ccp-props='{""201341983"":0,""335557856"":16777215,""335559739"":180,""335559740"":240}'> </span></span></strong></h4>
</div>
<div class=""OutlineElement Ltr SCXW81884342 BCX8"">
<p class=""Paragraph SCXW81884342 BCX8"" paraid=""1603833400"" paraeid=""{e8b767f2-f205-4989-b7e2-e09e0854fb1b}{145}""><span style=""color: rgb(111, 44, 151);""><span data-contrast=""auto"" lang=""EN-IN"" class=""TextRun SCXW81884342 BCX8"" xml:lang=""EN-IN""><span class=""NormalTextRun SCXW81884342 BCX8"">*</span><span class=""NormalTextRun ContextualSpellingAndGrammarErrorV2Themed SCXW81884342 BCX8"">fruity</span><span class=""NormalTextRun SCXW81884342 BCX8""> cocktail fragrance</span></span><span class=""LineBreakBlob BlobObject DragDrop SCXW81884342 BCX8""><span class=""SCXW81884342 BCX8""> </span><br class=""SCXW81884342 BCX8""></span><span data-contrast=""auto"" lang=""EN-IN"" class=""TextRun SCXW81884342 BCX8"" xml:lang=""EN-IN""><span class=""NormalTextRun SCXW81884342 BCX8"">*cute &amp; convenient packaging</span></span><span class=""LineBreakBlob BlobObject DragDrop SCXW81884342 BCX8""><span class=""SCXW81884342 BCX8""> </span><br class=""SCXW81884342 BCX8""></span><span data-contrast=""auto"" lang=""EN-IN"" class=""TextRun SCXW81884342 BCX8"" xml:lang=""EN-IN""><span class=""NormalTextRun SCXW81884342 BCX8"">*multi-use as a body spray/perfume</span></span><span class=""EOP SCXW81884342 BCX8"" data-ccp-props='{""201341983"":0,""335557856"":16777215,""335559739"":240,""335559740"":240}'> </span></span></p>
</div>
<div class=""OutlineElement Ltr SCXW81884342 BCX8"">
<h4 class=""Paragraph SCXW81884342 BCX8"" paraid=""2056574995"" paraeid=""{e8b767f2-f205-4989-b7e2-e09e0854fb1b}{159}""><strong><span style=""color: rgb(111, 44, 151);""><span data-contrast=""auto"" lang=""EN-IN"" class=""TextRun SCXW81884342 BCX8"" xml:lang=""EN-IN""><span class=""NormalTextRun SCXW81884342 BCX8"">hawaiian</span><span class=""NormalTextRun SCXW81884342 BCX8""> rumba body mist benefits:</span></span><span class=""EOP SCXW81884342 BCX8"" data-ccp-props='{""201341983"":0,""335557856"":16777215,""335559739"":180,""335559740"":240}'> </span></span></strong></h4>
</div>
<div class=""OutlineElement Ltr SCXW81884342 BCX8"">
<p class=""Paragraph SCXW81884342 BCX8"" paraid=""591406150"" paraeid=""{e8b767f2-f205-4989-b7e2-e09e0854fb1b}{167}""><span style=""color: rgb(111, 44, 151);""><span data-contrast=""auto"" lang=""EN-IN"" class=""TextRun SCXW81884342 BCX8"" xml:lang=""EN-IN""><span class=""NormalTextRun SCXW81884342 BCX8"">*long-lasting scent</span></span><span class=""LineBreakBlob BlobObject DragDrop SCXW81884342 BCX8""><span class=""SCXW81884342 BCX8""> </span><br class=""SCXW81884342 BCX8""></span><span data-contrast=""auto"" lang=""EN-IN"" class=""TextRun SCXW81884342 BCX8"" xml:lang=""EN-IN""><span class=""NormalTextRun SCXW81884342 BCX8"">*travel-friendly </span><span class=""NormalTextRun SCXW81884342 BCX8"">&amp;</span><span class=""NormalTextRun SCXW81884342 BCX8""> easy to carry</span></span><span class=""EOP SCXW81884342 BCX8"" data-ccp-props='{""201341983"":0,""335557856"":16777215,""335559739"":240,""335559740"":240}'> </span></span></p>
</div>
<h4><b style=""color: #6f2c97;"">fragrance notes:</b></h4>
<p style=""color: #6f2c97;""><b>top notes:</b> pear, mandarin, litchi.</p>
<p style=""color: #6f2c97;""><b>middle notes:</b> gardenia, freesia, magnolia.</p>
<p style=""color: #6f2c97;""><b>base notes: </b> white musk, vanilla, musk</p>",Plum Goodness,,Single,"allstock, App  Collection 4, aug_all, aug_flat_299, aug_flat_399, b2g2_cart_text, b2g2bday_2026, b3g3_cart_text, b4g4_cart_text, bday_b2g2, bday_trending, bestseller, bonkers_under699, BRAND_PBL, breadcrumb_1_bodycare_url_plum-bodylovin, breadcrumb_2_body mists_url_bodylovin-body-mists, bubble_Aquatic, bubble_Floral, bubble_Fresh, bubble_Fruity, bubble_Musky, bubble_Sweet, CONCERNS_Fragrance, FNOTE_Freshbeachy, july25_b2g2, june_pricedrop, MAINCATEGORY_BODY, Mar25_10%off, nightmarket_everyday essentials, oct_any3, payday, pm_pricedrop, RANGE_Hawaiian Rumba, refreshers, sep_200to400, sep_400to600, sept_flat299, Single, SKINTYPE_All skin types, SUBCATEGORY_Body Mist, SUBCATEGORY_Combo, SUBCATEGORY_FRAGRANCE, summer_26",TRUE,Size,100ml,,,,,BLHR1100BMT7353,150,,0,deny,manual,327.00,395.00,TRUE,TRUE,8906118410675,,,,,,,,g,,,,,active
coconut-milk-peptides-strength-shine-shampoo,Coconut Milk & Peptides Shampoo For Soft & Shiny Hair,"<div class=""ewa-rteLine""><span style=""color: rgb(111, 44, 151);""><strong>benefits:</strong></span></div>
<div class=""ewa-rteLine""><br></div>
<div class=""ewa-rteLine""><span style=""color: rgb(111, 44, 151);"">* softens hair from inside out</span></div>
<div class=""ewa-rteLine""><span style=""color: rgb(111, 44, 151);"">* restores dry hair</span></div>
<div class=""ewa-rteLine""><span style=""color: rgb(111, 44, 151);"">* strengthens the cuticle</span></div>
<div class=""ewa-rteLine""><span style=""color: rgb(111, 44, 151);"">* boosts collagen synthesis</span></div>
<div class=""ewa-rteLine""><span style=""color: rgb(111, 44, 151);"">* protects from free radicals</span></div>
<div class=""ewa-rteLine""><span style=""color: rgb(111, 44, 151);"">* pH balanced</span></div>
<div class=""ewa-rteLine""><br></div>
<div class=""ewa-rteLine""><span style=""color: rgb(111, 44, 151);""><strong>features:</strong></span></div>
<div class=""ewa-rteLine""><br></div>
<div class=""ewa-rteLine""><span style=""color: rgb(111, 44, 151);"">* 100% vegan</span></div>
<div class=""ewa-rteLine""><span style=""color: rgb(111, 44, 151);"">* cruelty-free</span></div>
<div class=""ewa-rteLine""><span style=""color: rgb(111, 44, 151);"">* paraben free</span></div>
<div class=""ewa-rteLine""><span style=""color: rgb(111, 44, 151);"">* toxic-free</span></div>",Plum Goodness,,Single,"`Shampoo for Silky Hair, allstock, App  Collection 4, aug_all, aug_dermat, aug_flat_299, b2g2_cart_text, b2g2bday_2026, b3g3_cart_text, b4g4_cart_text, bday_b2g2, bday_desi curly, bday_exclusive, bday_rnd, bday_trending, bonkers_under299, BRAND_PLUM, breadcrumb_1_haircare_url_hair-offers, breadcrumb_2_shampoo_url_shampoo, bubble_Coconut milk & peptides, bubble_peptides, Clean, concern_Dullness & Uneven Texture, CONCERNS2_Dry Hair, CONCERNS2_Dullness, CONCERNS2_Rough Hair, CONCERNS_Dull hair, DEC_bestsellers, febnewlaunch, flat_25_litlab, goodhairwed, HAIRTYPE_All hair types, july25_b2g2, june_pricedrop, LLL_Min25, MAINCATEGORY_HAIR, nightmarket_everyday essentials, oct_any3, payday, pm_pricedrop, price drop, RANGE_Coconut, sep_200to400, sept_flat299, Single, SUBCATEGORY_Shampoo, summer_26, Winter_Nov25",TRUE,Size,750 ml,,,,,PLCN0750HRP9007,0,,0,deny,manual,636.00,849.00,TRUE,TRUE,,https://cdn.shopify.com/s/files/1/0390/2985/files/01-Moodshot_Texure-Coconut-Shampoo-750ml.webp?v=1782832585,1,,,,,,g,,,,,active
coconut-milk-peptides-strength-shine-shampoo,,,,,,,,,,,,,,,,,,,,,,,,,https://cdn.shopify.com/s/files/1/0390/2985/files/02_d51c6346-d354-4499-a589-906876faa7f6.webp?v=1782719028,2,,,,,,,,,,,
coconut-milk-peptides-strength-shine-shampoo,,,,,,,,,,,,,,,,,,,,,,,,,https://cdn.shopify.com/s/files/1/0390/2985/files/03_109d529b-78fd-47f1-9b4f-aa22b35f8226.webp?v=1782719027,3,,,,,,,,,,,
coconut-milk-peptides-strength-shine-shampoo,,,,,,,,,,,,,,,,,,,,,,,,,https://cdn.shopify.com/s/files/1/0390/2985/files/05-Coconut-Shampoo-750ml-Chemistry_509be6ff-0056-4ae6-8113-92f96fdcece0.webp?v=1782719027,4,,,,,,,,,,,
coconut-milk-peptides-strength-shine-shampoo,,,,,,,,,,,,,,,,,,,,,,,,,https://cdn.shopify.com/s/files/1/0390/2985/files/06-Coconut-Shampoo-750ml-Who-is-it-for_49145f8f-3580-4bd8-98ae-c2c1343bf3c9.webp?v=1782719028,5,,,,,,,,,,,
coconut-milk-peptides-strength-shine-shampoo,,,,,,,,,,,,,,,,,,,,,,,,,https://cdn.shopify.com/s/files/1/0390/2985/files/07-Coconut-Shampoo-750ml-Plumsters_a4f84b5f-8204-42cf-afe3-d86ef9a42a2b.webp?v=1782719028,6,,,,,,,,,,,
coconut-milk-peptides-strength-shine-shampoo,,,,,,,,,,,,,,,,,,,,,,,,,https://cdn.shopify.com/s/files/1/0390/2985/files/10-Coconut-Shampoo-750ml-How-to-use_cdfa1b8d-73bd-4c9b-ab08-c8e5f5af5349.webp?v=1782719028,7,,,,,,,,,,,
coconut-milk-peptides-strength-shine-shampoo,,,,,,,,,,,,,,,,,,,,,,,,,https://cdn.shopify.com/s/files/1/0390/2985/files/11-Coconut-Shampoo-750ml-Experience_d4919ae5-7d99-432f-b8f0-fb0cbd397b71.webp?v=1782719027,8,,,,,,,,,,,
coconut-milk-peptides-strength-shine-shampoo,,,,,,,,,,,,,,,,,,,,,,,,,https://cdn.shopify.com/s/files/1/0390/2985/files/12-Coconut-Shampoo-750ml-Peptides_652e467f-3169-4541-8fda-99d372484989.webp?v=1782719028,9,,,,,,,,,,,
coconut-milk-peptides-strength-shine-shampoo,,,,,,,,,,,,,,,,,,,,,,,,,https://cdn.shopify.com/s/files/1/0390/2985/files/13-Coconut-Shampoo-750ml-Made-Good_067c57b4-edf9-4d0c-917f-3229295cfd1c.webp?v=1782719028,10,,,,,,,,,,,
coconut-milk-peptides-strength-shine-shampoo,,,,,,,,,,,,,,,,,,,,,,,,,https://cdn.shopify.com/s/files/1/0390/2985/files/14-Coconut-Shampoo-750ml-Routine_00ccb6ca-a0b6-4ed0-a8f5-0765dd0eaf2b.webp?v=1782719027,11,,,,,,,,,,,
coconut-milk-peptides-strength-shine-shampoo,,,,,,,,,,,,,,,,,,,,,,,,,https://cdn.shopify.com/s/files/1/0390/2985/files/15-Coconut-Shampoo-750ml-WBG-BOP_e6ba5814-c598-4899-9e54-84587b9a1861.webp?v=1782719027,12,,,,,,,,,,,
coconut-milk-peptides-strength-shine-shampoo,,,,,,,,,,,,,,,,,,,,,,,,,https://cdn.shopify.com/s/files/1/0390/2985/files/16-Coconut-Shampoo-750ml-EAN_dd738304-857e-440d-9c74-b2bb54fd6c8b.webp?v=1782719026,13,,,,,,,,,,,
coconut-milk-peptides-strength-shine-shampoo,,,,,,,,,,,,,,,,,,,,,,,,,https://cdn.shopify.com/s/files/1/0390/2985/files/Listing_1st_Tile_Coconut_Shampoo_500ml_1001x1001_px_e31e92fa-0abb-4d20-bf94-7656277830be.webp?v=1783180219,14,,,,,,,,,,,
coconut-milk-peptides-strength-shine-shampoo,,,,,,,,,,,,,,,,,,,,,,,,,https://cdn.shopify.com/s/files/1/0390/2985/files/2_a2ed8952-8a9b-49dd-a497-97e4c02f0c13.jpg?v=1783180220,15,,,,,,,,,,,
coconut-milk-peptides-strength-shine-shampoo,,,,,,,,,,,,,,,,,,,,,,,,,https://cdn.shopify.com/s/files/1/0390/2985/files/3_30b6a82f-3b26-4d23-974c-9c9f4c66c7f4.jpg?v=1783180219,16,,,,,,,,,,,
coconut-milk-peptides-strength-shine-shampoo,,,,,,,,,,,,,,,,,,,,,,,,,https://cdn.shopify.com/s/files/1/0390/2985/files/4_f6812ab8-662a-4ae8-bb77-19251493f12b.jpg?v=1783180219,17,,,,,,,,,,,
coconut-milk-peptides-strength-shine-shampoo,,,,,,,,,,,,,,,,,,,,,,,,,https://cdn.shopify.com/s/files/1/0390/2985/files/5_01569610-7b53-4f71-a0e2-b710ef5a7a29.jpg?v=1783180219,18,,,,,,,,,,,
coconut-milk-peptides-strength-shine-shampoo,,,,,,,,,,,,,,,,,,,,,,,,,https://cdn.shopify.com/s/files/1/0390/2985/files/6_b6b9c381-c560-4355-b57c-0736eadae3d7.jpg?v=1783180219,19,,,,,,,,,,,
coconut-milk-peptides-strength-shine-shampoo,,,,,,,,,,,,,,,,,,,,,,,,,https://cdn.shopify.com/s/files/1/0390/2985/files/7_beb64aaa-a4bd-4524-8e28-6c18eaa38f63.jpg?v=1783180220,20,,,,,,,,,,,
coconut-milk-peptides-strength-shine-shampoo,,,,,,,,,,,,,,,,,,,,,,,,,https://cdn.shopify.com/s/files/1/0390/2985/files/8_c1d22e45-e199-48a7-a774-f43b4eaa7724.jpg?v=1783180219,21,,,,,,,,,,,
coconut-milk-peptides-strength-shine-shampoo,,,,,,,,,,,,,,,,,,,,,,,,,https://cdn.shopify.com/s/files/1/0390/2985/files/10_260cdcbc-5378-4954-b901-9312acacc3d5.jpg?v=1783180219,22,,,,,,,,,,,
coconut-milk-peptides-strength-shine-shampoo,,,,,,,,,,,,,,,,,,,,,,,,,https://cdn.shopify.com/s/files/1/0390/2985/files/Listing_1st_Tile_Coconut_Shampoo_250ml_1001x1001_px_1.webp?v=1783330227,23,,,,,,,,,,,
coconut-milk-peptides-strength-shine-shampoo,,,,,,,,,,,,,,,,,,,,,,,,,https://cdn.shopify.com/s/files/1/0390/2985/files/12_9ba5bc3f-ac2a-45c1-a0aa-80236ad18fc5.jpg?v=1783330227,24,,,,,,,,,,,
coconut-milk-peptides-strength-shine-shampoo,,,,,,,,,,,,,,,,,,,,,,,,,https://cdn.shopify.com/s/files/1/0390/2985/files/13_66ba8899-6914-4fdf-a9f2-4da057310775.jpg?v=1783330227,25,,,,,,,,,,,
coconut-milk-peptides-strength-shine-shampoo,,,,,,,,,,,,,,,,,,,,,,,,,https://cdn.shopify.com/s/files/1/0390/2985/files/14_c7e5bc26-9def-404e-b013-fd5b43bb122d.jpg?v=1783330227,26,,,,,,,,,,,
coconut-milk-peptides-strength-shine-shampoo,,,,,,,,,,,,,,,,,,,,,,,,,https://cdn.shopify.com/s/files/1/0390/2985/files/15_89896ac0-0160-47e6-8a86-0e452bfe63ab.jpg?v=1783330227,27,,,,,,,,,,,
coconut-milk-peptides-strength-shine-shampoo,,,,,,,,,,,,,,,,,,,,,,,,,https://cdn.shopify.com/s/files/1/0390/2985/files/16_c8eb8d82-dc6b-4bbe-be33-09278f71cc3c.jpg?v=1783330227,28,,,,,,,,,,,
coconut-milk-peptides-strength-shine-shampoo,,,,,,,,,,,,,,,,,,,,,,,,,https://cdn.shopify.com/s/files/1/0390/2985/files/17_69163514-f5b7-49d3-900b-e5c5b544c6ea.jpg?v=1783330228,29,,,,,,,,,,,
coconut-milk-peptides-strength-shine-shampoo,,,,,,,,,,,,,,,,,,,,,,,,,https://cdn.shopify.com/s/files/1/0390/2985/files/18_b0abe118-e7c5-4611-af3a-c223d40e6241.jpg?v=1783330227,30,,,,,,,,,,,
coconut-milk-peptides-strength-shine-shampoo,,,,,,,,,,,,,,,,,,,,,,,,,https://cdn.shopify.com/s/files/1/0390/2985/files/19_62cd1c9b-fad2-446d-8daf-a33736d2c954.jpg?v=1783330227,31,,,,,,,,,,,
coconut-milk-peptides-strength-shine-shampoo,,,,,,,,,,,,,,,,,,,,,,,,,https://cdn.shopify.com/s/files/1/0390/2985/files/20_2cc2ad50-d628-4a5b-af7e-225c26152fcc.jpg?v=1783330227,32,,,,,,,,,,,
coconut-milk-peptides-strength-shine-shampoo,,,,,,,,,,,,,,,,,,,,,,,,,https://cdn.shopify.com/s/files/1/0390/2985/files/21_36210b58-067d-4627-9c9b-b43f06a1193d.jpg?v=1783330227,33,,,,,,,,,,,
coconut-milk-peptides-strength-shine-shampoo,,,,,,,,,,,,,,,,,,,,,,,,,https://cdn.shopify.com/s/files/1/0390/2985/files/Combo-SKUs-Coconut-Shampoo-500ml-Duo-1st-Tile-1001x1001-px_2_153f55f7-1bbf-4d43-a9f6-42a43bbde0d0.webp?v=1784718618,34,,,,,,,,,,,
coconut-milk-peptides-strength-shine-shampoo,,,,,,,,,,,,,,,,,,,,,,,,,https://cdn.shopify.com/s/files/1/0390/2985/files/Coconut-Shampoo-500ml-Nykaa-Listing-08_1d39e9ad-7ce1-4638-a03f-b60487b50c04.jpg?v=1784718636,35,,,,,,,,,,,
coconut-milk-peptides-strength-shine-shampoo,,,,,,,,,,,,,,,,,,,,,,,,,https://cdn.shopify.com/s/files/1/0390/2985/files/Coconut-Shampoo-500ml-Nykaa-Listing-09_1c9bd436-62e6-4659-bd55-e602883a2c34.jpg?v=1784718636,36,,,,,,,,,,,
coconut-milk-peptides-strength-shine-shampoo,,,,,,,,,,,,,,,,,,,,,,,,,https://cdn.shopify.com/s/files/1/0390/2985/files/Coconut-Shampoo-500ml-Nykaa-Listing-05_0d9f454d-5af6-4be7-b062-5c1982f4fd59.jpg?v=1784718636,37,,,,,,,,,,,
coconut-milk-peptides-strength-shine-shampoo,,,,,,,,,,,,,,,,,,,,,,,,,https://cdn.shopify.com/s/files/1/0390/2985/files/Coconut-Shampoo-500ml-Nykaa-Listing-06_91dd1448-455e-46bf-8ac2-88a6d79aebe2.jpg?v=1784718636,38,,,,,,,,,,,
coconut-milk-peptides-strength-shine-shampoo,,,,,,,,,,,,,,,,,,,,,,,,,https://cdn.shopify.com/s/files/1/0390/2985/files/Coconut-Shampoo-500ml-Nykaa-Listing-07_be442f73-50cc-478a-9c55-0034f60bbdce.jpg?v=1784718636,39,,,,,,,,,,,
coconut-milk-peptides-strength-shine-shampoo,,,,,,,,,,,,,,,,,,,,,,,,,https://cdn.shopify.com/s/files/1/0390/2985/files/Coconut-Shampoo-500ml-Nykaa-Listing-10_0f652bcc-218a-4138-b35c-1ca02dfa3cf7.jpg?v=1784718636,40,,,,,,,,,,,
coconut-milk-peptides-strength-shine-shampoo,,,,,,,,,,,,,,,,,,,,,,,,,https://cdn.shopify.com/s/files/1/0390/2985/files/Coconut-Shampoo-500ml-Nykaa-Listing-11_63ce728a-7d65-476b-a4f1-1c5b777b985e.jpg?v=1784718636,41,,,,,,,,,,,
coconut-milk-peptides-strength-shine-shampoo,,,,,,,,,,,,,,,,,,,,,,,,,https://cdn.shopify.com/s/files/1/0390/2985/files/Coconut-Shampoo-500ml-Nykaa-Listing-12_a15ab846-93b9-495b-a460-c181027666e8.jpg?v=1784718636,42,,,,,,,,,,,
coconut-milk-peptides-strength-shine-shampoo,,,,,,,,,,,,,,,,,,,,,,,,,https://cdn.shopify.com/s/files/1/0390/2985/files/Coconut-Shampoo-500ml-Nykaa-Listing-13_8fc2e01d-7031-43e6-9e32-8e9593a8cd83.jpg?v=1784718636,43,,,,,,,,,,,
coconut-milk-peptides-strength-shine-shampoo,,,,,,,,,,,,,,,,,,,,,,,,,https://cdn.shopify.com/s/files/1/0390/2985/files/Coconut-Shampoo-500ml-Nykaa-Listing-14_138c8e2a-2450-4d01-a171-1f7521292fba.jpg?v=1784718636,44,,,,,,,,,,,
coconut-milk-peptides-strength-shine-shampoo,,,,,,,,,,,,,,,,,,,,,,,,,https://cdn.shopify.com/s/files/1/0390/2985/files/Coconut-Shampoo-500ml-Nykaa-Listing-15_a425cfc7-7d2a-4840-b9e7-d02c9c7d6c86.jpg?v=1784718637,45,,,,,,,,,,,
coconut-milk-peptides-strength-shine-shampoo,,"<div class=""ewa-rteLine""><span style=""color: rgb(111, 44, 151);""><strong>benefits:</strong></span></div>
<div class=""ewa-rteLine""><br></div>
<div class=""ewa-rteLine""><span style=""color: rgb(111, 44, 151);"">* softens hair from inside out</span></div>
<div class=""ewa-rteLine""><span style=""color: rgb(111, 44, 151);"">* restores dry hair</span></div>
<div class=""ewa-rteLine""><span style=""color: rgb(111, 44, 151);"">* strengthens the cuticle</span></div>
<div class=""ewa-rteLine""><span style=""color: rgb(111, 44, 151);"">* boosts collagen synthesis</span></div>
<div class=""ewa-rteLine""><span style=""color: rgb(111, 44, 151);"">* protects from free radicals</span></div>
<div class=""ewa-rteLine""><span style=""color: rgb(111, 44, 151);"">* pH balanced</span></div>
<div class=""ewa-rteLine""><br></div>
<div class=""ewa-rteLine""><span style=""color: rgb(111, 44, 151);""><strong>features:</strong></span></div>
<div class=""ewa-rteLine""><br></div>
<div class=""ewa-rteLine""><span style=""color: rgb(111, 44, 151);"">* 100% vegan</span></div>
<div class=""ewa-rteLine""><span style=""color: rgb(111, 44, 151);"">* cruelty-free</span></div>
<div class=""ewa-rteLine""><span style=""color: rgb(111, 44, 151);"">* paraben free</span></div>
<div class=""ewa-rteLine""><span style=""color: rgb(111, 44, 151);"">* toxic-free</span></div>",Plum Goodness,,Single,"`Shampoo for Silky Hair, allstock, App  Collection 4, aug_all, aug_dermat, aug_flat_299, b2g2_cart_text, b2g2bday_2026, b3g3_cart_text, b4g4_cart_text, bday_b2g2, bday_desi curly, bday_exclusive, bday_rnd, bday_trending, bonkers_under299, BRAND_PLUM, breadcrumb_1_haircare_url_hair-offers, breadcrumb_2_shampoo_url_shampoo, bubble_Coconut milk & peptides, bubble_peptides, Clean, concern_Dullness & Uneven Texture, CONCERNS2_Dry Hair, CONCERNS2_Dullness, CONCERNS2_Rough Hair, CONCERNS_Dull hair, DEC_bestsellers, febnewlaunch, flat_25_litlab, goodhairwed, HAIRTYPE_All hair types, july25_b2g2, june_pricedrop, LLL_Min25, MAINCATEGORY_HAIR, nightmarket_everyday essentials, oct_any3, payday, pm_pricedrop, price drop, RANGE_Coconut, sep_200to400, sept_flat299, Single, SUBCATEGORY_Shampoo, summer_26, Winter_Nov25",TRUE,Size,500 ml,,,,,PLCN1500HRP4736,0,,0,deny,manual,464.00,535.00,TRUE,TRUE,,,,,,,,,g,,,,,active
coconut-milk-peptides-strength-shine-shampoo,,"<div class=""ewa-rteLine""><span style=""color: rgb(111, 44, 151);""><strong>benefits:</strong></span></div>
<div class=""ewa-rteLine""><br></div>
<div class=""ewa-rteLine""><span style=""color: rgb(111, 44, 151);"">* softens hair from inside out</span></div>
<div class=""ewa-rteLine""><span style=""color: rgb(111, 44, 151);"">* restores dry hair</span></div>
<div class=""ewa-rteLine""><span style=""color: rgb(111, 44, 151);"">* strengthens the cuticle</span></div>
<div class=""ewa-rteLine""><span style=""color: rgb(111, 44, 151);"">* boosts collagen synthesis</span></div>
<div class=""ewa-rteLine""><span style=""color: rgb(111, 44, 151);"">* protects from free radicals</span></div>
<div class=""ewa-rteLine""><span style=""color: rgb(111, 44, 151);"">* pH balanced</span></div>
<div class=""ewa-rteLine""><br></div>
<div class=""ewa-rteLine""><span style=""color: rgb(111, 44, 151);""><strong>features:</strong></span></div>
<div class=""ewa-rteLine""><br></div>
<div class=""ewa-rteLine""><span style=""color: rgb(111, 44, 151);"">* 100% vegan</span></div>
<div class=""ewa-rteLine""><span style=""color: rgb(111, 44, 151);"">* cruelty-free</span></div>
<div class=""ewa-rteLine""><span style=""color: rgb(111, 44, 151);"">* paraben free</span></div>
<div class=""ewa-rteLine""><span style=""color: rgb(111, 44, 151);"">* toxic-free</span></div>",Plum Goodness,,Single,"`Shampoo for Silky Hair, allstock, App  Collection 4, aug_all, aug_dermat, aug_flat_299, b2g2_cart_text, b2g2bday_2026, b3g3_cart_text, b4g4_cart_text, bday_b2g2, bday_desi curly, bday_exclusive, bday_rnd, bday_trending, bonkers_under299, BRAND_PLUM, breadcrumb_1_haircare_url_hair-offers, breadcrumb_2_shampoo_url_shampoo, bubble_Coconut milk & peptides, bubble_peptides, Clean, concern_Dullness & Uneven Texture, CONCERNS2_Dry Hair, CONCERNS2_Dullness, CONCERNS2_Rough Hair, CONCERNS_Dull hair, DEC_bestsellers, febnewlaunch, flat_25_litlab, goodhairwed, HAIRTYPE_All hair types, july25_b2g2, june_pricedrop, LLL_Min25, MAINCATEGORY_HAIR, nightmarket_everyday essentials, oct_any3, payday, pm_pricedrop, price drop, RANGE_Coconut, sep_200to400, sept_flat299, Single, SUBCATEGORY_Shampoo, summer_26, Winter_Nov25",TRUE,Size,250 ml,,,,,PLCN2250HRP0813,0,,0,deny,manual,300.00,345.00,TRUE,TRUE,8904430200813,,,,,,,,g,,,,,active
coconut-milk-peptides-strength-shine-shampoo,,"<div class=""ewa-rteLine""><span style=""color: rgb(111, 44, 151);""><strong>benefits:</strong></span></div>
<div class=""ewa-rteLine""><br></div>
<div class=""ewa-rteLine""><span style=""color: rgb(111, 44, 151);"">* softens hair from inside out</span></div>
<div class=""ewa-rteLine""><span style=""color: rgb(111, 44, 151);"">* restores dry hair</span></div>
<div class=""ewa-rteLine""><span style=""color: rgb(111, 44, 151);"">* strengthens the cuticle</span></div>
<div class=""ewa-rteLine""><span style=""color: rgb(111, 44, 151);"">* boosts collagen synthesis</span></div>
<div class=""ewa-rteLine""><span style=""color: rgb(111, 44, 151);"">* protects from free radicals</span></div>
<div class=""ewa-rteLine""><span style=""color: rgb(111, 44, 151);"">* pH balanced</span></div>
<div class=""ewa-rteLine""><br></div>
<div class=""ewa-rteLine""><span style=""color: rgb(111, 44, 151);""><strong>features:</strong></span></div>
<div class=""ewa-rteLine""><br></div>
<div class=""ewa-rteLine""><span style=""color: rgb(111, 44, 151);"">* 100% vegan</span></div>
<div class=""ewa-rteLine""><span style=""color: rgb(111, 44, 151);"">* cruelty-free</span></div>
<div class=""ewa-rteLine""><span style=""color: rgb(111, 44, 151);"">* paraben free</span></div>
<div class=""ewa-rteLine""><span style=""color: rgb(111, 44, 151);"">* toxic-free</span></div>",Plum Goodness,,Single,"`Shampoo for Silky Hair, allstock, App  Collection 4, aug_all, aug_dermat, aug_flat_299, b2g2_cart_text, b2g2bday_2026, b3g3_cart_text, b4g4_cart_text, bday_b2g2, bday_desi curly, bday_exclusive, bday_rnd, bday_trending, bonkers_under299, BRAND_PLUM, breadcrumb_1_haircare_url_hair-offers, breadcrumb_2_shampoo_url_shampoo, bubble_Coconut milk & peptides, bubble_peptides, Clean, concern_Dullness & Uneven Texture, CONCERNS2_Dry Hair, CONCERNS2_Dullness, CONCERNS2_Rough Hair, CONCERNS_Dull hair, DEC_bestsellers, febnewlaunch, flat_25_litlab, goodhairwed, HAIRTYPE_All hair types, july25_b2g2, june_pricedrop, LLL_Min25, MAINCATEGORY_HAIR, nightmarket_everyday essentials, oct_any3, payday, pm_pricedrop, price drop, RANGE_Coconut, sep_200to400, sept_flat299, Single, SUBCATEGORY_Shampoo, summer_26, Winter_Nov25",TRUE,Size,500 ml x 2,,,,,PLMU0SMTVRT808,0,,0,deny,manual,866.00,1070.00,TRUE,TRUE,,,,,,,,,g,,,,,active
niacinamide-face-serum-with-rice-water-amino-acid-vegan-30-ml,5% Niacinamide & Rice Water Brightening Face Serum For Clear & Bright Skin,"<h4><b style=""color: #6f2c97;"">5% niacinamide face serum benefits:</b></h4>
<p style=""color: #6f2c97;"">*brightens skin
<br>*fades blemishes
<br>*improves skin texture
<br>*hydrates &amp; plumps skin  </p>

<h4><b style=""color: #6f2c97;"">features of 5% niacinamide face serum: </b></h4>
<p style=""color: #6f2c97;"">*lightweights &amp; quick absorbing
<br>*fragrance-free
<br>*stability-tested
<br>*beginner-friendly </p>",Plum Goodness,,Single,"allstock, Amino Acid Complex, App  Collection 4, aug_all, aug_dermat, aug_under599, b2g2_cart_text, b2g2bday_2026, b3g3_cart_text, b4g4_cart_text, bday_b2g2, bday_bestseller, bday_desi curly, benefits_glow bright, bn_brightens skin, bn_Clarifies skin, bn_smoothens skin, bonkers_under699, BRAND_PLUM, breadcrumb_1_skincare_url_skincare, breadcrumb_2_face serums_url_face-serums, bubble_ Rice Water, bubble_Niacinamide, CONCERNS2_Blemishes, CONCERNS2_Oil Control, CONCERNS2_Uneven Skin, CONCERNS_Blemishes/Uneven Skin, hot selling, ingredient-niacinamide, july25_b2g2, lit_niagel, lit_niaserum, lit_niass, lit_niatoner, MAINCATEGORY_SKIN, Mar25_10%off, Nia serum, nightmarket_serum, payday, pore minimizing serums, Quick-absorbing, RANGE_Niacinamide, sep_400to600, sept_noframe_flat599, serums for acne prone skin, serums for oily skin, serums for open pores, Single, SKINTYPE_All skin types, SUBCATEGORY_Face Serum, SUBCATEGORY_Face Serum & Oils, summer_26, Treat",TRUE,Title,Default Title,,,,,PLNC0030FSE6486,0,,0,deny,manual,509.00,599.00,TRUE,TRUE,,https://cdn.shopify.com/s/files/1/0390/2985/files/Listing_1st_Tile_Nia_5_Serum_1001x1001_px.webp?v=1776771266,1,,,,,,g,,,,,active
niacinamide-face-serum-with-rice-water-amino-acid-vegan-30-ml,,,,,,,,,,,,,,,,,,,,,,,,,https://cdn.shopify.com/s/files/1/0390/2985/files/Nia-5_-Serum_Listing_Amazon_1001x1001_06.jpg?v=1776771266,2,,,,,,,,,,,
niacinamide-face-serum-with-rice-water-amino-acid-vegan-30-ml,,,,,,,,,,,,,,,,,,,,,,,,,https://cdn.shopify.com/s/files/1/0390/2985/files/Nia-5_-Serum_Listing_Amazon_1001x1001_07.jpg?v=1776771266,3,,,,,,,,,,,
niacinamide-face-serum-with-rice-water-amino-acid-vegan-30-ml,,,,,,,,,,,,,,,,,,,,,,,,,https://cdn.shopify.com/s/files/1/0390/2985/files/Nia-5_-Serum_Listing_Amazon_1001x1001_08.jpg?v=1776771266,4,,,,,,,,,,,
niacinamide-face-serum-with-rice-water-amino-acid-vegan-30-ml,,,,,,,,,,,,,,,,,,,,,,,,,https://cdn.shopify.com/s/files/1/0390/2985/files/Nia-5_-Serum_Listing_Amazon_1001x1001_09.jpg?v=1776771266,5,,,,,,,,,,,
niacinamide-face-serum-with-rice-water-amino-acid-vegan-30-ml,,,,,,,,,,,,,,,,,,,,,,,,,https://cdn.shopify.com/s/files/1/0390/2985/files/Nia-5_-Serum_Listing_Amazon_1001x1001_10.jpg?v=1776771266,6,,,,,,,,,,,
niacinamide-face-serum-with-rice-water-amino-acid-vegan-30-ml,,,,,,,,,,,,,,,,,,,,,,,,,https://cdn.shopify.com/s/files/1/0390/2985/files/Nia-5_-Serum_Listing_Amazon_1001x1001_11.jpg?v=1776771266,7,,,,,,,,,,,
niacinamide-face-serum-with-rice-water-amino-acid-vegan-30-ml,,,,,,,,,,,,,,,,,,,,,,,,,https://cdn.shopify.com/s/files/1/0390/2985/files/Nia-5_-Serum_Listing_Amazon_1001x1001_12.jpg?v=1776771266,8,,,,,,,,,,,
niacinamide-face-serum-with-rice-water-amino-acid-vegan-30-ml,,,,,,,,,,,,,,,,,,,,,,,,,https://cdn.shopify.com/s/files/1/0390/2985/files/Nia-5_-Serum_Listing_Amazon_1001x1001_13.jpg?v=1776771266,9,,,,,,,,,,,
2-niacinamide-rice-water-face-wash,2% Niacinamide & Rice Water Face Wash For Clear & Bright Skin,"<div class=""ewa-rteLine"">
<div class=""ewa-rteLine""><span style=""color: rgb(111, 44, 151);""><strong>Benefits:</strong></span></div>
<div class=""ewa-rteLine""><span style=""color: rgb(111, 44, 151);"">*removes 99% pore-clogging impurities</span></div>
<div class=""ewa-rteLine""><span style=""color: rgb(111, 44, 151);"">*90% users felt clean, fresh skin</span></div>
<div class=""ewa-rteLine""><span style=""color: rgb(111, 44, 151);"">*brightens skin tone</span></div>
<div class=""ewa-rteLine""><span style=""color: rgb(111, 44, 151);"">*softens &amp; smoothens skin texture</span></div>
<div class=""ewa-rteLine""><span style=""color: rgb(111, 44, 151);"">*gently cleanses off dirt &amp; excess oil</span></div>
<div class=""ewa-rteLine""><br></div>
<div class=""ewa-rteLine""><span style=""color: rgb(111, 44, 151);""><strong>Features:</strong></span></div>
<div class=""ewa-rteLine""><span style=""color: rgb(111, 44, 151);"">*gentle on skin</span></div>
<div class=""ewa-rteLine""><span style=""color: rgb(111, 44, 151);"">*non-drying formula</span></div>
<div class=""ewa-rteLine""><span style=""color: rgb(111, 44, 151);"">*sulphate-free</span></div>
</div>

<h2>Why niacinamide and rice water?</h2>
<p>Most face washes clean skin and stop there. This one goes further. Niacinamide — also known as vitamin B3 — is one of the most extensively researched skincare actives in dermatology. At 2%, it works at the cellular level to reduce the transfer of melanin to the skin's surface, visibly fading dark spots and post-acne marks with consistent use. It also regulates sebum production, which means oily skin stays balanced rather than stripped and compensating with even more oil.</p>

<p>Rice water has been used in Asian skincare for centuries, and modern research backs what tradition already knew. It contains inositol, a carbohydrate that helps repair damaged hair and skin, along with amino acids and vitamins B and E that smooth texture and strengthen the skin barrier. Together, niacinamide and rice water don't just cleanse — they actively improve the quality of your skin with every wash.</p>

<h2>What the clinical study found</h2>
<p>This face wash was tested in a 32-user clinical study conducted at an independent, expert-graded lab in December 2024. The results: 99% removal of pore-clogging impurities and 90% of users reported clean, fresh-feeling skin after every use. The study also confirmed the formula is non-irritant, making it suitable for daily use across all skin types including sensitive skin.</p>

<h2>The full ingredient story</h2>
<p>Beyond niacinamide and rice water, two more actives do important work in this formula. Hyaluronic acid — a molecule capable of holding up to 1,000 times its weight in water — helps the skin retain moisture during and after cleansing, so skin never feels tight or dry post-wash. Provitamin B5 (panthenol) acts as a humectant and skin-soother, reducing redness and supporting the skin barrier. The cleansing base itself is sulphate-free, relying on gentler surfactants like Cocamidopropyl Betaine and Coco Glucoside that lift dirt and oil without disrupting the skin's natural pH.</p>

<h2>Who this face wash is for</h2>
<p>This face wash was formulated for anyone dealing with dullness, uneven skin tone, post-acne marks, or dry and tight-feeling skin after cleansing. It works particularly well for normal, dry, and combination skin types. If your primary concern is brightening and texture improvement rather than active acne or severe oil control, this is the right cleanser. It is also a strong choice for anyone who has experienced irritation or dryness from other face washes, since the sulphate-free, non-drying formula is gentle enough for twice-daily use even on sensitive skin.</p>

<h2>How to fit this into your skincare routine</h2>
<p>Use this face wash as the first step in both your morning and evening skincare routines. In the morning, follow it with a toner, a niacinamide or vitamin C serum, moisturiser, and SPF. In the evening, if you are using active ingredients like retinol or an AHA serum, this face wash is gentle enough to precede them without compromising your skin barrier. For best results, use consistently twice daily — brightening and dark spot reduction from niacinamide typically become noticeable within 4 to 6 weeks of regular use.</p>",Plum Goodness,,Single,"40offclean, allstock, App  Collection 6, aug_all, aug_dermat, b2g2_cart_text, b2g2bday_2026, b3g3_cart_text, b4g4_cart_text, bday_b2g2, bonkers_under299, BRAND_PLUM, bubble _Face Wash, bubble_ Combination Skin, bubble_ Dry Skin, bubble_ Normal Skin, bubble_ Oily Skin, bubble_ Rice Water, bubble_Niacinamide, de tan face wash, face cleansers for dry skin, face wash for dark spots, face wash for oily acne prone skin, face wash for oily skin, Face wash for skin pigmentation, face wash for uneven skin tone, face washes for all skin types, face washes for dry skin, face washes for sensitive skin, Insta_dec25, july25_b2g2, lit_niagel, lit_niaserum, lit_niass, lit_niatoner, MAINCATEGORY_SKIN, nightmarket_everyday essentials, oct_any3, oil free face wash, pm_pricedrop, RANGE_Niacinamide, sep_200to400, sept_noframe_flat299, Single, skin brightening face wash, SUBCATEGORY_Face Wash, summer_26, Winter_Nov25",TRUE,Size,150 ml,,,,,PLRW1150FWA5948,0,,0,deny,manual,343.00,395.00,TRUE,TRUE,8904430205948,https://cdn.shopify.com/s/files/1/0390/2985/files/Listing_1st_Tile_Nia_FW_150ml_1001x1001_px.webp?v=1777960770,1,,,,,,g,,,,,active
2-niacinamide-rice-water-face-wash,,,,,,,,,,,,,,,,,,,,,,,,,https://cdn.shopify.com/s/files/1/0390/2985/files/03_clinicallyproven_Amazon_1001x1001_R4.jpg?v=1773155348,2,,,,,,,,,,,
2-niacinamide-rice-water-face-wash,,,,,,,,,,,,,,,,,,,,,,,,,https://cdn.shopify.com/s/files/1/0390/2985/files/04-Chemistry-Inside_Amazon_1001x1001_R4.jpg?v=1773155348,3,,,,,,,,,,,
2-niacinamide-rice-water-face-wash,,,,,,,,,,,,,,,,,,,,,,,,,https://cdn.shopify.com/s/files/1/0390/2985/files/05-Plumster-Love-It_Amazon_1001x1001_R4.jpg?v=1773155348,4,,,,,,,,,,,
2-niacinamide-rice-water-face-wash,,,,,,,,,,,,,,,,,,,,,,,,,https://cdn.shopify.com/s/files/1/0390/2985/files/06-How-To-Use_Amazon_1001x1001_R4.jpg?v=1773155348,5,,,,,,,,,,,
2-niacinamide-rice-water-face-wash,,,,,,,,,,,,,,,,,,,,,,,,,https://cdn.shopify.com/s/files/1/0390/2985/files/07-Who-Is-It-For_Amazon_1001x1001_R4.jpg?v=1773155348,6,,,,,,,,,,,
2-niacinamide-rice-water-face-wash,,,,,,,,,,,,,,,,,,,,,,,,,https://cdn.shopify.com/s/files/1/0390/2985/files/08-Made-good-without_Amazon_1001x1001_R4.jpg?v=1773155348,7,,,,,,,,,,,
2-niacinamide-rice-water-face-wash,,,,,,,,,,,,,,,,,,,,,,,,,https://cdn.shopify.com/s/files/1/0390/2985/files/09_Routine_Master_Amazon_1001x1001_R4.jpg?v=1773155348,8,,,,,,,,,,,
2-niacinamide-rice-water-face-wash,,,,,,,,,,,,,,,,,,,,,,,,,https://cdn.shopify.com/s/files/1/0390/2985/files/WBG-BOP_Amazon_1001x1001_3e873943-cfa5-4904-8c28-9ab809ee0d85.jpg?v=1773155348,9,,,,,,,,,,,
2-niacinamide-rice-water-face-wash,,,,,,,,,,,,,,,,,,,,,,,,,https://cdn.shopify.com/s/files/1/0390/2985/files/Listing_1st_Tile_Nia_FW_100ml_1001x1001_px.webp?v=1777960778,10,,,,,,,,,,,
2-niacinamide-rice-water-face-wash,,,,,,,,,,,,,,,,,,,,,,,,,https://cdn.shopify.com/s/files/1/0390/2985/files/03_clinicallyproven_Amazon_1001x1001_R4_015dbbaa-2508-4820-9c88-7963d321525d.jpg?v=1773155348,11,,,,,,,,,,,
2-niacinamide-rice-water-face-wash,,,,,,,,,,,,,,,,,,,,,,,,,https://cdn.shopify.com/s/files/1/0390/2985/files/04_Chemistry-Inside_Amazon_1001x1001_R4.jpg?v=1773155348,12,,,,,,,,,,,
2-niacinamide-rice-water-face-wash,,,,,,,,,,,,,,,,,,,,,,,,,https://cdn.shopify.com/s/files/1/0390/2985/files/05_Plumster-Love-It_Amazon_1001x1001_R4.jpg?v=1773155348,13,,,,,,,,,,,
2-niacinamide-rice-water-face-wash,,,,,,,,,,,,,,,,,,,,,,,,,https://cdn.shopify.com/s/files/1/0390/2985/files/06_How-To-Use_Amazon_1001x1001_R4.jpg?v=1773155348,14,,,,,,,,,,,
2-niacinamide-rice-water-face-wash,,,,,,,,,,,,,,,,,,,,,,,,,https://cdn.shopify.com/s/files/1/0390/2985/files/07_Who-Is-It-For_Amazon_1001x1001_R4.jpg?v=1773155348,15,,,,,,,,,,,
2-niacinamide-rice-water-face-wash,,,,,,,,,,,,,,,,,,,,,,,,,https://cdn.shopify.com/s/files/1/0390/2985/files/08_Made-good-without_Amazon_1001x1001_R4.jpg?v=1773155348,16,,,,,,,,,,,
2-niacinamide-rice-water-face-wash,,,,,,,,,,,,,,,,,,,,,,,,,https://cdn.shopify.com/s/files/1/0390/2985/files/09_Routine_Master_Amazon_1001x1001_R4_4df60d3b-3753-4453-9373-81ae98a642e9.jpg?v=1773155348,17,,,,,,,,,,,
2-niacinamide-rice-water-face-wash,,,,,,,,,,,,,,,,,,,,,,,,,https://cdn.shopify.com/s/files/1/0390/2985/files/WBG-BOP_Amazon_1001x1001_b92d0aac-e632-4d1f-ac23-212b849a0faf.jpg?v=1773155348,18,,,,,,,,,,,
2-niacinamide-rice-water-face-wash,,,,,,,,,,,,,,,,,,,,,,,,,https://cdn.shopify.com/s/files/1/0390/2985/files/Combo-SKUs-Nia-FW-Pack-of-2-1st-Tile-1001x1001-px_1.webp?v=1784615577,19,,,,,,,,,,,
2-niacinamide-rice-water-face-wash,,,,,,,,,,,,,,,,,,,,,,,,,https://cdn.shopify.com/s/files/1/0390/2985/files/03_clinicallyproven_Amazon_1001x1001_R4_d31da157-0523-4391-939d-f589d86ec1ee.jpg?v=1784615714,20,,,,,,,,,,,
2-niacinamide-rice-water-face-wash,,,,,,,,,,,,,,,,,,,,,,,,,https://cdn.shopify.com/s/files/1/0390/2985/files/04_Chemistry-Inside_Amazon_1001x1001_R4_52215650-b1b0-43e7-8eda-2f12d80fe5a4.jpg?v=1784615714,21,,,,,,,,,,,
2-niacinamide-rice-water-face-wash,,,,,,,,,,,,,,,,,,,,,,,,,https://cdn.shopify.com/s/files/1/0390/2985/files/05_Plumster-Love-It_Amazon_1001x1001_R4_f5348b54-9e86-4f4d-811e-659389288d8f.jpg?v=1784615714,22,,,,,,,,,,,
2-niacinamide-rice-water-face-wash,,,,,,,,,,,,,,,,,,,,,,,,,https://cdn.shopify.com/s/files/1/0390/2985/files/06_How-To-Use_Amazon_1001x1001_R4_d5c6de81-b3a0-4979-9bcf-a6a7beb3fe10.jpg?v=1784615713,23,,,,,,,,,,,
2-niacinamide-rice-water-face-wash,,,,,,,,,,,,,,,,,,,,,,,,,https://cdn.shopify.com/s/files/1/0390/2985/files/07_Who-Is-It-For_Amazon_1001x1001_R4_78e29419-d995-4c2e-9f4a-5f8544a2325c.jpg?v=1784615713,24,,,,,,,,,,,
2-niacinamide-rice-water-face-wash,,,,,,,,,,,,,,,,,,,,,,,,,https://cdn.shopify.com/s/files/1/0390/2985/files/08_Made-good-without_Amazon_1001x1001_R4_7ba3e16d-9df5-4621-b84b-9c9f9b974ac0.jpg?v=1784615714,25,,,,,,,,,,,
2-niacinamide-rice-water-face-wash,,,,,,,,,,,,,,,,,,,,,,,,,https://cdn.shopify.com/s/files/1/0390/2985/files/09_Routine_Master_Amazon_1001x1001_R4_2c82181b-2e41-470e-8ebc-24d95dad22ca.jpg?v=1784615714,26,,,,,,,,,,,
2-niacinamide-rice-water-face-wash,,,,,,,,,,,,,,,,,,,,,,,,,https://cdn.shopify.com/s/files/1/0390/2985/files/WBG-BOP_Amazon_1001x1001_a3f2a45f-cc6c-47ed-b0f9-64f67ae05de6.jpg?v=1784615713,27,,,,,,,,,,,
2-niacinamide-rice-water-face-wash,,"<div class=""ewa-rteLine"">
<div class=""ewa-rteLine""><span style=""color: rgb(111, 44, 151);""><strong>Benefits:</strong></span></div>
<div class=""ewa-rteLine""><span style=""color: rgb(111, 44, 151);"">*removes 99% pore-clogging impurities</span></div>
<div class=""ewa-rteLine""><span style=""color: rgb(111, 44, 151);"">*90% users felt clean, fresh skin</span></div>
<div class=""ewa-rteLine""><span style=""color: rgb(111, 44, 151);"">*brightens skin tone</span></div>
<div class=""ewa-rteLine""><span style=""color: rgb(111, 44, 151);"">*softens &amp; smoothens skin texture</span></div>
<div class=""ewa-rteLine""><span style=""color: rgb(111, 44, 151);"">*gently cleanses off dirt &amp; excess oil</span></div>
<div class=""ewa-rteLine""><br></div>
<div class=""ewa-rteLine""><span style=""color: rgb(111, 44, 151);""><strong>Features:</strong></span></div>
<div class=""ewa-rteLine""><span style=""color: rgb(111, 44, 151);"">*gentle on skin</span></div>
<div class=""ewa-rteLine""><span style=""color: rgb(111, 44, 151);"">*non-drying formula</span></div>
<div class=""ewa-rteLine""><span style=""color: rgb(111, 44, 151);"">*sulphate-free</span></div>
</div>

<h2>Why niacinamide and rice water?</h2>
<p>Most face washes clean skin and stop there. This one goes further. Niacinamide — also known as vitamin B3 — is one of the most extensively researched skincare actives in dermatology. At 2%, it works at the cellular level to reduce the transfer of melanin to the skin's surface, visibly fading dark spots and post-acne marks with consistent use. It also regulates sebum production, which means oily skin stays balanced rather than stripped and compensating with even more oil.</p>

<p>Rice water has been used in Asian skincare for centuries, and modern research backs what tradition already knew. It contains inositol, a carbohydrate that helps repair damaged hair and skin, along with amino acids and vitamins B and E that smooth texture and strengthen the skin barrier. Together, niacinamide and rice water don't just cleanse — they actively improve the quality of your skin with every wash.</p>

<h2>What the clinical study found</h2>
<p>This face wash was tested in a 32-user clinical study conducted at an independent, expert-graded lab in December 2024. The results: 99% removal of pore-clogging impurities and 90% of users reported clean, fresh-feeling skin after every use. The study also confirmed the formula is non-irritant, making it suitable for daily use across all skin types including sensitive skin.</p>

<h2>The full ingredient story</h2>
<p>Beyond niacinamide and rice water, two more actives do important work in this formula. Hyaluronic acid — a molecule capable of holding up to 1,000 times its weight in water — helps the skin retain moisture during and after cleansing, so skin never feels tight or dry post-wash. Provitamin B5 (panthenol) acts as a humectant and skin-soother, reducing redness and supporting the skin barrier. The cleansing base itself is sulphate-free, relying on gentler surfactants like Cocamidopropyl Betaine and Coco Glucoside that lift dirt and oil without disrupting the skin's natural pH.</p>

<h2>Who this face wash is for</h2>
<p>This face wash was formulated for anyone dealing with dullness, uneven skin tone, post-acne marks, or dry and tight-feeling skin after cleansing. It works particularly well for normal, dry, and combination skin types. If your primary concern is brightening and texture improvement rather than active acne or severe oil control, this is the right cleanser. It is also a strong choice for anyone who has experienced irritation or dryness from other face washes, since the sulphate-free, non-drying formula is gentle enough for twice-daily use even on sensitive skin.</p>

<h2>How to fit this into your skincare routine</h2>
<p>Use this face wash as the first step in both your morning and evening skincare routines. In the morning, follow it with a toner, a niacinamide or vitamin C serum, moisturiser, and SPF. In the evening, if you are using active ingredients like retinol or an AHA serum, this face wash is gentle enough to precede them without compromising your skin barrier. For best results, use consistently twice daily — brightening and dark spot reduction from niacinamide typically become noticeable within 4 to 6 weeks of regular use.</p>",Plum Goodness,,Single,"40offclean, allstock, App  Collection 6, aug_all, aug_dermat, b2g2_cart_text, b2g2bday_2026, b3g3_cart_text, b4g4_cart_text, bday_b2g2, bonkers_under299, BRAND_PLUM, bubble _Face Wash, bubble_ Combination Skin, bubble_ Dry Skin, bubble_ Normal Skin, bubble_ Oily Skin, bubble_ Rice Water, bubble_Niacinamide, de tan face wash, face cleansers for dry skin, face wash for dark spots, face wash for oily acne prone skin, face wash for oily skin, Face wash for skin pigmentation, face wash for uneven skin tone, face washes for all skin types, face washes for dry skin, face washes for sensitive skin, Insta_dec25, july25_b2g2, lit_niagel, lit_niaserum, lit_niass, lit_niatoner, MAINCATEGORY_SKIN, nightmarket_everyday essentials, oct_any3, oil free face wash, pm_pricedrop, RANGE_Niacinamide, sep_200to400, sept_noframe_flat299, Single, skin brightening face wash, SUBCATEGORY_Face Wash, summer_26, Winter_Nov25",TRUE,Size,100 ml,,,,,PLRW0100FWA4996,0,,0,deny,manual,260.00,299.00,TRUE,TRUE,8904430204996,,,,,,,,g,,,,,active
2-niacinamide-rice-water-face-wash,,"<div class=""ewa-rteLine"">
<div class=""ewa-rteLine""><span style=""color: rgb(111, 44, 151);""><strong>Benefits:</strong></span></div>
<div class=""ewa-rteLine""><span style=""color: rgb(111, 44, 151);"">*removes 99% pore-clogging impurities</span></div>
<div class=""ewa-rteLine""><span style=""color: rgb(111, 44, 151);"">*90% users felt clean, fresh skin</span></div>
<div class=""ewa-rteLine""><span style=""color: rgb(111, 44, 151);"">*brightens skin tone</span></div>
<div class=""ewa-rteLine""><span style=""color: rgb(111, 44, 151);"">*softens &amp; smoothens skin texture</span></div>
<div class=""ewa-rteLine""><span style=""color: rgb(111, 44, 151);"">*gently cleanses off dirt &amp; excess oil</span></div>
<div class=""ewa-rteLine""><br></div>
<div class=""ewa-rteLine""><span style=""color: rgb(111, 44, 151);""><strong>Features:</strong></span></div>
<div class=""ewa-rteLine""><span style=""color: rgb(111, 44, 151);"">*gentle on skin</span></div>
<div class=""ewa-rteLine""><span style=""color: rgb(111, 44, 151);"">*non-drying formula</span></div>
<div class=""ewa-rteLine""><span style=""color: rgb(111, 44, 151);"">*sulphate-free</span></div>
</div>

<h2>Why niacinamide and rice water?</h2>
<p>Most face washes clean skin and stop there. This one goes further. Niacinamide — also known as vitamin B3 — is one of the most extensively researched skincare actives in dermatology. At 2%, it works at the cellular level to reduce the transfer of melanin to the skin's surface, visibly fading dark spots and post-acne marks with consistent use. It also regulates sebum production, which means oily skin stays balanced rather than stripped and compensating with even more oil.</p>

<p>Rice water has been used in Asian skincare for centuries, and modern research backs what tradition already knew. It contains inositol, a carbohydrate that helps repair damaged hair and skin, along with amino acids and vitamins B and E that smooth texture and strengthen the skin barrier. Together, niacinamide and rice water don't just cleanse — they actively improve the quality of your skin with every wash.</p>

<h2>What the clinical study found</h2>
<p>This face wash was tested in a 32-user clinical study conducted at an independent, expert-graded lab in December 2024. The results: 99% removal of pore-clogging impurities and 90% of users reported clean, fresh-feeling skin after every use. The study also confirmed the formula is non-irritant, making it suitable for daily use across all skin types including sensitive skin.</p>

<h2>The full ingredient story</h2>
<p>Beyond niacinamide and rice water, two more actives do important work in this formula. Hyaluronic acid — a molecule capable of holding up to 1,000 times its weight in water — helps the skin retain moisture during and after cleansing, so skin never feels tight or dry post-wash. Provitamin B5 (panthenol) acts as a humectant and skin-soother, reducing redness and supporting the skin barrier. The cleansing base itself is sulphate-free, relying on gentler surfactants like Cocamidopropyl Betaine and Coco Glucoside that lift dirt and oil without disrupting the skin's natural pH.</p>

<h2>Who this face wash is for</h2>
<p>This face wash was formulated for anyone dealing with dullness, uneven skin tone, post-acne marks, or dry and tight-feeling skin after cleansing. It works particularly well for normal, dry, and combination skin types. If your primary concern is brightening and texture improvement rather than active acne or severe oil control, this is the right cleanser. It is also a strong choice for anyone who has experienced irritation or dryness from other face washes, since the sulphate-free, non-drying formula is gentle enough for twice-daily use even on sensitive skin.</p>

<h2>How to fit this into your skincare routine</h2>
<p>Use this face wash as the first step in both your morning and evening skincare routines. In the morning, follow it with a toner, a niacinamide or vitamin C serum, moisturiser, and SPF. In the evening, if you are using active ingredients like retinol or an AHA serum, this face wash is gentle enough to precede them without compromising your skin barrier. For best results, use consistently twice daily — brightening and dark spot reduction from niacinamide typically become noticeable within 4 to 6 weeks of regular use.</p>",Plum Goodness,,Single,"40offclean, allstock, App  Collection 6, aug_all, aug_dermat, b2g2_cart_text, b2g2bday_2026, b3g3_cart_text, b4g4_cart_text, bday_b2g2, bonkers_under299, BRAND_PLUM, bubble _Face Wash, bubble_ Combination Skin, bubble_ Dry Skin, bubble_ Normal Skin, bubble_ Oily Skin, bubble_ Rice Water, bubble_Niacinamide, de tan face wash, face cleansers for dry skin, face wash for dark spots, face wash for oily acne prone skin, face wash for oily skin, Face wash for skin pigmentation, face wash for uneven skin tone, face washes for all skin types, face washes for dry skin, face washes for sensitive skin, Insta_dec25, july25_b2g2, lit_niagel, lit_niaserum, lit_niass, lit_niatoner, MAINCATEGORY_SKIN, nightmarket_everyday essentials, oct_any3, oil free face wash, pm_pricedrop, RANGE_Niacinamide, sep_200to400, sept_noframe_flat299, Single, skin brightening face wash, SUBCATEGORY_Face Wash, summer_26, Winter_Nov25",TRUE,Size,100 ml x 2,,,,,PLMU0SMTVRT359,0,,0,deny,manual,484.00,598.00,TRUE,TRUE,,,,,,,,,g,,,,,active
plum-bodylovin-hawaiian-rumba-shower-gels,Hawaiian Rumba Shower Gel by BodyLovin',"<div class=""ewa-rteLine"">
<p><span style=""color: #6f2c97;""><b>features:</b> </span></p>
<p><span style=""color: #6f2c97;"">*fruity cocktail fragrance <br>*sls-free <br>*aloe-infused formula  <br>*super lathering </span></p>
<p><span style=""color: #6f2c97;""><b>benefits:</b> </span></p>
<p><span style=""color: #6f2c97;"">*deeply cleansing <br>*super fun &amp; refreshing fragrance <br>*non-drying &amp; hydrating formula </span></p>
</div>",Plum Goodness,,Single,"40offclean, allstock, App  Collection 3, aug_all, aug_flat_299, b2g2_cart_text, b2g2bday_2026, b3g3_cart_text, b4g4_cart_text, bday_b2g2, bday_bestseller, bestseller, bonkers_under299, BRAND_PBL, breadcrumb_1_bodycare_url_plum-bodylovin, breadcrumb_2_shower gels_url_bodylovin-shower-gels, bubble_Aquatic, bubble_Floral, bubble_Fresh, bubble_Fruity, bubble_Musky, bubble_Sweet, Clean, combo_product_handel-bodylovin-vanilla-vibes-shower-gel_flavourname_Vanilla Vibes, combo_product_handel-caramel-popcorn-body-wash_flavourname_Caramel Popcorn, combo_product_handel-plum-bodylovin-drivin-me-cherry-shower-gel_flavourname_Drivin' Me Cherry, combo_product_handel-plum-bodylovin-everythin-plum-shower-gel-body-wash_flavourname_Everything plum, combo_product_handel-plum-bodylovin-feelin-so-rose-fragrance-shower-gel-body-wash_flavourname_Feelin' So Rose, combo_product_handel-plum-bodylovin-hawaiian-rumba-shower-gels_flavourname_Hawaiian rumba, combo_product_handel-plum-bodylovin-minions-goin-bananas-body-wash_flavourname_minions goin banana, combo_product_handel-plum-bodylovin-oopsie-daisy-shower-gel_flavourname_Oopsie Daisy, combo_product_handel-plum-bodylovin-orchid-you-not-shower-gel_flavourname_Orchid-You-Not, combo_product_handel-plum-bodylovin-red-velvet-love-body-wash_flavourname_red-velvet-love, CONCERNS_Cleanses skin, flat_30_litlab, FNOTE_Freshbeachy, july25_b2g2, june_pricedrop, LLL_Min25, MAINCATEGORY_BODY, Mar25_10%off, nightmarket_everyday essentials, oct_any3, payday, price drop, RANGE_Hawaiian Rumba, sep_200to400, sept_flat299, Single, SKINTYPE_All skin types, SUBCATEGORY_Shower Gel, summer_26",TRUE,Title,Default Title,,,,,BLHR1240BWA0644,240,,0,deny,manual,311.00,380.00,TRUE,TRUE,8906118410644,https://cdn.shopify.com/s/files/1/0390/2985/files/01_35ad1b99-9027-4985-8813-620951f67c20.webp?v=1783339283,1,,,,,,g,,,,,active
plum-bodylovin-hawaiian-rumba-shower-gels,,,,,,,,,,,,,,,,,,,,,,,,,https://cdn.shopify.com/s/files/1/0390/2985/files/02_4b9f9416-66df-4226-a112-a4ec7c629c57.webp?v=1783339282,2,,,,,,,,,,,
plum-bodylovin-hawaiian-rumba-shower-gels,,,,,,,,,,,,,,,,,,,,,,,,,https://cdn.shopify.com/s/files/1/0390/2985/files/03_3dc8bb04-b5e7-429a-8932-20188f75cadb.webp?v=1783339282,3,,,,,,,,,,,
plum-bodylovin-hawaiian-rumba-shower-gels,,,,,,,,,,,,,,,,,,,,,,,,,https://cdn.shopify.com/s/files/1/0390/2985/files/04_c2b0f14d-a423-48b7-acd2-7768d0242d99.webp?v=1783339282,4,,,,,,,,,,,
plum-bodylovin-hawaiian-rumba-shower-gels,,,,,,,,,,,,,,,,,,,,,,,,,https://cdn.shopify.com/s/files/1/0390/2985/files/05_eef15f1d-7a6b-4efd-89ff-0c70bc47bf51.webp?v=1783339282,5,,,,,,,,,,,
plum-bodylovin-hawaiian-rumba-shower-gels,,,,,,,,,,,,,,,,,,,,,,,,,https://cdn.shopify.com/s/files/1/0390/2985/files/06_5da94d36-e6db-4f95-b405-bbf7d88662bc.webp?v=1783339283,6,,,,,,,,,,,
plum-bodylovin-hawaiian-rumba-shower-gels,,,,,,,,,,,,,,,,,,,,,,,,,https://cdn.shopify.com/s/files/1/0390/2985/files/07_18f15043-adfe-41c8-b7c6-44a905e71edc.webp?v=1783339282,7,,,,,,,,,,,
green-tea-clear-face-mask,Green Tea Clear Face Mask For Oily & Acne-Prone Skin,"<p><span style=""color: rgb(111, 44, 151);"">This supercharged Green Tea Face Mask is formulated with antioxidant-rich Green Tea, skin-renewing Glycolic Acid, &amp;  deep-cleansing duo of Kaolin + Bentonite clays, all working in harmony to detoxify, clarify and balance skin without drying it out.</span></p>
<p><span style=""color: rgb(111, 44, 151);"">This mask works as your weekly reset ritual to gently exfoliate and absorb excess oil from your skin without drying it out. Result? Clear, refreshed, and visibly radiant skin.</span></p>",face mask,,Single,"allstock, App  Collection 3, april_plumlegacy, aug_all, aug_dermat, aug_flat_399, b2g2_cart_text, b2g2bday_2026, b3g3_cart_text, b4g4_cart_text, bday_b2g2, benefits_hydrate & nourish, bn_Acne combat, bn_Deep exfoliation, bn_Instant brightening, bonkers_under699, BRAND_PLUM, breadcrumb_1_skincare_url_skincare, breadcrumb_2_face masks_url_face-masks, bubble _Dry Skin, bubble _Face Mask, bubble_ Green Tea, bubble_ Oily Skin, Clean, concern_Acne, concern_Blemishes & Acne Scars, concern_Dullness & Uneven Texture, concern_Excess Oiliness, concern_Spots, CONCERNS2_Acne, CONCERNS2_Oil Control, CONCERNS2_Pimple, CONCERNS_Acne/Pimple/Oil Control, green tea face mask, ingredients_Glycolic Acid, ingredients_Green Tea, july25_b2g2, MAINCATEGORY_SKIN, Mar25_10%off, oct_any3, Paraben free, payday, RANGE_Green Tea, regime, sep_400to600, sept_noframe_flat499, Single, SKINTYPE_Oily Acne-prone Combination, SUBCATEGORY_Face Mask, summer_26, Winter_Nov25",TRUE,Title,Default Title,,,,,GT-CFM,245,,0,deny,manual,441.00,490.00,TRUE,TRUE,7.38E+11,https://cdn.shopify.com/s/files/1/0390/2985/files/Listing_1st_Tile_GT_Face_Mask_60g_1001x1001_px.webp?v=1777978257,1,,,,,,g,,,,,active
green-tea-clear-face-mask,,,,,,,,,,,,,,,,,,,,,,,,,https://cdn.shopify.com/s/files/1/0390/2985/files/03_4cb36f2d-8e57-4733-9d19-a72ada88bcc5.jpg?v=1765430612,2,,,,,,,,,,,
green-tea-clear-face-mask,,,,,,,,,,,,,,,,,,,,,,,,,https://cdn.shopify.com/s/files/1/0390/2985/files/04_ea769b24-4716-4292-a7f3-b13823041bca.jpg?v=1765430612,3,,,,,,,,,,,
green-tea-clear-face-mask,,,,,,,,,,,,,,,,,,,,,,,,,https://cdn.shopify.com/s/files/1/0390/2985/files/05_8c6dee6a-88e9-467c-9aa3-2deb30f35c13.jpg?v=1765430612,4,,,,,,,,,,,
green-tea-clear-face-mask,,,,,,,,,,,,,,,,,,,,,,,,,https://cdn.shopify.com/s/files/1/0390/2985/files/06_cfb493b6-8663-47f7-abad-3db53de15a35.jpg?v=1765430612,5,,,,,,,,,,,
green-tea-clear-face-mask,,,,,,,,,,,,,,,,,,,,,,,,,https://cdn.shopify.com/s/files/1/0390/2985/files/07_8340bd95-c07f-499d-a7ae-b4897bbb5e61.jpg?v=1765430612,6,,,,,,,,,,,
green-tea-clear-face-mask,,,,,,,,,,,,,,,,,,,,,,,,,https://cdn.shopify.com/s/files/1/0390/2985/files/08_058f6ab1-81fd-4cb7-b23b-82c14cc30cfc.jpg?v=1765430612,7,,,,,,,,,,,
green-tea-mattifying-moisturizer,Green Tea Mattifying Moisturizer for Oily & Acne-Prone Skin,"<h4><b style=""color: #6f2c97;"">green tea face moisturizer benefits:</b></h4>
<p style=""color: #6f2c97;"">*fights pimples
<br>*mattifies skin
<br>*provides balanced hydration
<br>*promotes clearer skin </p>

<h4><b style=""color: #6f2c97;"">features of green tea face moisturizer:</b></h4>
<p style=""color: #6f2c97;"">*lightweight
<br>*mattifying formula
<br>*non-greasy after feel
<br>*non-comedogenic</p>",plumgoodness,,Single,"allstock, App  Collection 3, april_plumlegacy, aug_all, aug_dermat, aug_flat_399, b2g2_cart_text, b2g2bday_2026, b3g3_cart_text, b4g4_cart_text, bday_b2g2, bday_desi curly, benefits_hydrate & nourish, bn_Acne combat, bn_Controlled hydration, bonkers_under699, BRAND_PLUM, breadcrumb_1_skincare_url_skincare, breadcrumb_2_facial moisturizers_url_facial-moisturizers, bubble _Dry Skin, bubble _Moisturizer, bubble_ Combination Skin, bubble_ Green Tea, bubble_ Oily Skin, concern_Acne, concern_Excess Oiliness, CONCERNS2_Acne, CONCERNS2_Oil Control, CONCERNS2_Pimple, CONCERNS_Acne/Pimple/Oil Control, face creams for oily skin, ingredients_Glycolic Acid, ingredients_Green Tea, july25_b2g2, MAINCATEGORY_SKIN, Mar25_10%off, mattifying moisturiser, moisturizers for combination skin, moisturizers for oily acne prone skin, moisturizers for oily skin, night creams for oily skin, oct_any3, Paraben free, payday, RANGE_Green Tea, refreshers, sep_400to600, sept_flat399, Single, SKINTYPE_Oily Acne-prone Combination, SUBCATEGORY_Moisturizer, summer_26",TRUE,Title,Default Title,,,,,PLGT1050DMT0065,79,,0,deny,manual,423.00,470.00,TRUE,TRUE,737534800065,https://cdn.shopify.com/s/files/1/0390/2985/files/Listing_1st_Tile_GT_Mattifying_Moisturizer_1001x1001_px_e7f5ab04-db32-44b8-939e-82f160041f82.webp?v=1782458466,1,,,,,,g,,,,,active
green-tea-mattifying-moisturizer,,,,,,,,,,,,,,,,,,,,,,,,,https://cdn.shopify.com/s/files/1/0390/2985/files/02_617c9bc2-0f7d-4113-aa99-4f64f9d081f6.webp?v=1758884885,2,,,,,,,,,,,
green-tea-mattifying-moisturizer,,,,,,,,,,,,,,,,,,,,,,,,,https://cdn.shopify.com/s/files/1/0390/2985/files/03_3322c079-5383-43b2-8633-c434e6cde234.webp?v=1758884885,3,,,,,,,,,,,
green-tea-mattifying-moisturizer,,,,,,,,,,,,,,,,,,,,,,,,,https://cdn.shopify.com/s/files/1/0390/2985/files/04_d43db6a2-cb42-46b0-b654-d2f59d52b2d2.webp?v=1758884885,4,,,,,,,,,,,
green-tea-mattifying-moisturizer,,,,,,,,,,,,,,,,,,,,,,,,,https://cdn.shopify.com/s/files/1/0390/2985/files/05.webp?v=1758884885,5,,,,,,,,,,,
green-tea-mattifying-moisturizer,,,,,,,,,,,,,,,,,,,,,,,,,https://cdn.shopify.com/s/files/1/0390/2985/files/06.webp?v=1758884885,6,,,,,,,,,,,
green-tea-mattifying-moisturizer,,,,,,,,,,,,,,,,,,,,,,,,,https://cdn.shopify.com/s/files/1/0390/2985/files/07.webp?v=1758884885,7,,,,,,,,,,,
green-tea-mattifying-moisturizer,,,,,,,,,,,,,,,,,,,,,,,,,https://cdn.shopify.com/s/files/1/0390/2985/files/08.webp?v=1758884885,8,,,,,,,,,,,
green-tea-mattifying-moisturizer,,,,,,,,,,,,,,,,,,,,,,,,,https://cdn.shopify.com/s/files/1/0390/2985/files/09.webp?v=1758884885,9,,,,,,,,,,,
coconut-milk-peptides-strength-shine-conditioner-strengthens-hair-enhances-hairs-shine-100-vegan-makes-hair-soft-prevents-hair-breakage,Coconut Milk & Peptides Conditioner For Soft & Shiny Hair,"<p><span style=""color: rgb(111, 44, 151);""><strong>benefits:</strong></span><br><span style=""color: rgb(111, 44, 151);"">* softens hair from inside out</span><br><span style=""color: rgb(111, 44, 151);"">* restores moisture in dry hair</span><br><span style=""color: rgb(111, 44, 151);"">* strengthens the cuticle</span><br><span style=""color: rgb(111, 44, 151);"">* boosts collagen synthesis</span><br><span style=""color: rgb(111, 44, 151);"">* protects from free radicals</span><br><span style=""color: rgb(111, 44, 151);""> </span><br><span style=""color: rgb(111, 44, 151);""> </span><br><span style=""color: rgb(111, 44, 151);""><strong>features:</strong></span><br><span style=""color: rgb(111, 44, 151);"">* 100% vegan</span><br><span style=""color: rgb(111, 44, 151);"">* cruelty-free</span><br><span style=""color: rgb(111, 44, 151);"">* paraben free</span><br><span style=""color: rgb(111, 44, 151);"">* toxic-free</span></p>",Plum Goodness,,Single,"allstock, App  Collection 4, april_plumlegacy, aug_all, aug_flat_299, b2g2_cart_text, b2g2bday_2026, b3g3_cart_text, b4g4_cart_text, bday_b2g2, bonkers_under699, BRAND_PLUM, breadcrumb_1_haircare_url_hair-offers, bubble_Coconut milk & peptides, bubble_peptides, CONCERNS2_Dry Hair, CONCERNS2_Dullness, CONCERNS2_Rough Hair, CONCERNS_Dull hair, febnewlaunch, format_Conditioner, goodhairwed, HAIRTYPE_All hair types, hot selling, july25_b2g2, MAINCATEGORY_HAIR, Mar25_10%off, nightmarket_everyday essentials, oct_any3, payday, RANGE_Coconut, sep_200to400, sept_flat299, Single, SUBCATEGORY_Conditioner, summer_26, Treat, Winter_Nov25",TRUE,Title,Default Title,,,,,PLCN0175HRC0714,0,,0,deny,manual,326.00,375.00,TRUE,TRUE,8904430200714,https://cdn.shopify.com/s/files/1/0390/2985/files/Listing_1st_Tile_Coconut_Conditioner_175ml_1001x1001_px.webp?v=1776772064,1,,,,,,g,,,,,active
coconut-milk-peptides-strength-shine-conditioner-strengthens-hair-enhances-hairs-shine-100-vegan-makes-hair-soft-prevents-hair-breakage,,,,,,,,,,,,,,,,,,,,,,,,,https://cdn.shopify.com/s/files/1/0390/2985/files/03_c1a67b0d-16b9-4ca7-b852-691a31638bd8.jpg?v=1776772064,2,,,,,,,,,,,
coconut-milk-peptides-strength-shine-conditioner-strengthens-hair-enhances-hairs-shine-100-vegan-makes-hair-soft-prevents-hair-breakage,,,,,,,,,,,,,,,,,,,,,,,,,https://cdn.shopify.com/s/files/1/0390/2985/files/04_5b801f33-2dd7-428a-b030-6a0be06d5768.jpg?v=1776772064,3,,,,,,,,,,,
coconut-milk-peptides-strength-shine-conditioner-strengthens-hair-enhances-hairs-shine-100-vegan-makes-hair-soft-prevents-hair-breakage,,,,,,,,,,,,,,,,,,,,,,,,,https://cdn.shopify.com/s/files/1/0390/2985/files/05_7193e999-8525-430f-9b9f-52d614948146.jpg?v=1776772064,4,,,,,,,,,,,
coconut-milk-peptides-strength-shine-conditioner-strengthens-hair-enhances-hairs-shine-100-vegan-makes-hair-soft-prevents-hair-breakage,,,,,,,,,,,,,,,,,,,,,,,,,https://cdn.shopify.com/s/files/1/0390/2985/files/06_b4910390-5598-45c5-bc50-055fd54313a3.jpg?v=1776772064,5,,,,,,,,,,,
coconut-milk-peptides-strength-shine-conditioner-strengthens-hair-enhances-hairs-shine-100-vegan-makes-hair-soft-prevents-hair-breakage,,,,,,,,,,,,,,,,,,,,,,,,,https://cdn.shopify.com/s/files/1/0390/2985/files/07_8c43775c-376c-46c1-a3f6-1bb0839ad620.jpg?v=1776772064,6,,,,,,,,,,,
coconut-milk-peptides-strength-shine-conditioner-strengthens-hair-enhances-hairs-shine-100-vegan-makes-hair-soft-prevents-hair-breakage,,,,,,,,,,,,,,,,,,,,,,,,,https://cdn.shopify.com/s/files/1/0390/2985/files/08_8f7aa756-05f3-49da-838c-f2d59387b9cb.jpg?v=1776772064,7,,,,,,,,,,,
coconut-milk-peptides-strength-shine-conditioner-strengthens-hair-enhances-hairs-shine-100-vegan-makes-hair-soft-prevents-hair-breakage,,,,,,,,,,,,,,,,,,,,,,,,,https://cdn.shopify.com/s/files/1/0390/2985/files/09_acaf8786-0a31-4444-9aff-2aba8fee6ec6.jpg?v=1776772064,8,,,,,,,,,,,
coconut-milk-peptides-strength-shine-conditioner-strengthens-hair-enhances-hairs-shine-100-vegan-makes-hair-soft-prevents-hair-breakage,,,,,,,,,,,,,,,,,,,,,,,,,https://cdn.shopify.com/s/files/1/0390/2985/files/10_e08a21fb-bc17-4fa2-a003-cdd8e96676f9.jpg?v=1776772064,9,,,,,,,,,,,
plum-bodylovin-vanilla-vibes-deodorant-deodorant-roll-on,Vanilla Vibes Deodorant Roll On by BodyLovin',"<p><span style=""color: #6f2c97;""><strong>Benefits:</strong></span></p>
<p><span style=""color: #6f2c97;"">*48 hour odor protection </span><br><span style=""color: #6f2c97;"">*Warm &amp; cozy scent </span><br><span style=""color: #6f2c97;"">*Quick-drying formula </span><br><span style=""color: #6f2c97;"">*Gentle on sensitive skin</span></p>
<p><span style=""color: #6f2c97;""><strong>Features:</strong></span></p>
<p><span style=""color: #6f2c97;"">*Roll-on application </span><br><span style=""color: #6f2c97;"">*Vanilla-inspired fragrance </span><br><span style=""color: #6f2c97;"">*Enriched with glycolic acid &amp; lactic acid </span><br><span style=""color: #6f2c97;"">*Convenient and travel-friendly</span></p>",Plum Goodness,,Single,"allstock, App  Collection 4, aug_all, aug_under299, b2g2_cart_text, b2g2bday_2026, b3g3_cart_text, b4g4_cart_text, bday_b2g2, bday_bestseller, bestseller, bonkers_under299, BRAND_PBL, breadcrumb_1_bodycare_url_plum-bodylovin, breadcrumb_2_deodorant_url_bodylovin-de-odorizing-pit-creams, bubble_Floral, bubble_Fresh, bubble_Musky, bubble_Sweet, bubble_Warm, CONCERNS_Eliminates Odour, febnewlaunch, FNOTE_Warmrichvanilla, july25_b2g2, june_pricedrop, lit_vcbl, lit_vcedp, MAINCATEGORY_BODY, oct_any3, payday, RANGE_Vanilla Vibes, sep_200to400, sept_noframe_flat299, Single, SKINTYPE_All skin types, SUBCATEGORY_Deodorant, SUBCATEGORY_Roll on, summer_26",TRUE,Title,Default Title,,,,,BLVV1050DR01940,0,,0,deny,manual,279.00,325.00,TRUE,TRUE,8904430201940,https://cdn.shopify.com/s/files/1/0390/2985/files/VV_Deo_Roll_On_1001x1001_1.webp?v=1775798878,1,,,,,,g,,,,,active
plum-bodylovin-vanilla-vibes-deodorant-deodorant-roll-on,,,,,,,,,,,,,,,,,,,,,,,,,https://cdn.shopify.com/s/files/1/0390/2985/files/VV_Deo-RollOn-50ml_Amazon_1001x1001_03_c3ab489b-20ea-41f6-9910-1f3a3217fe4a.jpg?v=1775798878,2,,,,,,,,,,,
plum-bodylovin-vanilla-vibes-deodorant-deodorant-roll-on,,,,,,,,,,,,,,,,,,,,,,,,,https://cdn.shopify.com/s/files/1/0390/2985/files/VV_Deo-RollOn-50ml_Amazon_1001x1001_04_835b7bc2-fd83-4df8-bece-8c1057096115.jpg?v=1775798878,3,,,,,,,,,,,
plum-bodylovin-vanilla-vibes-deodorant-deodorant-roll-on,,,,,,,,,,,,,,,,,,,,,,,,,https://cdn.shopify.com/s/files/1/0390/2985/files/VV_Deo-RollOn-50ml_Amazon_1001x1001_05_deaad583-7719-4fa7-86f2-3bec7da35070.jpg?v=1775798878,4,,,,,,,,,,,
plum-bodylovin-vanilla-vibes-deodorant-deodorant-roll-on,,,,,,,,,,,,,,,,,,,,,,,,,https://cdn.shopify.com/s/files/1/0390/2985/files/VV_Deo-RollOn-50ml_Amazon_1001x1001_06_0208bb59-8abf-4d52-9823-e6501019ff46.jpg?v=1775798878,5,,,,,,,,,,,
plum-bodylovin-vanilla-vibes-deodorant-deodorant-roll-on,,,,,,,,,,,,,,,,,,,,,,,,,https://cdn.shopify.com/s/files/1/0390/2985/files/VV_Deo-RollOn-50ml_Amazon_1001x1001_07_65ea863c-2476-4b0b-85a7-6a8618920e13.jpg?v=1775798878,6,,,,,,,,,,,
plum-bodylovin-vanilla-vibes-deodorant-deodorant-roll-on,,,,,,,,,,,,,,,,,,,,,,,,,https://cdn.shopify.com/s/files/1/0390/2985/files/VV_Deo-RollOn-50ml_Amazon_1001x1001_08_db4f9c87-9dab-4ab7-94e5-a1979460f908.jpg?v=1775798878,7,,,,,,,,,,,
plum-bodylovin-vanilla-vibes-deodorant-deodorant-roll-on,,,,,,,,,,,,,,,,,,,,,,,,,https://cdn.shopify.com/s/files/1/0390/2985/files/VV_Deo-RollOn-50ml_Amazon_1001x1001_09_f7b0ffb9-a050-444d-909b-1676b08d971f.jpg?v=1775798878,8,,,,,,,,,,,
saffron-kumkumadi-oil-moisturizer,Saffron & Kumkumadi Oil Glow Bright Moisturizer with SPF 35,"<p><strong style=""color: #5e0d8b; font-size: 18px;"" data-mce-style=""color: #5e0d8b; font-size: 18px;"">The brightest glow your skin deserves!<br data-mce-fragment=""1""></strong></p>
<p>Packed with the goodness of Saffron &amp; Kumkumadi Oil, this moisturizer enhances glow &amp; brightens skin by working on dark spots &amp; pigmentation. It is also fortified with SPF 35 to protect your skin from sun damage and tanning.</p>
<p><strong style=""color: #5e0d8b; font-size: 18px;"" data-mce-style=""color: #5e0d8b; font-size: 18px;"">Reasons to <b data-mce-fragment=""1""><strong data-mce-fragment=""1""><span style=""color: #5e0d8b;"" data-mce-fragment=""1"" data-mce-style=""color: #5e0d8b;"">♥</span></strong></b></strong></p>
<ul>
<li>Enriched with the finest Kashmiri Saffron, it is known to improve skin cell turnover and enhance glow by working on pigmentation <br>
</li>
<li>Kumkumadi Oil contains a polyherbal blend of 15 ingredients, making it an antioxidant powerhouse that works on dark spots while increasing skin lustre<br>
</li>
<li>It also has SPF 35 that blocks sun's harmful UVA &amp; UVB rays to prevent sun damage and tanning<br>
</li>
<li>It contains Niacinamide and Papaya extracts that helps fade blemish marks and prevent uneven skin tone<br>
</li>
<li>Its silky, cushiony texture keeps skin smooth, soft &amp; supple <br>
</li>
<li>MADE WITH LOVE: FDA Approved | Stability Tested | Sulphate-Free | Paraben Free | Cruelty-Free | 100% Vegan | For All Skin Types | For Men &amp; Women</li>
</ul>
<ul class=""description-point""></ul>",Plum Goodness,,Single,"allstock, App  Collection 4, aug_all, aug_flat_299, b2g2_cart_text, b2g2bday_2026, b3g3_cart_text, b4g4_cart_text, bday_b2g2, benefits_glow bright, bonkers_under699, BRAND_PLUM, breadcrumb_1_skincare_url_skincare, breadcrumb_2_facial moisturizers_url_facial-moisturizers, bubble _Moisturizer, bubble_ Combination Skin, bubble_ Dry Skin, bubble_ Normal Skin, bubble_ Oily Skin, concern_Pigmentation & Uneven Skin Tone, CONCERNS2_Dark Spots, Concerns2_Dry Skin_New, CONCERNS2_Dullness, CONCERNS2_Pigmentation, CONCERNS_Dark Spots/Pigmentation/Dullness, dark spot removal creams, face creams for oily skin, face glow creams, illuminating moisturizer, ingredients_saffron, ingredients_saffron & kumkumadi, july25_b2g2, lightweight moisturizers, MAINCATEGORY_SKIN, Mar25_10%off, moisturizer for all skin type, moisturizer for glowing skin, moisturizer for normal skin, moisturizer for pigmentation, moisturizers for men, Night creams for dry skin, night creams for oily skin, nightmarket_everyday essentials, oct_any3, payday, price drop, RANGE_Saffron, refreshers, sep_200to400, sept_noframe_flat399, Single, skin brightening creams, SKINTYPE_All skin types, spf moisturizer, SUBCATEGORY_Moisturizer, Winter_Nov25",TRUE,Size,50 g,,,,,PLSK2050GBM6646,0,,0,deny,manual,361.00,415.00,TRUE,TRUE,,https://cdn.shopify.com/s/files/1/0390/2985/files/Listing_1st_Tile_Saffron_Gel_1001x1001_px.webp?v=1775811368,1,,,,,,g,,,,,active
saffron-kumkumadi-oil-moisturizer,,,,,,,,,,,,,,,,,,,,,,,,,https://cdn.shopify.com/s/files/1/0390/2985/files/02_6ee0cf07-0f18-41c1-96a7-eb3aacf1524d.jpg?v=1784889389,2,,,,,,,,,,,
saffron-kumkumadi-oil-moisturizer,,,,,,,,,,,,,,,,,,,,,,,,,https://cdn.shopify.com/s/files/1/0390/2985/files/03_c0de9b5a-b8f0-401f-aa32-0fdc8f2ad32e.jpg?v=1784889390,3,,,,,,,,,,,
saffron-kumkumadi-oil-moisturizer,,,,,,,,,,,,,,,,,,,,,,,,,https://cdn.shopify.com/s/files/1/0390/2985/files/04_40b28365-c56e-407d-a3ca-6bad9c939a52.jpg?v=1784889390,4,,,,,,,,,,,
saffron-kumkumadi-oil-moisturizer,,,,,,,,,,,,,,,,,,,,,,,,,https://cdn.shopify.com/s/files/1/0390/2985/files/05_46e10799-aa81-43cf-93d7-a749670cf53b.jpg?v=1784889390,5,,,,,,,,,,,
saffron-kumkumadi-oil-moisturizer,,,,,,,,,,,,,,,,,,,,,,,,,https://cdn.shopify.com/s/files/1/0390/2985/files/06_58b9bc38-ed37-4c20-b002-6e08220287c0.jpg?v=1784889390,6,,,,,,,,,,,
saffron-kumkumadi-oil-moisturizer,,,,,,,,,,,,,,,,,,,,,,,,,https://cdn.shopify.com/s/files/1/0390/2985/files/07_98afc52b-31c9-4fcd-bfe7-02c952907b42.jpg?v=1784889390,7,,,,,,,,,,,
saffron-kumkumadi-oil-moisturizer,,,,,,,,,,,,,,,,,,,,,,,,,https://cdn.shopify.com/s/files/1/0390/2985/files/Saffron_Gel_combo_Listing_1st_Tile_1001x1001_px_178c33dc-8526-4ee7-9b04-86fb4e4e08b0.webp?v=1784889537,8,,,,,,,,,,,
saffron-kumkumadi-oil-moisturizer,,,,,,,,,,,,,,,,,,,,,,,,,https://cdn.shopify.com/s/files/1/0390/2985/files/02_28bd51b0-fa0e-403f-93a0-af4f038f97dc.jpg?v=1784889561,9,,,,,,,,,,,
saffron-kumkumadi-oil-moisturizer,,,,,,,,,,,,,,,,,,,,,,,,,https://cdn.shopify.com/s/files/1/0390/2985/files/03_df34b5d8-d317-4960-bbde-adebfeb8a645.jpg?v=1784889562,10,,,,,,,,,,,
saffron-kumkumadi-oil-moisturizer,,,,,,,,,,,,,,,,,,,,,,,,,https://cdn.shopify.com/s/files/1/0390/2985/files/04_cd404930-6a42-4a38-a58d-afb21803464e.jpg?v=1784889561,11,,,,,,,,,,,
saffron-kumkumadi-oil-moisturizer,,,,,,,,,,,,,,,,,,,,,,,,,https://cdn.shopify.com/s/files/1/0390/2985/files/05_65fe7236-826b-40da-beff-cdcdd067008c.jpg?v=1784889562,12,,,,,,,,,,,
saffron-kumkumadi-oil-moisturizer,,,,,,,,,,,,,,,,,,,,,,,,,https://cdn.shopify.com/s/files/1/0390/2985/files/06_13cc2817-460e-4645-9365-b7df55efaf0a.jpg?v=1784889561,13,,,,,,,,,,,
saffron-kumkumadi-oil-moisturizer,,,,,,,,,,,,,,,,,,,,,,,,,https://cdn.shopify.com/s/files/1/0390/2985/files/07_cf772d8e-d825-4056-b760-01670d3c22f7.jpg?v=1784889561,14,,,,,,,,,,,
saffron-kumkumadi-oil-moisturizer,,"<p><strong style=""color: #5e0d8b; font-size: 18px;"" data-mce-style=""color: #5e0d8b; font-size: 18px;"">The brightest glow your skin deserves!<br data-mce-fragment=""1""></strong></p>
<p>Packed with the goodness of Saffron &amp; Kumkumadi Oil, this moisturizer enhances glow &amp; brightens skin by working on dark spots &amp; pigmentation. It is also fortified with SPF 35 to protect your skin from sun damage and tanning.</p>
<p><strong style=""color: #5e0d8b; font-size: 18px;"" data-mce-style=""color: #5e0d8b; font-size: 18px;"">Reasons to <b data-mce-fragment=""1""><strong data-mce-fragment=""1""><span style=""color: #5e0d8b;"" data-mce-fragment=""1"" data-mce-style=""color: #5e0d8b;"">♥</span></strong></b></strong></p>
<ul>
<li>Enriched with the finest Kashmiri Saffron, it is known to improve skin cell turnover and enhance glow by working on pigmentation <br>
</li>
<li>Kumkumadi Oil contains a polyherbal blend of 15 ingredients, making it an antioxidant powerhouse that works on dark spots while increasing skin lustre<br>
</li>
<li>It also has SPF 35 that blocks sun's harmful UVA &amp; UVB rays to prevent sun damage and tanning<br>
</li>
<li>It contains Niacinamide and Papaya extracts that helps fade blemish marks and prevent uneven skin tone<br>
</li>
<li>Its silky, cushiony texture keeps skin smooth, soft &amp; supple <br>
</li>
<li>MADE WITH LOVE: FDA Approved | Stability Tested | Sulphate-Free | Paraben Free | Cruelty-Free | 100% Vegan | For All Skin Types | For Men &amp; Women</li>
</ul>
<ul class=""description-point""></ul>",Plum Goodness,,Single,"allstock, App  Collection 4, aug_all, aug_flat_299, b2g2_cart_text, b2g2bday_2026, b3g3_cart_text, b4g4_cart_text, bday_b2g2, benefits_glow bright, bonkers_under699, BRAND_PLUM, breadcrumb_1_skincare_url_skincare, breadcrumb_2_facial moisturizers_url_facial-moisturizers, bubble _Moisturizer, bubble_ Combination Skin, bubble_ Dry Skin, bubble_ Normal Skin, bubble_ Oily Skin, concern_Pigmentation & Uneven Skin Tone, CONCERNS2_Dark Spots, Concerns2_Dry Skin_New, CONCERNS2_Dullness, CONCERNS2_Pigmentation, CONCERNS_Dark Spots/Pigmentation/Dullness, dark spot removal creams, face creams for oily skin, face glow creams, illuminating moisturizer, ingredients_saffron, ingredients_saffron & kumkumadi, july25_b2g2, lightweight moisturizers, MAINCATEGORY_SKIN, Mar25_10%off, moisturizer for all skin type, moisturizer for glowing skin, moisturizer for normal skin, moisturizer for pigmentation, moisturizers for men, Night creams for dry skin, night creams for oily skin, nightmarket_everyday essentials, oct_any3, payday, price drop, RANGE_Saffron, refreshers, sep_200to400, sept_noframe_flat399, Single, skin brightening creams, SKINTYPE_All skin types, spf moisturizer, SUBCATEGORY_Moisturizer, Winter_Nov25",TRUE,Size,50 g x 2,,,,,PLSK2050GBM6647,0,,0,deny,manual,672.00,830.00,TRUE,TRUE,,,,,,,,,g,,,,,active
e-luminence-deep-moisturizing-creme,E-Luminence Deep Moisturizing Cream For Dry Skin,"<h4><b style=""color: #6f2c97;"">moisturizer cream for face benefits:</b></h4>
<p style=""color: #6f2c97;"">*combats dryness <br>
 *provides deep moisturization <br>
*hydrates &amp; nourishes skin<br>
 *soft, supple after feel</p>

<h4><b style=""color: #6f2c97;"">features of moisturizer cream for face:</b></h4>
<p style=""color: #6f2c97;"">*rich &amp; creamy formula<br></p>",plumgoodness,,Single,"allstock, App  Collection 3, aug_all, aug_under599, b2g2_cart_text, b2g2bday_2026, b3g3_cart_text, b4g4_cart_text, bday_b2g2, bday_shankar, bn_Deep moisturization, bn_Nourishes skin, bn_Soft & supple skin, bonkers_under699, BRAND_PLUM, breadcrumb_1_skincare_url_skincare, breadcrumb_2_facial moisturizers_url_facial-moisturizers, bubble _Moisturizer, bubble_ Dry Skin, cold creams, concern_Dry Skin, concern_Dullness & Uneven Texture, Concerns2_Dry Skin_New, CONCERNS2_Dryness, CONCERNS2_Flakiness, CONCERNS_Dryness/Flakiness, dark spot removal creams, e lum, face glow creams, illuminating moisturizer, ingredient-niacinamide, ingredients_Vitamin E, july25_b2g2, lightweight moisturizers, MAINCATEGORY_SKIN, Mar25_10%off, moisturizers for dry skin, moisturizers for men, Night creams for dry skin, Paraben free, payday, RANGE_Vitamin E, refreshers, sep_400to600, sept_flat499, Single, skin brightening creams, SKINTYPE_Dry Very dry, SUBCATEGORY_Moisturizer, Vitamin E, vitamin e moisturizer, Vitamin E skin care, Vitamins for even skin tone, Willow bark, Winter cream, winter moisturizers for dry skin, winter skin care, Winter_Nov25",TRUE,Title,Default Title,,,,,EL-DMC,145,,0,deny,manual,500.00,575.00,TRUE,TRUE,737534564868,https://cdn.shopify.com/s/files/1/0390/2985/files/Listing_1st_Tile_E-Lum_Creme_1001x1001_px.webp?v=1777969914,1,,,,,,g,,,,,active
e-luminence-deep-moisturizing-creme,,,,,,,,,,,,,,,,,,,,,,,,,https://cdn.shopify.com/s/files/1/0390/2985/products/2.ELumCream-2.jpg?v=1689144923,2,,,,,,,,,,,
e-luminence-deep-moisturizing-creme,,,,,,,,,,,,,,,,,,,,,,,,,https://cdn.shopify.com/s/files/1/0390/2985/products/2.ELumCream-3.jpg?v=1689144926,3,,,,,,,,,,,
e-luminence-deep-moisturizing-creme,,,,,,,,,,,,,,,,,,,,,,,,,https://cdn.shopify.com/s/files/1/0390/2985/products/2.ELumCream-4.png?v=1689144930,4,,,,,,,,,,,
e-luminence-deep-moisturizing-creme,,,,,,,,,,,,,,,,,,,,,,,,,https://cdn.shopify.com/s/files/1/0390/2985/products/2.ELumCream-5.png?v=1689144934,5,,,,,,,,,,,
e-luminence-deep-moisturizing-creme,,,,,,,,,,,,,,,,,,,,,,,,,https://cdn.shopify.com/s/files/1/0390/2985/products/2.ELumCream-6.png?v=1689144941,6,,,,,,,,,,,
avocado-nourish-up-hair-mask-for-frizz-free-hair-contains-avocado-oil-argan-oil-shea-butter,Avocado Nourish-Up Hair Mask,"<h4><b style=""color: #6f2c97;"">benefits and features of avocado hair mask:</b></h4>
<p style=""color: #6f2c97;"">*deeply conditions<br>*keeps frizz &amp; dryness at bay<br>*reduces hair breakage</p>",Plum Goodness,,Single,"allstock, App  Collection 3, aug_all, aug_under599, b2g2_cart_text, b2g2bday_2026, b3g3_cart_text, b4g4_cart_text, bday_b2g2, bday_desi curly, bday_shankar, bn_Nourishes hair, bn_retains moisture, bn_Sulphate-free, bonkers_under699, BRAND_PLUM, breadcrumb_1_hair care_url_hair-care, breadcrumb_2_hair mask_url_hair-mask, bubble_Hair mask, concern_Dry & Damaged Hair, concern_Dry Hair, concern_Frizzy hair, concern_Paraben-Free, concern_Silicone-Free, CONCERNS2_Curl Care, CONCERNS2_Frizzy Hair, CONCERNS_Frizzy, flat_35_litlab, goodhairwed, HAIRTYPE_Frizzy Curly & Wavy Hair, ingredients_Avocado, july25_b2g2, june_pricedrop, LLL_Min25, MAINCATEGORY_HAIR, Mar25_10%off, Paraben free, PRODUCTS - WOMEN , RANGE_Avocado & Argan, sep_400to600, sept_flat599, Single, SUBCATEGORY_Hair Mask, summer_26, tarini peshawaria, Treat, Winter_Nov25",TRUE,Size,250 g,,,,,PLAV0250HRM1658,0,,0,deny,manual,607.00,675.00,TRUE,TRUE,8906118411658,https://cdn.shopify.com/s/files/1/0390/2985/files/AvocadoMaskListing01.webp?v=1777573080,1,,,,,,g,,,,,active
avocado-nourish-up-hair-mask-for-frizz-free-hair-contains-avocado-oil-argan-oil-shea-butter,,,,,,,,,,,,,,,,,,,,,,,,,https://cdn.shopify.com/s/files/1/0390/2985/files/AvocadoMaskListing05.webp?v=1777573080,2,,,,,,,,,,,
avocado-nourish-up-hair-mask-for-frizz-free-hair-contains-avocado-oil-argan-oil-shea-butter,,,,,,,,,,,,,,,,,,,,,,,,,https://cdn.shopify.com/s/files/1/0390/2985/files/AvocadoMaskListing06.webp?v=1777573080,3,,,,,,,,,,,
avocado-nourish-up-hair-mask-for-frizz-free-hair-contains-avocado-oil-argan-oil-shea-butter,,,,,,,,,,,,,,,,,,,,,,,,,https://cdn.shopify.com/s/files/1/0390/2985/files/AvocadoMaskListing07.webp?v=1777573080,4,,,,,,,,,,,
avocado-nourish-up-hair-mask-for-frizz-free-hair-contains-avocado-oil-argan-oil-shea-butter,,,,,,,,,,,,,,,,,,,,,,,,,https://cdn.shopify.com/s/files/1/0390/2985/files/AvocadoMaskListing08.webp?v=1777573080,5,,,,,,,,,,,
avocado-nourish-up-hair-mask-for-frizz-free-hair-contains-avocado-oil-argan-oil-shea-butter,,,,,,,,,,,,,,,,,,,,,,,,,https://cdn.shopify.com/s/files/1/0390/2985/files/AvocadoMaskListing09.webp?v=1777573080,6,,,,,,,,,,,
avocado-nourish-up-hair-mask-for-frizz-free-hair-contains-avocado-oil-argan-oil-shea-butter,,,,,,,,,,,,,,,,,,,,,,,,,https://cdn.shopify.com/s/files/1/0390/2985/files/AvocadoMaskListing10.webp?v=1777573080,7,,,,,,,,,,,
avocado-nourish-up-hair-mask-for-frizz-free-hair-contains-avocado-oil-argan-oil-shea-butter,,,,,,,,,,,,,,,,,,,,,,,,,https://cdn.shopify.com/s/files/1/0390/2985/files/AvocadoMaskListing11.webp?v=1777573080,8,,,,,,,,,,,
avocado-nourish-up-hair-mask-for-frizz-free-hair-contains-avocado-oil-argan-oil-shea-butter,,,,,,,,,,,,,,,,,,,,,,,,,https://cdn.shopify.com/s/files/1/0390/2985/files/AvocadoMaskListing12.webp?v=1777573080,9,,,,,,,,,,,
salicylic-acid-foaming-facewash,1% Encapsulated Salicylic Acid Foaming Face Wash For Acne-Prone Skin,"<h4><b style=""color: #6f2c97;"" data-mce-style=""color: #6f2c97;"">salicylic acid face wash benefits:</b></h4>
<p style=""color: #6f2c97;"" data-mce-style=""color: #6f2c97;"">*fight acne, blackheads &amp; whiteheads <br>*provides gentle exfoliation <br>*deeply cleanses pores <br>*removes excess oil &amp; impurities</p>
<h4><b style=""color: #6f2c97;"" data-mce-style=""color: #6f2c97;""> features of salicylic acid face wash: </b></h4>
<p style=""color: #6f2c97;"" data-mce-style=""color: #6f2c97;"">*creamy rich foam <br>*gentle &amp; non-drying <br>*sulphate-free<span><b id=""docs-internal-guid-ff645ac4-7fff-6cd7-549c-94220a0bdc12""></b></span></p>",Plum Goodness,,Single,"1% Encapsulated Salicylic Acid Foaming Face Wash, 40offclean, allstock, App  Collection 4, aug_all, aug_under299, b2g2_cart_text, b2g2bday_2026, b3g3_cart_text, b4g4_cart_text, bday_b2g2, bday_rnd, bonkers_under299, BRAND_PLUM, breadcrumb_1_skincare_url_skincare, breadcrumb_2_face wash_url_foaming-cleansers-face-washes, bubble _Dry Skin, bubble _Face Wash, bubble_ Combination Skin, bubble_ Dry Skin, bubble_ Normal Skin, bubble_ Oily Skin, bubble_Musky, bubble_Salicylic Acid, Clean, combo of 2, CONCERNS2_Acne, CONCERNS2_Oil Control, CONCERNS2_Pimple, CONCERNS_Acne/Pimple/Oil Control, face cleansers for blackheads, face cleansers for dry skin, face wash, face wash for combination skin, face wash for oily acne prone skin, face wash for oily skin, face washes for acne prone skin, face washes for dry skin, facewash, july25_b2g2, june_pricedrop, MAINCATEGORY_SKIN, nightmarket_everyday essentials, oct_any3, oil free face wash, payday, price drop, RANGE_Salicylic Acid, Salicylic Acid Foaming Face Wash, Salicylic Face Wash, sep_200to400, sept_flat299, Single, SKINTYPE_All skin types, SUBCATEGORY_Face Wash, sulphate free face wash, summer_26",TRUE,Size,110 ml,,,,,PLSA1110FWA5731,0,,0,deny,manual,282.00,325.00,TRUE,TRUE,,https://cdn.shopify.com/s/files/1/0390/2985/files/Listing_1st_Tile_SA_Foam_FW_1001x1001_px_b779f439-9c2f-4534-9738-4a668c86ab88.webp?v=1776934129,1,,,,,,g,,,,,active
salicylic-acid-foaming-facewash,,,,,,,,,,,,,,,,,,,,,,,,,https://cdn.shopify.com/s/files/1/0390/2985/files/03_fe695271-3a9b-438b-adf5-8068d60a7133.jpg?v=1775811319,2,,,,,,,,,,,
salicylic-acid-foaming-facewash,,,,,,,,,,,,,,,,,,,,,,,,,https://cdn.shopify.com/s/files/1/0390/2985/files/04_4083b301-586f-4739-83eb-ab773aa16189.jpg?v=1775811319,3,,,,,,,,,,,
salicylic-acid-foaming-facewash,,,,,,,,,,,,,,,,,,,,,,,,,https://cdn.shopify.com/s/files/1/0390/2985/files/05_4fdf55ac-813b-4ae1-bb7c-9895ed64a71f.jpg?v=1775811319,4,,,,,,,,,,,
salicylic-acid-foaming-facewash,,,,,,,,,,,,,,,,,,,,,,,,,https://cdn.shopify.com/s/files/1/0390/2985/files/06_0e5395e8-c0c8-442f-ba81-08ff4665ec5b.jpg?v=1775811319,5,,,,,,,,,,,
salicylic-acid-foaming-facewash,,,,,,,,,,,,,,,,,,,,,,,,,https://cdn.shopify.com/s/files/1/0390/2985/files/07_d7b3583e-39c9-462b-8eff-8463672c862f.jpg?v=1775811319,6,,,,,,,,,,,
salicylic-acid-foaming-facewash,,,,,,,,,,,,,,,,,,,,,,,,,https://cdn.shopify.com/s/files/1/0390/2985/files/08_4ea98a88-5aa5-47e8-b173-5f569a0cb626.jpg?v=1775811319,7,,,,,,,,,,,
salicylic-acid-foaming-facewash,,,,,,,,,,,,,,,,,,,,,,,,,https://cdn.shopify.com/s/files/1/0390/2985/files/09_b0dcd07d-eea9-4e78-8085-a24fe64a8388.jpg?v=1775811319,8,,,,,,,,,,,
salicylic-acid-foaming-facewash,,,,,,,,,,,,,,,,,,,,,,,,,https://cdn.shopify.com/s/files/1/0390/2985/files/SalicylicAcidFoamingFaceWash_ListingImage_1.webp?v=1775811319,9,,,,,,,,,,,
salicylic-acid-foaming-facewash,,,,,,,,,,,,,,,,,,,,,,,,,https://cdn.shopify.com/s/files/1/0390/2985/files/03_e0c381dc-9e4c-46bf-8d66-2169e7b86fd9.jpg?v=1784549710,10,,,,,,,,,,,
salicylic-acid-foaming-facewash,,,,,,,,,,,,,,,,,,,,,,,,,https://cdn.shopify.com/s/files/1/0390/2985/files/04_e4887d4f-daa5-48f2-ae1a-e12b7788e3ff.jpg?v=1784549710,11,,,,,,,,,,,
salicylic-acid-foaming-facewash,,,,,,,,,,,,,,,,,,,,,,,,,https://cdn.shopify.com/s/files/1/0390/2985/files/05_1e62c62c-dbd9-4f9d-b2ec-f3bae6b0b570.jpg?v=1784549710,12,,,,,,,,,,,
salicylic-acid-foaming-facewash,,,,,,,,,,,,,,,,,,,,,,,,,https://cdn.shopify.com/s/files/1/0390/2985/files/06_161baca8-4fde-410f-8054-1965ed380b5d.jpg?v=1784549710,13,,,,,,,,,,,
salicylic-acid-foaming-facewash,,,,,,,,,,,,,,,,,,,,,,,,,https://cdn.shopify.com/s/files/1/0390/2985/files/07_559bfda3-58e1-4383-8717-0d0f7729e961.jpg?v=1784549710,14,,,,,,,,,,,
salicylic-acid-foaming-facewash,,,,,,,,,,,,,,,,,,,,,,,,,https://cdn.shopify.com/s/files/1/0390/2985/files/08_32b54539-f6b9-4451-af91-4dda1389a9ec.jpg?v=1784549709,15,,,,,,,,,,,
salicylic-acid-foaming-facewash,,,,,,,,,,,,,,,,,,,,,,,,,https://cdn.shopify.com/s/files/1/0390/2985/files/09_bc59e037-51c4-48e1-8909-75fbcab6db1f.jpg?v=1784549710,16,,,,,,,,,,,
salicylic-acid-foaming-facewash,,"<h4><b style=""color: #6f2c97;"" data-mce-style=""color: #6f2c97;"">salicylic acid face wash benefits:</b></h4>
<p style=""color: #6f2c97;"" data-mce-style=""color: #6f2c97;"">*fight acne, blackheads &amp; whiteheads <br>*provides gentle exfoliation <br>*deeply cleanses pores <br>*removes excess oil &amp; impurities</p>
<h4><b style=""color: #6f2c97;"" data-mce-style=""color: #6f2c97;""> features of salicylic acid face wash: </b></h4>
<p style=""color: #6f2c97;"" data-mce-style=""color: #6f2c97;"">*creamy rich foam <br>*gentle &amp; non-drying <br>*sulphate-free<span><b id=""docs-internal-guid-ff645ac4-7fff-6cd7-549c-94220a0bdc12""></b></span></p>",Plum Goodness,,Single,"1% Encapsulated Salicylic Acid Foaming Face Wash, 40offclean, allstock, App  Collection 4, aug_all, aug_under299, b2g2_cart_text, b2g2bday_2026, b3g3_cart_text, b4g4_cart_text, bday_b2g2, bday_rnd, bonkers_under299, BRAND_PLUM, breadcrumb_1_skincare_url_skincare, breadcrumb_2_face wash_url_foaming-cleansers-face-washes, bubble _Dry Skin, bubble _Face Wash, bubble_ Combination Skin, bubble_ Dry Skin, bubble_ Normal Skin, bubble_ Oily Skin, bubble_Musky, bubble_Salicylic Acid, Clean, combo of 2, CONCERNS2_Acne, CONCERNS2_Oil Control, CONCERNS2_Pimple, CONCERNS_Acne/Pimple/Oil Control, face cleansers for blackheads, face cleansers for dry skin, face wash, face wash for combination skin, face wash for oily acne prone skin, face wash for oily skin, face washes for acne prone skin, face washes for dry skin, facewash, july25_b2g2, june_pricedrop, MAINCATEGORY_SKIN, nightmarket_everyday essentials, oct_any3, oil free face wash, payday, price drop, RANGE_Salicylic Acid, Salicylic Acid Foaming Face Wash, Salicylic Face Wash, sep_200to400, sept_flat299, Single, SKINTYPE_All skin types, SUBCATEGORY_Face Wash, sulphate free face wash, summer_26",TRUE,Size,110 ml x 2,,,,,PLMU0SMTVRT499,0,,0,deny,manual,526.00,650.00,TRUE,TRUE,,,,,,,,,g,,,,,active